Codigo,Nombre_base,CodigoEstado_base,CodigoProveedorConsultado,FechaConsulta,Nombre_detalle,CodigoEstado_detalle,Estado,CodigoLicitacion,Descripcion,CodigoTipo,Tipo,TipoMoneda,CodigoEstadoProveedor,EstadoProveedor,TieneItems,PromedioCalificacion,CantidadEvaluacion,Descuentos,Cargos,TotalNeto,PorcentajeIva,Impuestos,Total,Financiamiento,Pais,TipoDespacho,FormaPago,Fechas.FechaCreacion,Fechas.FechaEnvio,Fechas.FechaAceptacion,Fechas.FechaCancelacion,Fechas.FechaUltimaModificacion,Comprador.CodigoOrganismo,Comprador.NombreOrganismo,Comprador.RutUnidad,Comprador.CodigoUnidad,Comprador.NombreUnidad,Comprador.Actividad,Comprador.DireccionUnidad,Comprador.ComunaUnidad,Comprador.RegionUnidad,Comprador.Pais,Comprador.NombreContacto,Comprador.CargoContacto,Comprador.FonoContacto,Comprador.MailContacto,Proveedor.Codigo,Proveedor.Nombre,Proveedor.Actividad,Proveedor.CodigoSucursal,Proveedor.NombreSucursal,Proveedor.RutSucursal,Proveedor.Direccion,Proveedor.Comuna,Proveedor.Region,Proveedor.Pais,Proveedor.NombreContacto,Proveedor.CargoContacto,Proveedor.FonoContacto,Proveedor.MailContacto,Items.Cantidad,Items.Listado,CategoriaProducto,FechaProcesamiento,Tipo_base,Estado_base,CodigoOrganismoPublico_base,NombreOrganismoPublico_base,FechaCreacion,FechaCierre,Tipo_detalle,Estado_detalle,NombreProductoGenerico,EspecificacionComprador,EspecificacionProveedor,CodigoOrganismoPublico_detalle,NombreOrganismoPublico_detalle,Monto
2085-172-CM26,recarga alimentacion,12,27693,27022026,recarga alimentacion,12,Recepción Conforme,,"Orden de Compra codigo: 2085-172-CM26 dirigida a EDENRED CHILE SOCIEDAD ANONIMA
Recarga alimentación Priloko Didaico.
Referente: SDA Maria Angel Jara Atenza",9,CM,CLP,7,Recepción Conforme,1,4.767676767676767,99,54000.0,0.0,1080000.0,19.0,194940.0,1220940.0,,CL,12,2,2026-02-23T08:57:08.687,2026-02-23T09:22:24.343,2026-02-23T11:44:06.787,,2026-02-23T09:00:00,7384,SERVICIO DE SALUD ARAUCANIA HOSPITAL DE TRAIGUEN,61.602.226-1,3080,Hospital Traiguén,HOSPITALES Y CLINICAS,21 de Mayo 751,,,CL,felipe hurtado belmar,,,,27693,EDENRED CHILE SOCIEDAD ANONIMA,"RESTAURANTES| OTROS TIPOS DE INTERMEDIACION MONETARIA N.C.P.| SOCIEDADES DE INVERSION Y RENTISTAS DE CAPITALES MOBILIARIOS EN GENERA| COMPRA, VENTA Y ALQUILER (EXCEPTO AMOBLADOS) DE INMUEBLES PROPIOS O AR| OTRAS ACTIVIDADES EMPRESARIALES N.C.P.",27623,EDENRED CHILE S.A.,96.781.350-8,"Avenida Andres Bello # 2687, piso 13.",,,CL,,Contacto,,,1,"[{'Correlativo': 1, 'CodigoCategoria': 0, 'Categoria': '', 'CodigoProducto': 0, 'Producto': 'ALIMENTACIÓN -  ', 'EspecificacionComprador': '(1964920) ALIMENTACIÓN -  ', 'EspecificacionProveedor': '(1964920) ALIMENTACIÓN -   ; Región Metropolitana de Santiago; Santiago; Direccion no aplica a productos virtuales; DESCUENTO 5,0%', 'Cantidad': 1.0, 'Unidad': None, 'Moneda': 'CLP', 'PrecioNeto': 1080000.0, 'TotalCargos': 0.0, 'TotalDescuentos': 0.0, 'TotalImpuestos': 0.0, 'Total': 1080000.0}]",ALIMENTACION,2026-02-28T02:57:47.004101,,,,,,,,,,,,,,
1382-187-SE26,"RC 186, RECARGA TARJETAS ALIMENTACION DESDE 1175-209-",6,27693,27022026,"RC 186, RECARGA TARJETAS ALIMENTACION DESDE 1175-209-",6,Aceptada,,"RECARGAS DE TARJETAS DE ALIMENTACIÓN FUNCIONARIOS MES MARZO 2026 DESDE LICITACIÓN 1175-209-LR24. 
MONTO A CARGAR: $ $18.355.500.- ",8,SE,CLP,4,Aceptada,1,4.767676767676767,99,748102.0,0.0,15424790.0,19.0,2788571.0,17465259.0,,CL,7,2,2026-02-27T11:25:32.963,2026-02-27T11:59:17.39,2026-02-27T13:54:03.61,,2026-02-27T11:33:00,7133,Consultorio Miraflores,70.744.700-1,2378,Consultorio Miraflores,HOSPITALES Y CLINICAS,Miraflores 1369,Temuco,Región de la Araucanía ,CL,Juan Mariano,,,,27693,EDENRED CHILE SOCIEDAD ANONIMA,RESTAURANTES| OTROS TIPOS DE INTERMEDIACION MONETA,27623,EDENRED CHILE S.A.,96.781.350-8,"Avenida Andres Bello # 2687, piso 13.",Las Condes,Región Metropolitana de Santiago,CL,YASMIN GUERRA,ADMINISTRATIVA MERCADO PUBLICO,,,1,"[{'Correlativo': 1, 'CodigoCategoria': 85101700, 'Categoria': 'Salud, servicios sanitarios y alimentación / Servicios para el cuidado de la salud de las personas / Servicios gerenciales y administrativos para el sector salud', 'CodigoProducto': 85101705, 'Producto': 'Administración de salud pública', 'EspecificacionComprador': 'RECARGAS DE TARJETAS DE ALIMENTACIÓN FUNCIONARIOS MES MARZO 2026 DESDE LICITACIÓN 1175-209-LR24. MONTO A CARGAR $ $18.355.500.- \r\nDESCUENTO ASOCIADO DE 4,85%', 'EspecificacionProveedor': 'RECARGAS DE TARJETAS DE ALIMENTACIÓN FUNCIONARIOS MES MARZO 2026 DESDE LICITACIÓN 1175-209-LR24. MONTO A CARGAR $ $18.355.500.- \r\nDESCUENTO ASOCIADO DE 4,85%', 'Cantidad': 1.0, 'Unidad': None, 'Moneda': 'CLP', 'PrecioNeto': 15424790.0, 'TotalCargos': 0.0, 'TotalDescuentos': 0.0, 'TotalImpuestos': 0.0, 'Total': 15424790.0}]",ALIMENTACION,2026-02-28T02:57:47.004101,,,,,,,,,,,,,,
1079694-46-CM26,"RECARGA DE TARJETAS DE ALIMENTACIÓN FISCAL DE LA ZONA DE CARABINEROS DE LOS RÍOS, CORRESPONDIENTE AL MES DE FEBRERO DEL 2026.",12,27693,27022026,"RECARGA DE TARJETAS DE ALIMENTACIÓN FISCAL DE LA ZONA DE CARABINEROS DE LOS RÍOS, CORRESPONDIENTE AL MES DE FEBRERO DEL 2026.",12,Recepción Conforme,,Orden de Compra codigo: 1079694-46-CM26 dirigida a EDENRED CHILE SOCIEDAD ANONIMA,9,CM,CLP,7,Recepción Conforme,1,4.767676767676767,99,1162059.0,0.0,23241176.0,19.0,4195032.0,26274149.0,"C.R.N°69_FF/2026.     ÍTEM:22.01.001.,02.,04.   FI:00001878.",CL,12,2,2026-02-17T16:38:26.15,2026-02-17T16:47:58.97,2026-02-18T09:15:29.923,,2026-02-27T11:41:00,113812,DIRECCION DE LOGISTICA DE CARABINEROS,60.505.523-0,1079694,SECCIÓN COMPRAS ZONA DE CARABINEROS DE LOS RIOS,COMPRAS XIV ZONA LOS RÍOS,"BEAUCHEF N° 1025, VALDIVIA XIV",Valdivia,Región de Los Ríos,CL,Juan Pablo Herrera Uherek,,,,27693,EDENRED CHILE SOCIEDAD ANONIMA,"RESTAURANTES| OTROS TIPOS DE INTERMEDIACION MONETARIA N.C.P.| SOCIEDADES DE INVERSION Y RENTISTAS DE CAPITALES MOBILIARIOS EN GENERA| COMPRA, VENTA Y ALQUILER (EXCEPTO AMOBLADOS) DE INMUEBLES PROPIOS O AR| OTRAS ACTIVIDADES EMPRESARIALES N.C.P.",27623,EDENRED CHILE S.A.,96.781.350-8,"Avenida Andres Bello # 2687, piso 13.",,,CL,,Contacto,,,1,"[{'Correlativo': 1, 'CodigoCategoria': 0, 'Categoria': '', 'CodigoProducto': 0, 'Producto': 'ALIMENTACIÓN -  ', 'EspecificacionComprador': '(1964920) ALIMENTACIÓN -  ', 'EspecificacionProveedor': '(1964920) ALIMENTACIÓN -   ; Región Metropolitana de Santiago; Santiago; Direccion no aplica a productos virtuales; DESCUENTO 5,0%', 'Cantidad': 1.0, 'Unidad': None, 'Moneda': 'CLP', 'PrecioNeto': 23241176.0, 'TotalCargos': 0.0, 'TotalDescuentos': 0.0, 'TotalImpuestos': 0.0, 'Total': 23241176.0}]",ALIMENTACION,2026-02-28T02:57:47.004101,,,,,,,,,,,,,,
1079969-231-CM24,BENEFICIO RECARGA TARJETA DE ALIMENTACIÓN MES DICIEMBRE POR UN VALOR TOTAL DE $897.500.- PARA LA PREFECTURA OS.11,12,27693,27022026,BENEFICIO RECARGA TARJETA DE ALIMENTACIÓN MES DICIEMBRE POR UN VALOR TOTAL DE $897.500.- PARA LA PREFECTURA OS.11,12,Recepción Conforme,,"RACIONES OPERATIVAS 	 $ 47.500 
RACIONES ADMINISTRATIVAS 	 $ 850.000 
",9,CM,CLP,7,Recepción Conforme,1,4.767676767676767,99,37710.0,0.0,754202.0,19.0,136133.0,852625.0,,CL,12,2,2024-12-20T09:15:41.057,2024-12-20T17:19:46.42,2024-12-23T10:55:54.417,,2024-12-20T15:37:00,113812,DIRECCION DE LOGISTICA DE CARABINEROS,61.944.800-6,1079969,SECCIÓN COMPRAS ZONA SEG PRIV CONTROL ARMAS Y EXPL,COMPRAS SECCIÓN SEG PRIV CONT ARMAS Y EXPLOSIVOS,PASEO HUERFANOS N° 540 SANTIAGO,,,CL,Nicol Priscila Paisil Marin,,,,27693,EDENRED CHILE SOCIEDAD ANONIMA,"RESTAURANTES| OTROS TIPOS DE INTERMEDIACION MONETARIA N.C.P.| SOCIEDADES DE INVERSION Y RENTISTAS DE CAPITALES MOBILIARIOS EN GENERA| COMPRA, VENTA Y ALQUILER (EXCEPTO AMOBLADOS) DE INMUEBLES PROPIOS O AR| OTRAS ACTIVIDADES EMPRESARIALES N.C.P.",27623,EDENRED CHILE S.A.,96.781.350-8,"Avenida Andres Bello # 2687, piso 13.",,,CL,,Contacto,,,1,"[{'Correlativo': 1, 'CodigoCategoria': 0, 'Categoria': '', 'CodigoProducto': 0, 'Producto': 'ALIMENTACIÓN -  ', 'EspecificacionComprador': '(1964920) ALIMENTACIÓN -  ', 'EspecificacionProveedor': '(1964920) ALIMENTACIÓN -   ; Región Metropolitana de Santiago; Santiago; Direccion no aplica a productos virtuales; DESCUENTO 5,0%', 'Cantidad': 1.0, 'Unidad': None, 'Moneda': 'CLP', 'PrecioNeto': 754202.0, 'TotalCargos': 0.0, 'TotalDescuentos': 0.0, 'TotalImpuestos': 0.0, 'Total': 754202.0}]",ALIMENTACION,2026-02-28T02:57:47.004101,,,,,,,,,,,,,,
2170-185-CM26,TURNOS DIA (TURNANTES) MARZO 2026:,6,27693,27022026,TURNOS DIA (TURNANTES) MARZO 2026:,6,Aceptada,,Orden de Compra codigo: 2170-185-CM26 dirigida a EDENRED CHILE SOCIEDAD ANONIMA,9,CM,CLP,4,Aceptada,1,4.767676767676767,99,187752.0,0.0,3755042.0,19.0,677785.0,4245075.0,,CL,12,2,2026-02-24T15:56:13.06,2026-02-27T09:28:31.993,2026-02-27T10:53:09.69,,2026-02-25T15:10:00,7486,HOSPITAL DE LA FAMILIA Y LA COMUNIDAD SANTO TOMAS DE LIMACHE,61.606.606-4,3165,Abastecimiento Hospital Limache,,Carelmapu S/Nº,Limache,Región de Valparaíso ,CL,Rodrigo Mesa Taha,,,,27693,EDENRED CHILE SOCIEDAD ANONIMA,"RESTAURANTES| OTROS TIPOS DE INTERMEDIACION MONETARIA N.C.P.| SOCIEDADES DE INVERSION Y RENTISTAS DE CAPITALES MOBILIARIOS EN GENERA| COMPRA, VENTA Y ALQUILER (EXCEPTO AMOBLADOS) DE INMUEBLES PROPIOS O AR| OTRAS ACTIVIDADES EMPRESARIALES N.C.P.",27623,EDENRED CHILE S.A.,96.781.350-8,"Avenida Andres Bello # 2687, piso 13.",,,CL,,Contacto,,,1,"[{'Correlativo': 1, 'CodigoCategoria': 0, 'Categoria': '', 'CodigoProducto': 0, 'Producto': 'ALIMENTACIÓN -  ', 'EspecificacionComprador': '(1964920) ALIMENTACIÓN -  ', 'EspecificacionProveedor': '(1964920) ALIMENTACIÓN -   ; Región Metropolitana de Santiago; Santiago; Direccion no aplica a productos virtuales; DESCUENTO 5,0%', 'Cantidad': 1.0, 'Unidad': None, 'Moneda': 'CLP', 'PrecioNeto': 3755042.0, 'TotalCargos': 0.0, 'TotalDescuentos': 0.0, 'TotalImpuestos': 0.0, 'Total': 3755042.0}]",ALIMENTACION,2026-02-28T02:57:47.004101,,,,,,,,,,,,,,
1005498-24-CM26,Adquisición 69 tarjetas de vestuario y calzado para la CMF,6,27693,27022026,Adquisición 69 tarjetas de vestuario y calzado para la CMF,6,Aceptada,,Orden de Compra codigo: 1005498-24-CM26 dirigida a EDENRED CHILE SOCIEDAD ANONIMA,9,CM,CLP,4,Aceptada,1,4.767676767676767,99,6187504.0,0.0,51562537.0,0.0,0.0,45375033.0,213,CL,12,2,2026-02-25T10:39:31.533,2026-02-27T12:16:47.757,2026-02-27T14:14:25.003,,2026-02-25T10:58:00,7016,COMISION PARA EL MERCADO FINANCIERO,60.810.000-8,1005498,COMISION PARA EL MERCADO FINANCIERO,Organismo Fiscalizador,"Av. Lib. Bernardo O'higgins 1449, piso 2, torre II",Santiago Centro,Región Metropolitana de Santiago,CL,Nadia Castro Jara,,,,27693,EDENRED CHILE SOCIEDAD ANONIMA,"RESTAURANTES| OTROS TIPOS DE INTERMEDIACION MONETARIA N.C.P.| SOCIEDADES DE INVERSION Y RENTISTAS DE CAPITALES MOBILIARIOS EN GENERA| COMPRA, VENTA Y ALQUILER (EXCEPTO AMOBLADOS) DE INMUEBLES PROPIOS O AR| OTRAS ACTIVIDADES EMPRESARIALES N.C.P.",27623,EDENRED CHILE S.A.,96.781.350-8,"Avenida Andres Bello # 2687, piso 13.",,,CL,,Contacto,,,1,"[{'Correlativo': 1, 'CodigoCategoria': 0, 'Categoria': '', 'CodigoProducto': 0, 'Producto': 'VESTUARIO Y CALZADO -  ', 'EspecificacionComprador': '(1964922) VESTUARIO Y CALZADO -  ', 'EspecificacionProveedor': '(1964922) VESTUARIO Y CALZADO -   ; Región Metropolitana de Santiago; Santiago; Direccion no aplica a productos virtuales; DESCUENTO 12,0%', 'Cantidad': 1.0, 'Unidad': None, 'Moneda': 'CLP', 'PrecioNeto': 51562537.0, 'TotalCargos': 0.0, 'TotalDescuentos': 0.0, 'TotalImpuestos': 0.0, 'Total': 51562537.0}]",VESTUARIO_Y_CALZADO,2026-02-28T02:57:47.004101,,,,,,,,,,,,,,
1099899-51-CM26,ALIMENTACIÓN FUNCIONARIOS FEBRERO QUICALCURA Orden de Compra: 1099899-51-CM26,6,27693,27022026,ALIMENTACIÓN FUNCIONARIOS FEBRERO QUICALCURA Orden de Compra: 1099899-51-CM26,6,Aceptada,,"QUICALCURA, requiere la compra de Beneficio Alimentación mes de FEBRERO Orden de Compra codigo: 1099899-51-CM26 dirigida a EDENRED CHILE SOCIEDAD ANONIMA",9,CM,CLP,4,Aceptada,1,4.767676767676767,99,56521.0,0.0,1130420.0,19.0,204041.0,1277940.0,,CL,12,2,2026-02-26T17:18:27.66,2026-02-27T14:43:34.423,2026-02-27T14:51:23.79,,2026-02-27T12:00:00,1688788,CENTRO SALUD MENTAL COMUNITARIA LOS ANDES,62.000.630-0,1099899,BIENES Y SERVICIOS,HOSPITALES Y CLÍNICAS,O'HIGGINS N°470,Los Andes,Región de Valparaíso ,CL,Paulina Varas Rojas,,,,27693,EDENRED CHILE SOCIEDAD ANONIMA,"RESTAURANTES| OTROS TIPOS DE INTERMEDIACION MONETARIA N.C.P.| SOCIEDADES DE INVERSION Y RENTISTAS DE CAPITALES MOBILIARIOS EN GENERA| COMPRA, VENTA Y ALQUILER (EXCEPTO AMOBLADOS) DE INMUEBLES PROPIOS O AR| OTRAS ACTIVIDADES EMPRESARIALES N.C.P.",27623,EDENRED CHILE S.A.,96.781.350-8,"Avenida Andres Bello # 2687, piso 13.",,,CL,,Contacto,,,1,"[{'Correlativo': 1, 'CodigoCategoria': 0, 'Categoria': '', 'CodigoProducto': 0, 'Producto': 'ALIMENTACIÓN -  ', 'EspecificacionComprador': '(1964920) ALIMENTACIÓN -  ', 'EspecificacionProveedor': '(1964920) ALIMENTACIÓN -   ; Región Metropolitana de Santiago; Santiago; Direccion no aplica a productos virtuales; DESCUENTO 5,0%', 'Cantidad': 1.0, 'Unidad': None, 'Moneda': 'CLP', 'PrecioNeto': 1130420.0, 'TotalCargos': 0.0, 'TotalDescuentos': 0.0, 'TotalImpuestos': 0.0, 'Total': 1130420.0}]",ALIMENTACION,2026-02-28T02:57:47.004101,,,,,,,,,,,,,,
1078177-51-CM26,ADQUISICIÓN DE RECARGA DE ALIMENTACIÓN FISCAL MES ENERO P.M. ZONA,12,27693,27022026,ADQUISICIÓN DE RECARGA DE ALIMENTACIÓN FISCAL MES ENERO P.M. ZONA,12,Recepción Conforme,,"EL MONTO DE RECARGA CORRESPONDE A
 $ 3.336.000.-",9,CM,CLP,7,Recepción Conforme,1,4.767676767676767,99,140168.0,0.0,2803361.0,19.0,506007.0,3169200.0,FI00001195,CL,12,2,2026-02-13T10:01:24.017,2026-02-16T10:08:12.77,2026-02-16T13:54:05.253,,2026-02-16T09:32:00,113812,DIRECCION DE LOGISTICA DE CARABINEROS,60.505.522-2,1078177,SECCIÓN COMPRAS ZONA DE CARABINEROS ARAUCANIA,IX ZONA DE CARABINEROS ARAUCANÍA,CLARO SOLAR 1286 DPTO APOYO A LAS OPER. POL. ,Temuco,Región de la Araucanía ,CL,Ana María Sierra Lucero,,,,27693,EDENRED CHILE SOCIEDAD ANONIMA,"RESTAURANTES| OTROS TIPOS DE INTERMEDIACION MONETARIA N.C.P.| SOCIEDADES DE INVERSION Y RENTISTAS DE CAPITALES MOBILIARIOS EN GENERA| COMPRA, VENTA Y ALQUILER (EXCEPTO AMOBLADOS) DE INMUEBLES PROPIOS O AR| OTRAS ACTIVIDADES EMPRESARIALES N.C.P.",27623,EDENRED CHILE S.A.,96.781.350-8,"Avenida Andres Bello # 2687, piso 13.",,,CL,,Contacto,,,1,"[{'Correlativo': 1, 'CodigoCategoria': 0, 'Categoria': '', 'CodigoProducto': 0, 'Producto': 'ALIMENTACIÓN -  ', 'EspecificacionComprador': '(1964920) ALIMENTACIÓN -  ', 'EspecificacionProveedor': '(1964920) ALIMENTACIÓN -   ; Región Metropolitana de Santiago; Santiago; Direccion no aplica a productos virtuales; DESCUENTO 5,0%', 'Cantidad': 1.0, 'Unidad': None, 'Moneda': 'CLP', 'PrecioNeto': 2803361.0, 'TotalCargos': 0.0, 'TotalDescuentos': 0.0, 'TotalImpuestos': 0.0, 'Total': 2803361.0}]",ALIMENTACION,2026-02-28T02:57:47.004101,,,,,,,,,,,,,,
3355-56-CM26,TARJETAS DE ALIMENTACIÓN,6,27693,27022026,TARJETAS DE ALIMENTACIÓN,6,Aceptada,,"ADQUISICIÓN DE TARJETAS DE ALIMENTACIÓN PARA SER EMPLEADAS EN COMISIONES DE SERVICIO DEL DESTACAMENTO.
ORDEN SIGLE N° 333580
GIRO: DEFENSA
FACTURAR A NOMBRE DE : DESTACAMENTO DE MONTAÑA N° 17 LOS ANGELES",9,CM,CLP,4,Aceptada,1,4.767676767676767,99,83590.0,0.0,1671810.0,19.0,301762.0,1889981.0,22-01-001,CL,12,2,2026-02-19T14:33:50.823,2026-02-26T17:15:19.273,2026-02-27T12:13:38.03,,2026-02-26T16:48:00,111870,DIVISION LOGISTICA DEL EJERCITO,61.101.076-1,4276,Destacamento Montaña Nº 17 Los Ángeles-DESMÑA N°17,,Avenida Ercilla S/N,Los Angeles,Región del Biobío ,CL,Juan Carriel Riquelme,,,,27693,EDENRED CHILE SOCIEDAD ANONIMA,"RESTAURANTES| OTROS TIPOS DE INTERMEDIACION MONETARIA N.C.P.| SOCIEDADES DE INVERSION Y RENTISTAS DE CAPITALES MOBILIARIOS EN GENERA| COMPRA, VENTA Y ALQUILER (EXCEPTO AMOBLADOS) DE INMUEBLES PROPIOS O AR| OTRAS ACTIVIDADES EMPRESARIALES N.C.P.",27623,EDENRED CHILE S.A.,96.781.350-8,"Avenida Andres Bello # 2687, piso 13.",,,CL,,Contacto,,,1,"[{'Correlativo': 1, 'CodigoCategoria': 0, 'Categoria': '', 'CodigoProducto': 0, 'Producto': 'ALIMENTACIÓN -  ', 'EspecificacionComprador': '(1964920) ALIMENTACIÓN -  ', 'EspecificacionProveedor': '(1964920) ALIMENTACIÓN -   ; Región Metropolitana de Santiago; Santiago; Direccion no aplica a productos virtuales; DESCUENTO 5,0%', 'Cantidad': 1.0, 'Unidad': None, 'Moneda': 'CLP', 'PrecioNeto': 1671810.0, 'TotalCargos': 0.0, 'TotalDescuentos': 0.0, 'TotalImpuestos': 0.0, 'Total': 1671810.0}]",ALIMENTACION,2026-02-28T02:57:47.004101,,,,,,,,,,,,,,
1057499-681-SE25,RECARGA TARJETA DE ALIMENTACIÓN GRAN COMPRA 79326,12,27693,27022026,RECARGA TARJETA DE ALIMENTACIÓN GRAN COMPRA 79326,12,Recepción Conforme,,RECARGA TARJETA DE ALIMENTACIÓN GRAN COMPRA 79326,8,SE,CLP,7,Recepción Conforme,1,4.767676767676767,99,67226891.0,0.0,1344537815.0,19.0,242689076.0,1520000000.0,7,CL,7,2,2025-12-10T10:28:43.18,2026-01-14T14:44:33.277,2026-01-14T17:36:53.15,,2026-01-16T08:37:00,7006,SERVICIO DE SALUD SUR UNIDAD HOSPITALARI,61.608.108-K,1057499,Bienes y Servicios,Salud,Avenida Santa Rosa # 3453,San Miguel,Región Metropolitana de Santiago,CL,Gabriela Daza,Coordinadora Gestión de Contratos,,,27693,EDENRED CHILE SOCIEDAD ANONIMA,RESTAURANTES| OTROS TIPOS DE INTERMEDIACION MONETA,27623,EDENRED CHILE S.A.,96.781.350-8,"Avenida Andres Bello # 2687, piso 13.",Las Condes,Región Metropolitana de Santiago,CL,YASMIN GUERRA,ADMINISTRATIVA MERCADO PUBLICO,,,1,"[{'Correlativo': 1, 'CodigoCategoria': 93131600, 'Categoria': 'Organizaciones y consultorías políticas, demográficas, económicas, sociales y de administración pública / Ayuda y asistencia humanitaria / Política, planificación y programas de alimentación y nutrición', 'CodigoProducto': 93131608, 'Producto': 'Servicios de suministro de alimentos', 'EspecificacionComprador': 'Recarga de tarjeta de alimentación por 36 meses ', 'EspecificacionProveedor': 'Recarga de tarjeta de alimentación por 36 meses', 'Cantidad': 1.0, 'Unidad': None, 'Moneda': 'CLP', 'PrecioNeto': 1344537815.0, 'TotalCargos': 0.0, 'TotalDescuentos': 0.0, 'TotalImpuestos': 0.0, 'Total': 1344537815.0}]",ALIMENTACION,2026-02-28T02:57:47.004101,,,,,,,,,,,,,,
1079639-95-CM26,"ALIMENTACION FISCAL MES DE FEBRERO, FALTANTE COLACIONES",12,27693,27022026,"ALIMENTACION FISCAL MES DE FEBRERO, FALTANTE COLACIONES",12,Recepción Conforme,,Orden de Compra codigo: 1079639-95-CM26 dirigida a EDENRED CHILE SOCIEDAD ANONIMA,9,CM,CLP,7,Recepción Conforme,1,4.767676767676767,99,193613.0,0.0,3872269.0,19.0,698945.0,4377600.0,4377600,CL,12,2,2026-02-25T10:42:21.447,2026-02-25T10:45:33.677,2026-02-25T11:54:38.283,,2026-02-25T10:44:00,113812,DIRECCION DE LOGISTICA DE CARABINEROS,61.979.300-5,1079639,SECCIÓN COMPRAS ZONA DE CARABINEROS LOS LAGOS,COMPRAS X ZONA LOS LAGOS,"MIRAMAR N° 1500, X REGIÓN ,CIUDAD PUERTO MONTT",Puerto Montt,Región de los Lagos ,CL,Pablo Jara Chacur,,,,27693,EDENRED CHILE SOCIEDAD ANONIMA,"RESTAURANTES| OTROS TIPOS DE INTERMEDIACION MONETARIA N.C.P.| SOCIEDADES DE INVERSION Y RENTISTAS DE CAPITALES MOBILIARIOS EN GENERA| COMPRA, VENTA Y ALQUILER (EXCEPTO AMOBLADOS) DE INMUEBLES PROPIOS O AR| OTRAS ACTIVIDADES EMPRESARIALES N.C.P.",27623,EDENRED CHILE S.A.,96.781.350-8,"Avenida Andres Bello # 2687, piso 13.",,,CL,,Contacto,,,1,"[{'Correlativo': 1, 'CodigoCategoria': 0, 'Categoria': '', 'CodigoProducto': 0, 'Producto': 'ALIMENTACIÓN -  ', 'EspecificacionComprador': '(1964920) ALIMENTACIÓN -  ', 'EspecificacionProveedor': '(1964920) ALIMENTACIÓN -   ; Región Metropolitana de Santiago; Santiago; Direccion no aplica a productos virtuales; DESCUENTO 5,0%', 'Cantidad': 1.0, 'Unidad': None, 'Moneda': 'CLP', 'PrecioNeto': 3872269.0, 'TotalCargos': 0.0, 'TotalDescuentos': 0.0, 'TotalImpuestos': 0.0, 'Total': 3872269.0}]",ALIMENTACION,2026-02-28T02:57:47.004101,,,,,,,,,,,,,,
1079580-30-CM26,"ADQ. DE RACIONES FISCALES PARA LA ZONA DE CARABINEROS ÑUBLE, MES DE FEBRERO AÑO 2026. ",6,27693,27022026,"ADQ. DE RACIONES FISCALES PARA LA ZONA DE CARABINEROS ÑUBLE, MES DE FEBRERO AÑO 2026. ",6,Aceptada,,"RECARGA DE TARJETA MES DE FEBRERO 2026, PARA EL PERSONAL DE ESTA ALTA REPARTICIÓN, REPARTICIÓN Y SERVICIOS ESPECIALIZADOS.

FACTURA  DEBE SER EMITIDA A RAZON SOCIAL: 
XVI ZONA DE CARABINEROS ÑUBLE.
RUT: 62.000.520-7
DIRECCIÓN: GAMERO NRO. 1196, CHILLAN
 
",9,CM,CLP,4,Aceptada,1,4.767676767676767,99,1327815.0,0.0,26556303.0,19.0,4793413.0,30021901.0,,CL,12,2,2026-02-26T17:25:48.543,2026-02-27T12:33:18.587,2026-02-27T14:13:14.21,,2026-02-27T12:32:00,113812,DIRECCION DE LOGISTICA DE CARABINEROS,62.000.520-7,1079580,SECCIÓN COMPRAS ZONA DE CARABINEROS ÑUBLE,COMPRAS XVI ZONA ÑUBLE,"GAMERO NRO. 1196, CHILLAN ",Chillán,Región del Ñuble,CL,JACQUELINE MORAGA,,,,27693,EDENRED CHILE SOCIEDAD ANONIMA,"RESTAURANTES| OTROS TIPOS DE INTERMEDIACION MONETARIA N.C.P.| SOCIEDADES DE INVERSION Y RENTISTAS DE CAPITALES MOBILIARIOS EN GENERA| COMPRA, VENTA Y ALQUILER (EXCEPTO AMOBLADOS) DE INMUEBLES PROPIOS O AR| OTRAS ACTIVIDADES EMPRESARIALES N.C.P.",27623,EDENRED CHILE S.A.,96.781.350-8,"Avenida Andres Bello # 2687, piso 13.",,,CL,,Contacto,,,1,"[{'Correlativo': 1, 'CodigoCategoria': 0, 'Categoria': '', 'CodigoProducto': 0, 'Producto': 'ALIMENTACIÓN -  ', 'EspecificacionComprador': '(1964920) ALIMENTACIÓN -  ', 'EspecificacionProveedor': '(1964920) ALIMENTACIÓN -   ; Región Metropolitana de Santiago; Santiago; Direccion no aplica a productos virtuales; DESCUENTO 5,0%', 'Cantidad': 1.0, 'Unidad': None, 'Moneda': 'CLP', 'PrecioNeto': 26556303.0, 'TotalCargos': 0.0, 'TotalDescuentos': 0.0, 'TotalImpuestos': 0.0, 'Total': 26556303.0}]",ALIMENTACION,2026-02-28T02:57:47.004101,,,,,,,,,,,,,,
1079639-81-CM26,"ALIMENTACION MES DE FEBRERO, PARA TOTALIDAD DE PREFECTURAS Y REPARTICIONES DEPENDIENTES ZONA LOS LAGOS",12,27693,27022026,"ALIMENTACION MES DE FEBRERO, PARA TOTALIDAD DE PREFECTURAS Y REPARTICIONES DEPENDIENTES ZONA LOS LAGOS",12,Recepción Conforme,,Orden de Compra codigo: 1079639-81-CM26 dirigida a EDENRED CHILE SOCIEDAD ANONIMA,9,CM,CLP,7,Recepción Conforme,1,4.767676767676767,99,2695882.0,0.0,53917647.0,19.0,9732135.0,60953900.0,,CL,12,2,2026-02-18T16:47:50.43,2026-02-18T16:53:24.617,2026-02-19T13:36:29.65,,2026-02-18T16:53:00,113812,DIRECCION DE LOGISTICA DE CARABINEROS,61.979.300-5,1079639,SECCIÓN COMPRAS ZONA DE CARABINEROS LOS LAGOS,COMPRAS X ZONA LOS LAGOS,"MIRAMAR N° 1500, X REGIÓN ,CIUDAD PUERTO MONTT",Puerto Montt,Región de los Lagos ,CL,Pablo Jara Chacur,,,,27693,EDENRED CHILE SOCIEDAD ANONIMA,"RESTAURANTES| OTROS TIPOS DE INTERMEDIACION MONETARIA N.C.P.| SOCIEDADES DE INVERSION Y RENTISTAS DE CAPITALES MOBILIARIOS EN GENERA| COMPRA, VENTA Y ALQUILER (EXCEPTO AMOBLADOS) DE INMUEBLES PROPIOS O AR| OTRAS ACTIVIDADES EMPRESARIALES N.C.P.",27623,EDENRED CHILE S.A.,96.781.350-8,"Avenida Andres Bello # 2687, piso 13.",,,CL,,Contacto,,,1,"[{'Correlativo': 1, 'CodigoCategoria': 0, 'Categoria': '', 'CodigoProducto': 0, 'Producto': 'ALIMENTACIÓN -  ', 'EspecificacionComprador': '(1964920) ALIMENTACIÓN -  ', 'EspecificacionProveedor': '(1964920) ALIMENTACIÓN -   ; Región Metropolitana de Santiago; Santiago; Direccion no aplica a productos virtuales; DESCUENTO 5,0%', 'Cantidad': 1.0, 'Unidad': None, 'Moneda': 'CLP', 'PrecioNeto': 53917647.0, 'TotalCargos': 0.0, 'TotalDescuentos': 0.0, 'TotalImpuestos': 0.0, 'Total': 53917647.0}]",ALIMENTACION,2026-02-28T02:57:47.004101,,,,,,,,,,,,,,
594965-21-SE26,Servicio de Alimentación MARZO 2026,6,27693,27022026,Servicio de Alimentación MARZO 2026,6,Aceptada,594965-6-LQ24,"Servicio de alimentación marzo 2026, según licitación publica 594965-6-LQ24.-",8,SE,CLP,4,Aceptada,1,4.767676767676767,99,131555.0,0.0,4243697.0,19.0,781307.0,4893449.0,,CL,22,2,2026-02-27T13:27:33.41,2026-02-27T15:07:47.597,2026-02-27T15:35:57.383,,2026-02-27T13:49:00,1172700,FUNDACION EDUCACIONAL PARA EL DESAROLLO INTEGRAL DE LA NIÑEZ,70.574.900-0,594965,Regional Lib Bdo Ohiggins,IENTOS DE ENSENANZA PREESCOLAR| SERVICIOS SOCIALES CON ALOJAMIENTO,OCARROL 0145 RANCAGUA,Rancagua,Región del Libertador General Bernardo O´Higgins,CL,Nicolás Alonso González Soto,Analista,,,27693,EDENRED CHILE SOCIEDAD ANONIMA,RESTAURANTES| OTROS TIPOS DE INTERMEDIACION MONETA,27623,EDENRED CHILE S.A.,96.781.350-8,"Avenida Andres Bello # 2687, piso 13.",Las Condes,Región Metropolitana de Santiago,CL,YASMIN GUERRA,ADMINISTRATIVA MERCADO PUBLICO,,,1,"[{'Correlativo': 1, 'CodigoCategoria': 90101600, 'Categoria': 'Servicios de Viajes, alimentación, alojamiento y entretenimiento / Restaurantes y catering / Servicios de comedor y banquetes', 'CodigoProducto': 90101603, 'Producto': 'Servicios de catering', 'EspecificacionComprador': 'SERVICIO DE\r\nALIMENTACION\r\nOFICINA REGIONAL\r\nREGION OHIGGINS.-', 'EspecificacionProveedor': 'SERVICIO DE\r\nALIMENTACION\r\nOFICINA REGIONAL\r\nREGION OHIGGINS.-', 'Cantidad': 1.0, 'Unidad': None, 'Moneda': 'CLP', 'PrecioNeto': 4243697.0, 'TotalCargos': 0.0, 'TotalDescuentos': 0.0, 'TotalImpuestos': 0.0, 'Total': 4243697.0}]",ALIMENTACION,2026-02-28T02:57:47.004101,,,,,,,,,,,,,,
635-197-CM26,ADMINISTRACION BENEFICIO DE ALIMENTACION,6,27693,27022026,ADMINISTRACION BENEFICIO DE ALIMENTACION,6,Aceptada,,"CPP 1212, OT 179 SDRRHH. ADM BENEFICIO DE ALIMENTACION PERIODO 6 DE ENERO 2026 AL 5 DE FEBRERO 2026.",9,CM,CLP,4,Aceptada,1,4.767676767676767,99,1920798.0,0.0,38415966.0,19.0,6934082.0,43429250.0,605,CL,12,2,2026-02-27T12:17:22.793,2026-02-27T12:55:29.99,2026-02-27T13:53:57.22,,2026-02-27T12:55:00,6926,SERVICIO DE SALUD DE ARICA Y PARINACOTA,61.606.000-7,1631,SERVICIO DE SALUD DE ARICA,HOSPITALES Y CLINICAS,"Arturo Prat 305, Primer Piso",Arica,Región de Arica y Parinacota,CL,Isabel Cohaila Moreno,,,,27693,EDENRED CHILE SOCIEDAD ANONIMA,"RESTAURANTES| OTROS TIPOS DE INTERMEDIACION MONETARIA N.C.P.| SOCIEDADES DE INVERSION Y RENTISTAS DE CAPITALES MOBILIARIOS EN GENERA| COMPRA, VENTA Y ALQUILER (EXCEPTO AMOBLADOS) DE INMUEBLES PROPIOS O AR| OTRAS ACTIVIDADES EMPRESARIALES N.C.P.",27623,EDENRED CHILE S.A.,96.781.350-8,"Avenida Andres Bello # 2687, piso 13.",,,CL,,Contacto,,,1,"[{'Correlativo': 1, 'CodigoCategoria': 0, 'Categoria': '', 'CodigoProducto': 0, 'Producto': 'ALIMENTACIÓN -  ', 'EspecificacionComprador': '(1964920) ALIMENTACIÓN -  ', 'EspecificacionProveedor': '(1964920) ALIMENTACIÓN -   ; Región Metropolitana de Santiago; Santiago; Direccion no aplica a productos virtuales; DESCUENTO 5,0%', 'Cantidad': 1.0, 'Unidad': None, 'Moneda': 'CLP', 'PrecioNeto': 38415966.0, 'TotalCargos': 0.0, 'TotalDescuentos': 0.0, 'TotalImpuestos': 0.0, 'Total': 38415966.0}]",ALIMENTACION,2026-02-28T02:57:47.004101,,,,,,,,,,,,,,
1057415-2789-CM26,CM-BENEFICIO DE ALIMENTACION ENERO-REQ.1.22.01.001.002-HFCN44574-(cmv),12,27693,27022026,CM-BENEFICIO DE ALIMENTACION ENERO-REQ.1.22.01.001.002-HFCN44574-(cmv),12,Recepción Conforme,,"HFCN44574- Unidad Finanzas
MES ENERO 2026
DATOS DE CONTACTO PEDRO ALBIAL GONZALEZ 432333021
pedro.albial@ssbiobio.cl",9,CM,CLP,7,Recepción Conforme,1,4.767676767676767,99,1021672.0,0.0,20433437.0,19.0,3688235.0,23100001.0,,CL,12,2,2026-02-12T14:18:52.063,2026-02-12T14:33:04.49,2026-02-12T15:05:47.647,,2026-02-12T14:25:00,7388,SERVICIO SALUD BIO BIO HOSPITAL NACIMIENTO,61.602.220-2,1057415,Bienes y Servicios,Servicio Público,Av. Julio Hemmelmann 711,,,CL,Catalina Andrea Martínez Varela,,,,27693,EDENRED CHILE SOCIEDAD ANONIMA,"RESTAURANTES| OTROS TIPOS DE INTERMEDIACION MONETARIA N.C.P.| SOCIEDADES DE INVERSION Y RENTISTAS DE CAPITALES MOBILIARIOS EN GENERA| COMPRA, VENTA Y ALQUILER (EXCEPTO AMOBLADOS) DE INMUEBLES PROPIOS O AR| OTRAS ACTIVIDADES EMPRESARIALES N.C.P.",27623,EDENRED CHILE S.A.,96.781.350-8,"Avenida Andres Bello # 2687, piso 13.",,,CL,,Contacto,,,1,"[{'Correlativo': 1, 'CodigoCategoria': 0, 'Categoria': '', 'CodigoProducto': 0, 'Producto': 'ALIMENTACIÓN -  ', 'EspecificacionComprador': '(1964920) ALIMENTACIÓN -  ', 'EspecificacionProveedor': '(1964920) ALIMENTACIÓN -   ; Región Metropolitana de Santiago; Santiago; Direccion no aplica a productos virtuales; DESCUENTO 5,0%', 'Cantidad': 1.0, 'Unidad': None, 'Moneda': 'CLP', 'PrecioNeto': 20433437.0, 'TotalCargos': 0.0, 'TotalDescuentos': 0.0, 'TotalImpuestos': 0.0, 'Total': 20433437.0}]",ALIMENTACION,2026-02-28T02:57:47.004101,,,,,,,,,,,,,,
1099899-50-CM26,ALIMENTACIÓN FUNCIONARIOS MES DE FEBRERO COSAM LOS ANDES Orden de Compra: 1099899-50-CM26,6,27693,27022026,ALIMENTACIÓN FUNCIONARIOS MES DE FEBRERO COSAM LOS ANDES Orden de Compra: 1099899-50-CM26,6,Aceptada,,"COSAM Los Andes, requiere la compra de Beneficio Alimentación mes de FEBRERO Orden de Compra codigo: 1099899-50-CM26 dirigida a EDENRED CHILE SOCIEDAD ANONIMA",9,CM,CLP,4,Aceptada,1,4.767676767676767,99,279731.0,0.0,5594622.0,19.0,1009829.0,6324720.0,,CL,12,2,2026-02-26T17:17:51.887,2026-02-27T14:44:59.097,2026-02-27T15:24:50.27,,2026-02-27T12:01:00,1688788,CENTRO SALUD MENTAL COMUNITARIA LOS ANDES,62.000.630-0,1099899,BIENES Y SERVICIOS,HOSPITALES Y CLÍNICAS,O'HIGGINS N°470,Los Andes,Región de Valparaíso ,CL,Paulina Varas Rojas,,,,27693,EDENRED CHILE SOCIEDAD ANONIMA,"RESTAURANTES| OTROS TIPOS DE INTERMEDIACION MONETARIA N.C.P.| SOCIEDADES DE INVERSION Y RENTISTAS DE CAPITALES MOBILIARIOS EN GENERA| COMPRA, VENTA Y ALQUILER (EXCEPTO AMOBLADOS) DE INMUEBLES PROPIOS O AR| OTRAS ACTIVIDADES EMPRESARIALES N.C.P.",27623,EDENRED CHILE S.A.,96.781.350-8,"Avenida Andres Bello # 2687, piso 13.",,,CL,,Contacto,,,1,"[{'Correlativo': 1, 'CodigoCategoria': 0, 'Categoria': '', 'CodigoProducto': 0, 'Producto': 'ALIMENTACIÓN -  ', 'EspecificacionComprador': '(1964920) ALIMENTACIÓN -  ', 'EspecificacionProveedor': '(1964920) ALIMENTACIÓN -   ; Región Metropolitana de Santiago; Santiago; Direccion no aplica a productos virtuales; DESCUENTO 5,0%', 'Cantidad': 1.0, 'Unidad': None, 'Moneda': 'CLP', 'PrecioNeto': 5594622.0, 'TotalCargos': 0.0, 'TotalDescuentos': 0.0, 'TotalImpuestos': 0.0, 'Total': 5594622.0}]",ALIMENTACION,2026-02-28T02:57:47.004101,,,,,,,,,,,,,,
1605-436-SE23,LR-862 SERVICIO DE ADMINISTRACIÓN DE SALAS CUNAS ,12,27693,27022026,LR-862 SERVICIO DE ADMINISTRACIÓN DE SALAS CUNAS ,12,Recepción Conforme,1605-76-LR23,DESDE 1605-76-LR23 ORDEN DE COMPRA DESDE 1605-76-LR23,8,SE,CLP,7,Recepción Conforme,1,4.767676767676767,99,0.0,0.0,508370589.0,19.0,96590412.0,604961001.0,2208008,CL,12,2,2023-10-19T11:36:01.823,2023-11-20T11:20:40.16,2023-11-20T13:28:59.497,,2023-11-20T11:11:00,7113,SERVICIO DE IMPUESTOS INTERNOS DIRECCION,60.803.000-K,2601,SII Dirección Nacional,GOBIERNO CENTRAL Y ADMINISTRACION PUBLICA,"Agustinas 1269, Piso 2",Santiago,Región Metropolitana de Santiago,CL,Marianela Peña,,,,27693,EDENRED CHILE SOCIEDAD ANONIMA,RESTAURANTES| OTROS TIPOS DE INTERMEDIACION MONETA,27623,EDENRED CHILE S.A.,96.781.350-8,"Avenida Andres Bello # 2687, piso 13.",Las Condes,Región Metropolitana de Santiago,CL,YASMIN GUERRA,ADMINISTRATIVA MERCADO PUBLICO,,,1,"[{'Correlativo': 1, 'CodigoCategoria': 91111900, 'Categoria': 'Servicios de cuidado personal y domésticos / Servicio doméstico y de cuidados / Cuidado de niños, personas enfermas y ancianos', 'CodigoProducto': 91111901, 'Producto': 'Jardines infantiles o salas cunas', 'EspecificacionComprador': 'La presente licitación tiene por objeto contratar el Servicio de Administración de Salas Cunas y Jardines Infantiles destinados a los hijos(as), de los funcionarios(as), del Servicio de Impuestos Internos a nivel nacional.\r\nEl beneficio de sala cuna, que ', 'EspecificacionProveedor': 'SE PRESENTA OFERTA EDENRED CHILE S.A. MEDIANTE ANEXOS Y DOCUMENTACIÓN CORRESPONDIENTE PARA SERVICIO DE IMPUESTOS INTERNOS.', 'Cantidad': 1.0, 'Unidad': None, 'Moneda': 'CLP', 'PrecioNeto': 508370589.075, 'TotalCargos': 0.0, 'TotalDescuentos': 0.0, 'TotalImpuestos': 0.0, 'Total': 508370589.075}]",ALIMENTACION,2026-02-28T02:57:47.004101,,,,,,,,,,,,,,
2045-63-CM26,Recarga tarjetas de alimentación mes de Marzo,6,27693,27022026,Recarga tarjetas de alimentación mes de Marzo,6,Aceptada,,Orden de Compra codigo: 2045-63-CM26 dirigida a EDENRED CHILE SOCIEDAD ANONIMA,9,CM,CLP,4,Aceptada,1,4.767676767676767,99,353826.0,0.0,7076515.0,19.0,1277311.0,8000000.0,,CL,12,2,2026-02-27T10:08:43.87,2026-02-27T11:58:42.22,2026-02-27T12:58:32.273,,2026-02-27T10:19:00,7278,SERVICIO DE SALUD DEL MAULE HOSPITAL DE CUREPTO,61.606.910-1,3040,Hospital de Curepto,,Pedro Ant. González N° 24,Curepto,Región del Maule ,CL,JESSICA MARIA GONZALEZ MEJIAS,,,,27693,EDENRED CHILE SOCIEDAD ANONIMA,"RESTAURANTES| OTROS TIPOS DE INTERMEDIACION MONETARIA N.C.P.| SOCIEDADES DE INVERSION Y RENTISTAS DE CAPITALES MOBILIARIOS EN GENERA| COMPRA, VENTA Y ALQUILER (EXCEPTO AMOBLADOS) DE INMUEBLES PROPIOS O AR| OTRAS ACTIVIDADES EMPRESARIALES N.C.P.",27623,EDENRED CHILE S.A.,96.781.350-8,"Avenida Andres Bello # 2687, piso 13.",,,CL,,Contacto,,,1,"[{'Correlativo': 1, 'CodigoCategoria': 0, 'Categoria': '', 'CodigoProducto': 0, 'Producto': 'ALIMENTACIÓN -  ', 'EspecificacionComprador': '(1964920) ALIMENTACIÓN -  ', 'EspecificacionProveedor': '(1964920) ALIMENTACIÓN -   ; Región Metropolitana de Santiago; Santiago; Direccion no aplica a productos virtuales; DESCUENTO 5,0%', 'Cantidad': 1.0, 'Unidad': None, 'Moneda': 'CLP', 'PrecioNeto': 7076515.0, 'TotalCargos': 0.0, 'TotalDescuentos': 0.0, 'TotalImpuestos': 0.0, 'Total': 7076515.0}]",ALIMENTACION,2026-02-28T02:57:47.004101,,,,,,,,,,,,,,
617807-1211-CM26,Orden de Compra: 617807-1211-CM26,6,27693,27022026,Orden de Compra: 617807-1211-CM26,6,Aceptada,,Orden de Compra codigo: 617807-1211-CM26 dirigida a EDENRED CHILE SOCIEDAD ANONIMA,9,CM,CLP,4,Aceptada,1,4.767676767676767,99,757452.0,0.0,15149050.0,19.0,2734404.0,17126001.0,,CL,12,2,2026-02-27T14:40:26.033,2026-02-27T15:05:01.463,2026-02-27T15:30:05.87,,2026-02-27T14:47:00,1214332,SERV NAC SALUD HOSPITAL DE LOS ANDES,61.602.036-6,617807,Hospital San Juan de Dios de Los Andes,Servicio de Salud,Avda. Argentina 315,Los Andes,Región de Valparaíso ,CL,Paulina Moya Vergara,,,,27693,EDENRED CHILE SOCIEDAD ANONIMA,"RESTAURANTES| OTROS TIPOS DE INTERMEDIACION MONETARIA N.C.P.| SOCIEDADES DE INVERSION Y RENTISTAS DE CAPITALES MOBILIARIOS EN GENERA| COMPRA, VENTA Y ALQUILER (EXCEPTO AMOBLADOS) DE INMUEBLES PROPIOS O AR| OTRAS ACTIVIDADES EMPRESARIALES N.C.P.",27623,EDENRED CHILE S.A.,96.781.350-8,"Avenida Andres Bello # 2687, piso 13.",,,CL,,Contacto,,,1,"[{'Correlativo': 1, 'CodigoCategoria': 0, 'Categoria': '', 'CodigoProducto': 0, 'Producto': 'ALIMENTACIÓN -  ', 'EspecificacionComprador': '(1964920) ALIMENTACIÓN -  ', 'EspecificacionProveedor': '(1964920) ALIMENTACIÓN -   ; Región Metropolitana de Santiago; Santiago; Direccion no aplica a productos virtuales; DESCUENTO 5,0%', 'Cantidad': 1.0, 'Unidad': None, 'Moneda': 'CLP', 'PrecioNeto': 15149050.0, 'TotalCargos': 0.0, 'TotalDescuentos': 0.0, 'TotalImpuestos': 0.0, 'Total': 15149050.0}]",ALIMENTACION,2026-02-28T02:57:47.004101,,,,,,,,,,,,,,
1620-47-CM26,Carga Tarjeta de Alimentación,12,27693,27022026,Carga Tarjeta de Alimentación,12,Recepción Conforme,,Orden de Compra codigo: 1620-47-CM26 dirigida a EDENRED CHILE SOCIEDAD ANONIMA,9,CM,CLP,7,Recepción Conforme,1,4.767676767676767,99,619150.0,0.0,12383000.0,19.0,2235132.0,13998982.0,121,CL,12,2,2026-02-19T17:49:18.35,2026-02-20T15:35:50.16,2026-02-23T08:53:16.513,,2026-02-19T17:52:00,7441,SERVICIO DE SALUD HOSPITAL DE CHIMBARONGO,61.602.146-k,2616,SERVICIO DE SALUD HOSPITAL DE CHIMBARONGO,Salud,Calle Arturo Prat Nº 33,Chimbarongo,Región del Libertador General Bernardo O´Higgins,CL,Eduardo Arenas Galaz,,,,27693,EDENRED CHILE SOCIEDAD ANONIMA,"RESTAURANTES| OTROS TIPOS DE INTERMEDIACION MONETARIA N.C.P.| SOCIEDADES DE INVERSION Y RENTISTAS DE CAPITALES MOBILIARIOS EN GENERA| COMPRA, VENTA Y ALQUILER (EXCEPTO AMOBLADOS) DE INMUEBLES PROPIOS O AR| OTRAS ACTIVIDADES EMPRESARIALES N.C.P.",27623,EDENRED CHILE S.A.,96.781.350-8,"Avenida Andres Bello # 2687, piso 13.",,,CL,,Contacto,,,1,"[{'Correlativo': 1, 'CodigoCategoria': 0, 'Categoria': '', 'CodigoProducto': 0, 'Producto': 'ALIMENTACIÓN -  ', 'EspecificacionComprador': '(1964920) ALIMENTACIÓN -  ', 'EspecificacionProveedor': '(1964920) ALIMENTACIÓN -   ; Región Metropolitana de Santiago; Santiago; Direccion no aplica a productos virtuales; DESCUENTO 5,0%', 'Cantidad': 1.0, 'Unidad': None, 'Moneda': 'CLP', 'PrecioNeto': 12383000.0, 'TotalCargos': 0.0, 'TotalDescuentos': 0.0, 'TotalImpuestos': 0.0, 'Total': 12383000.0}]",ALIMENTACION,2026-02-28T02:57:47.004101,,,,,,,,,,,,,,
1077908-39-CM26,SC N° 142 RECARGA DE TARJETAS PARA ENTREGA BENEFICIO DE ALIMENTACIÓN A FUNCIONARIOS DEL CENTRO ONCOLÓGICO DEL NORTE CORRESPONDIENTE AL MES DE MARZO DE 2026.,6,27693,27022026,SC N° 142 RECARGA DE TARJETAS PARA ENTREGA BENEFICIO DE ALIMENTACIÓN A FUNCIONARIOS DEL CENTRO ONCOLÓGICO DEL NORTE CORRESPONDIENTE AL MES DE MARZO DE 2026.,6,Aceptada,,RECARGA DE DINERO A 328 TARJETAS PARA ENTREGA DE BENEFICIO DE ALIMENTACIÓN A FUNCIONARIOS DEL CENTRO ONCOLÓGICO DEL NORTE. COMPRA REALIZADA SEGÚN SOL.COMPRA SDA N°142.,9,CM,CLP,4,Aceptada,1,4.767676767676767,99,1398052.0,0.0,27961039.0,19.0,5046968.0,31609955.0,,CL,12,2,2026-02-27T14:39:30.873,2026-02-27T15:06:49.56,2026-02-27T15:27:43.743,,2026-02-27T15:07:00,1648816,CENTRO ONCOLOGICO DEL NORTE,62.000.380-8,1077908,Bienes y Servicios,Salud,Los Pumas # 10255 Chimba Alto,Antofagasta,Región de Antofagasta ,CL,JOHANA DONOSO,,,,27693,EDENRED CHILE SOCIEDAD ANONIMA,"RESTAURANTES| OTROS TIPOS DE INTERMEDIACION MONETARIA N.C.P.| SOCIEDADES DE INVERSION Y RENTISTAS DE CAPITALES MOBILIARIOS EN GENERA| COMPRA, VENTA Y ALQUILER (EXCEPTO AMOBLADOS) DE INMUEBLES PROPIOS O AR| OTRAS ACTIVIDADES EMPRESARIALES N.C.P.",27623,EDENRED CHILE S.A.,96.781.350-8,"Avenida Andres Bello # 2687, piso 13.",,,CL,,Contacto,,,1,"[{'Correlativo': 1, 'CodigoCategoria': 0, 'Categoria': '', 'CodigoProducto': 0, 'Producto': 'ALIMENTACIÓN -  ', 'EspecificacionComprador': '(1964920) ALIMENTACIÓN -  ', 'EspecificacionProveedor': '(1964920) ALIMENTACIÓN -   ; Región Metropolitana de Santiago; Santiago; Direccion no aplica a productos virtuales; DESCUENTO 5,0%', 'Cantidad': 1.0, 'Unidad': None, 'Moneda': 'CLP', 'PrecioNeto': 27961039.0, 'TotalCargos': 0.0, 'TotalDescuentos': 0.0, 'TotalImpuestos': 0.0, 'Total': 27961039.0}]",ALIMENTACION,2026-02-28T02:57:47.004101,,,,,,,,,,,,,,
1398-239-SE26,BENEFICIO ALIMENTACIÓN MES MARZO 2026,12,27693,27022026,BENEFICIO ALIMENTACIÓN MES MARZO 2026,12,Recepción Conforme,,"BENEFICIO ALIMENTACIÓN MES MARZO 2026.

Requerimiento correo electrónico jefa Subdepto. de Personas.
25/02/2023",8,SE,CLP,7,Recepción Conforme,1,4.767676767676767,99,2095944.0,0.0,41918897.0,19.0,7566361.0,47389314.0,1211,CL,12,2,2026-02-25T16:10:15.59,2026-02-25T17:29:19.86,2026-02-26T09:13:21.137,,2026-02-25T17:00:00,7054,SERVICIO DE SALUD LIBERTADOR BDO OHIGGINS,61.606.800-8,2394,Servicio de Salud Ohiggins,HOSPITALES Y CLINICAS,"Servicio de Salud Ohiggins, Av Libertador Bernardo O'Higgins 609.",Rancagua,Región del Libertador General Bernardo O´Higgins,CL,Cristian Silva Pardo,Profesional Unidad Gestión de Compra,,,27693,EDENRED CHILE SOCIEDAD ANONIMA,RESTAURANTES| OTROS TIPOS DE INTERMEDIACION MONETA,27623,EDENRED CHILE S.A.,96.781.350-8,"Avenida Andres Bello # 2687, piso 13.",Las Condes,Región Metropolitana de Santiago,CL,YASMIN GUERRA,ADMINISTRATIVA MERCADO PUBLICO,,,1,"[{'Correlativo': 1, 'CodigoCategoria': 93131600, 'Categoria': 'Organizaciones y consultorías políticas, demográficas, económicas, sociales y de administración pública / Ayuda y asistencia humanitaria / Política, planificación y programas de alimentación y nutrición', 'CodigoProducto': 93131608, 'Producto': 'Servicios de suministro de alimentos', 'EspecificacionComprador': 'Beneficio Alimentación mes de Marzo 2026, Requerimiento según acuerdo complementario.\r\n RESOLUCIÓN EXENTÄ NN° 0911 /2026.\r\nMATERIA: APRUE?? ACUERDO\r\nCOMPLEMENTARIO QUE INDICA. \r\n\r\n\r\n', 'EspecificacionProveedor': '', 'Cantidad': 1.0, 'Unidad': None, 'Moneda': 'CLP', 'PrecioNeto': 41918897.0, 'TotalCargos': 0.0, 'TotalDescuentos': 0.0, 'TotalImpuestos': 0.0, 'Total': 41918897.0}]",ALIMENTACION,2026-02-28T02:57:47.004101,,,,,,,,,,,,,,
2170-184-CM26,TURNOS NOCHE (J. ORDINARIA) FEBRERO 2025: (100*),6,27693,27022026,TURNOS NOCHE (J. ORDINARIA) FEBRERO 2025: (100*),6,Aceptada,,Orden de Compra codigo: 2170-184-CM26 dirigida a EDENRED CHILE SOCIEDAD ANONIMA,9,CM,CLP,4,Aceptada,1,4.767676767676767,99,14706.0,0.0,294118.0,19.0,53088.0,332500.0,,CL,12,2,2026-02-24T15:52:32.623,2026-02-27T09:26:27.563,2026-02-27T10:52:54.317,,2026-02-25T15:10:00,7486,HOSPITAL DE LA FAMILIA Y LA COMUNIDAD SANTO TOMAS DE LIMACHE,61.606.606-4,3165,Abastecimiento Hospital Limache,,Carelmapu S/Nº,Limache,Región de Valparaíso ,CL,Rodrigo Mesa Taha,,,,27693,EDENRED CHILE SOCIEDAD ANONIMA,"RESTAURANTES| OTROS TIPOS DE INTERMEDIACION MONETARIA N.C.P.| SOCIEDADES DE INVERSION Y RENTISTAS DE CAPITALES MOBILIARIOS EN GENERA| COMPRA, VENTA Y ALQUILER (EXCEPTO AMOBLADOS) DE INMUEBLES PROPIOS O AR| OTRAS ACTIVIDADES EMPRESARIALES N.C.P.",27623,EDENRED CHILE S.A.,96.781.350-8,"Avenida Andres Bello # 2687, piso 13.",,,CL,,Contacto,,,1,"[{'Correlativo': 1, 'CodigoCategoria': 0, 'Categoria': '', 'CodigoProducto': 0, 'Producto': 'ALIMENTACIÓN -  ', 'EspecificacionComprador': '(1964920) ALIMENTACIÓN -  ', 'EspecificacionProveedor': '(1964920) ALIMENTACIÓN -   ; Región Metropolitana de Santiago; Santiago; Direccion no aplica a productos virtuales; DESCUENTO 5,0%', 'Cantidad': 1.0, 'Unidad': None, 'Moneda': 'CLP', 'PrecioNeto': 294118.0, 'TotalCargos': 0.0, 'TotalDescuentos': 0.0, 'TotalImpuestos': 0.0, 'Total': 294118.0}]",ALIMENTACION,2026-02-28T02:57:47.004101,,,,,,,,,,,,,,
1063538-1676-SE26,ORDEN DE COMPRA DESDE 1063538-204-LR24,12,27693,27022026,ORDEN DE COMPRA DESDE 1063538-204-LR24,12,Recepción Conforme,1063538-204-LR24,"CONV. SUM. ENTREGA DE BENEFICIOS DE ALIMENTACION DESDE 1063538-204-LR24.

CARGA MASIVA Y DIARIA MARZO 2026, SOLICITADA POR SUBDIRECCION DE GESTION DE PERSONAS Y AUTORIZADA POR SDA CON FECHA 20/02/2026.",8,SE,CLP,7,Recepción Conforme,1,4.767676767676767,99,8332955.0,0.0,163391275.0,19.0,29461081.0,184519401.0,,CL,7,2,2026-02-23T12:32:13.593,2026-02-23T12:38:03.567,2026-02-23T15:02:41.127,,2026-02-23T12:36:00,7393,HOSPITAL BASE OSORNO,61.602.260-1,1063538,Bienes y Servicios,Salud Pública,"GUILLERMO BUHLER 1765, OSORNO",* ,Región de los Lagos ,CL,CARMEN GALLARDO,APOYO ABASTECIMIENTO,,,27693,EDENRED CHILE SOCIEDAD ANONIMA,RESTAURANTES| OTROS TIPOS DE INTERMEDIACION MONETA,27623,EDENRED CHILE S.A.,96.781.350-8,"Avenida Andres Bello # 2687, piso 13.",Las Condes,Región Metropolitana de Santiago,CL,YASMIN GUERRA,ADMINISTRATIVA MERCADO PUBLICO,,,1,"[{'Correlativo': 1, 'CodigoCategoria': 14111600, 'Categoria': 'Productos de papel / Productos de papel / Papel fantasía', 'CodigoProducto': 14111604, 'Producto': 'Tarjetas comerciales', 'EspecificacionComprador': '001-3001 |\tTarjetas de Alimentación', 'EspecificacionProveedor': 'e presenta oferta Edenred Chile S.A.  Conforme al numeral 10.2 de las bases administrativas ingresar el porcentaje de descuento y la aclaración por el foro de consultas y respuestas ingresar valor carga diaria, ingresamos el valor de carga diaria, sin per', 'Cantidad': 1.0, 'Unidad': None, 'Moneda': 'CLP', 'PrecioNeto': 163391275.0, 'TotalCargos': 0.0, 'TotalDescuentos': 0.0, 'TotalImpuestos': 0.0, 'Total': 163391275.0}]",ALIMENTACION,2026-02-28T02:57:47.004101,,,,,,,,,,,,,,
2170-183-CM26,TURNOS NOCHE (TURNANTES) MARZO 2026: (1000*),6,27693,27022026,TURNOS NOCHE (TURNANTES) MARZO 2026: (1000*),6,Aceptada,,Orden de Compra codigo: 2170-183-CM26 dirigida a EDENRED CHILE SOCIEDAD ANONIMA,9,CM,CLP,4,Aceptada,1,4.767676767676767,99,147059.0,0.0,2941176.0,19.0,530882.0,3324999.0,,CL,12,2,2026-02-24T15:47:31.297,2026-02-27T09:24:30.787,2026-02-27T10:52:42.513,,2026-02-25T15:11:00,7486,HOSPITAL DE LA FAMILIA Y LA COMUNIDAD SANTO TOMAS DE LIMACHE,61.606.606-4,3165,Abastecimiento Hospital Limache,,Carelmapu S/Nº,Limache,Región de Valparaíso ,CL,Rodrigo Mesa Taha,,,,27693,EDENRED CHILE SOCIEDAD ANONIMA,"RESTAURANTES| OTROS TIPOS DE INTERMEDIACION MONETARIA N.C.P.| SOCIEDADES DE INVERSION Y RENTISTAS DE CAPITALES MOBILIARIOS EN GENERA| COMPRA, VENTA Y ALQUILER (EXCEPTO AMOBLADOS) DE INMUEBLES PROPIOS O AR| OTRAS ACTIVIDADES EMPRESARIALES N.C.P.",27623,EDENRED CHILE S.A.,96.781.350-8,"Avenida Andres Bello # 2687, piso 13.",,,CL,,Contacto,,,1,"[{'Correlativo': 1, 'CodigoCategoria': 0, 'Categoria': '', 'CodigoProducto': 0, 'Producto': 'ALIMENTACIÓN -  ', 'EspecificacionComprador': '(1964920) ALIMENTACIÓN -  ', 'EspecificacionProveedor': '(1964920) ALIMENTACIÓN -   ; Región Metropolitana de Santiago; Santiago; Direccion no aplica a productos virtuales; DESCUENTO 5,0%', 'Cantidad': 1.0, 'Unidad': None, 'Moneda': 'CLP', 'PrecioNeto': 2941176.0, 'TotalCargos': 0.0, 'TotalDescuentos': 0.0, 'TotalImpuestos': 0.0, 'Total': 2941176.0}]",ALIMENTACION,2026-02-28T02:57:47.004101,,,,,,,,,,,,,,
3868-4-CM26,"ADQUISICION RECARGA DE TARJETAS DE ALIMENTACION FISCAL MES DE FEBRERO PARA EL DEPTO CRIMINALISTICA, ZONA METROPOLITANA DE CARABINEROS RUT 61.978.700-5",6,27693,27022026,"ADQUISICION RECARGA DE TARJETAS DE ALIMENTACION FISCAL MES DE FEBRERO PARA EL DEPTO CRIMINALISTICA, ZONA METROPOLITANA DE CARABINEROS RUT 61.978.700-5",6,Aceptada,,"FACTURAR A NOMBRE DE

ZONA METROPOLITANA DE CARABINEROS
61.978.700-5	
GIRO COMERCIAL: ACTIVIDADES DE MANTENIMIENTO DE ORDEN PÚBLICO 
AMUNATEGUI Nº 519, PISO 4, COMUNA DE SANTIAGO
TELEFONO 22-9223524

ENTREGAR FACTURA EN
CALLE SANTA ELENA N° 1636 SANTIAGO ",9,CM,CLP,4,Aceptada,1,4.767676767676767,99,385546.0,0.0,7710924.0,19.0,1391822.0,8717200.0,,CL,12,2,2026-02-25T12:51:10.773,2026-02-25T15:47:49.18,2026-02-27T09:59:18.16,,2026-02-25T15:44:00,113812,DIRECCION DE LOGISTICA DE CARABINEROS,60.505.000-K,4788,Depto.Crim.Labocar,,SANTA ELENA 1636,Santiago,Región Metropolitana de Santiago,CL,Jeremias Miguel Aranda torres,,,,27693,EDENRED CHILE SOCIEDAD ANONIMA,"RESTAURANTES| OTROS TIPOS DE INTERMEDIACION MONETARIA N.C.P.| SOCIEDADES DE INVERSION Y RENTISTAS DE CAPITALES MOBILIARIOS EN GENERA| COMPRA, VENTA Y ALQUILER (EXCEPTO AMOBLADOS) DE INMUEBLES PROPIOS O AR| OTRAS ACTIVIDADES EMPRESARIALES N.C.P.",27623,EDENRED CHILE S.A.,96.781.350-8,"Avenida Andres Bello # 2687, piso 13.",,,CL,,Contacto,,,1,"[{'Correlativo': 1, 'CodigoCategoria': 0, 'Categoria': '', 'CodigoProducto': 0, 'Producto': 'ALIMENTACIÓN -  ', 'EspecificacionComprador': '(1964920) ALIMENTACIÓN -  ', 'EspecificacionProveedor': '(1964920) ALIMENTACIÓN -   ; Región Metropolitana de Santiago; Santiago; Direccion no aplica a productos virtuales; DESCUENTO 5,0%', 'Cantidad': 1.0, 'Unidad': None, 'Moneda': 'CLP', 'PrecioNeto': 7710924.0, 'TotalCargos': 0.0, 'TotalDescuentos': 0.0, 'TotalImpuestos': 0.0, 'Total': 7710924.0}]",ALIMENTACION,2026-02-28T02:57:47.004101,,,,,,,,,,,,,,
1692-84-CM26,ADUISICIÓN DE 2141 RECARGAS PARA TARJETAS DE ALIMENTACIÓN DE 161 FUNCIONARIOS,12,27693,27022026,ADUISICIÓN DE 2141 RECARGAS PARA TARJETAS DE ALIMENTACIÓN DE 161 FUNCIONARIOS,12,Recepción Conforme,,"ADQUISICIÓN DE 2141 RECARGAS PARA TARJETAS DE ALIMENTACIÓN DE 161 FUNCIONARIOS
RECARGAS CORRESPONDIENTES AL MES DE ENERO DE 2026 SEGÚN PEDIDOS DE MATERIALES N° 67 Y N° 67 DE FECHA 12 DE FEBRERO DE 2026",9,CM,CLP,7,Recepción Conforme,1,4.767676767676767,99,539748.0,0.0,10794958.0,19.0,1948490.0,12203700.0,176,CL,12,2,2026-02-12T16:31:26.13,2026-02-13T10:34:45.72,2026-02-13T14:57:14.837,,2026-02-13T09:08:00,7480,SERVICIO NACIONAL DE SALUD HOSPITAL DE COCHRANE,61.602.292-k,2688,Hospital Cochrane,,Doctor Steffens 730,Cochrane,Región Aysén del General Carlos Ibáñez del Campo,CL,CARLA OJEDA,,,,27693,EDENRED CHILE SOCIEDAD ANONIMA,"RESTAURANTES| OTROS TIPOS DE INTERMEDIACION MONETARIA N.C.P.| SOCIEDADES DE INVERSION Y RENTISTAS DE CAPITALES MOBILIARIOS EN GENERA| COMPRA, VENTA Y ALQUILER (EXCEPTO AMOBLADOS) DE INMUEBLES PROPIOS O AR| OTRAS ACTIVIDADES EMPRESARIALES N.C.P.",27623,EDENRED CHILE S.A.,96.781.350-8,"Avenida Andres Bello # 2687, piso 13.",,,CL,,Contacto,,,1,"[{'Correlativo': 1, 'CodigoCategoria': 0, 'Categoria': '', 'CodigoProducto': 0, 'Producto': 'ALIMENTACIÓN -  ', 'EspecificacionComprador': '(1964920) ALIMENTACIÓN -  ', 'EspecificacionProveedor': '(1964920) ALIMENTACIÓN -   ; Región Metropolitana de Santiago; Santiago; Direccion no aplica a productos virtuales; DESCUENTO 5,0%', 'Cantidad': 1.0, 'Unidad': None, 'Moneda': 'CLP', 'PrecioNeto': 10794958.0, 'TotalCargos': 0.0, 'TotalDescuentos': 0.0, 'TotalImpuestos': 0.0, 'Total': 10794958.0}]",ALIMENTACION,2026-02-28T02:57:47.004101,,,,,,,,,,,,,,
2170-182-CM26,ALIMENTACIÓN MARZO 2026 (235 D.Efectiva): (235*22),6,27693,27022026,ALIMENTACIÓN MARZO 2026 (235 D.Efectiva): (235*22),6,Aceptada,,Orden de Compra codigo: 2170-182-CM26 dirigida a EDENRED CHILE SOCIEDAD ANONIMA,9,CM,CLP,4,Aceptada,1,4.767676767676767,99,977521.0,0.0,19550421.0,19.0,3528851.0,22101751.0,,CL,12,2,2026-02-24T15:38:54.003,2026-02-27T09:22:25.45,2026-02-27T10:52:31.43,,2026-02-25T15:11:00,7486,HOSPITAL DE LA FAMILIA Y LA COMUNIDAD SANTO TOMAS DE LIMACHE,61.606.606-4,3165,Abastecimiento Hospital Limache,,Carelmapu S/Nº,Limache,Región de Valparaíso ,CL,Rodrigo Mesa Taha,,,,27693,EDENRED CHILE SOCIEDAD ANONIMA,"RESTAURANTES| OTROS TIPOS DE INTERMEDIACION MONETARIA N.C.P.| SOCIEDADES DE INVERSION Y RENTISTAS DE CAPITALES MOBILIARIOS EN GENERA| COMPRA, VENTA Y ALQUILER (EXCEPTO AMOBLADOS) DE INMUEBLES PROPIOS O AR| OTRAS ACTIVIDADES EMPRESARIALES N.C.P.",27623,EDENRED CHILE S.A.,96.781.350-8,"Avenida Andres Bello # 2687, piso 13.",,,CL,,Contacto,,,1,"[{'Correlativo': 1, 'CodigoCategoria': 0, 'Categoria': '', 'CodigoProducto': 0, 'Producto': 'ALIMENTACIÓN -  ', 'EspecificacionComprador': '(1964920) ALIMENTACIÓN -  ', 'EspecificacionProveedor': '(1964920) ALIMENTACIÓN -   ; Región Metropolitana de Santiago; Santiago; Direccion no aplica a productos virtuales; DESCUENTO 5,0%', 'Cantidad': 1.0, 'Unidad': None, 'Moneda': 'CLP', 'PrecioNeto': 19550421.0, 'TotalCargos': 0.0, 'TotalDescuentos': 0.0, 'TotalImpuestos': 0.0, 'Total': 19550421.0}]",ALIMENTACION,2026-02-28T02:57:47.004101,,,,,,,,,,,,,,
2085-178-CM26,Recarga Alimentación funcionarios Marzo,12,27693,27022026,Recarga Alimentación funcionarios Marzo,12,Recepción Conforme,,"Orden de Compra codigo: 2085-178-CM26 dirigida a EDENRED CHILE SOCIEDAD ANONIMA
Recarga alimentación funcionarios Marzo 2026
FS:71
Referente: Doroty Ferreira",9,CM,CLP,7,Recepción Conforme,1,4.767676767676767,99,1367076.0,0.0,27341513.0,19.0,4935143.0,30909580.0,,CL,12,2,2026-02-25T14:25:24.663,2026-02-25T14:34:42.79,2026-02-25T15:51:18.683,,2026-02-25T14:30:00,7384,SERVICIO DE SALUD ARAUCANIA HOSPITAL DE TRAIGUEN,61.602.226-1,3080,Hospital Traiguén,HOSPITALES Y CLINICAS,21 de Mayo 751,Traiguén,Región de la Araucanía ,CL,felipe hurtado belmar,,,,27693,EDENRED CHILE SOCIEDAD ANONIMA,"RESTAURANTES| OTROS TIPOS DE INTERMEDIACION MONETARIA N.C.P.| SOCIEDADES DE INVERSION Y RENTISTAS DE CAPITALES MOBILIARIOS EN GENERA| COMPRA, VENTA Y ALQUILER (EXCEPTO AMOBLADOS) DE INMUEBLES PROPIOS O AR| OTRAS ACTIVIDADES EMPRESARIALES N.C.P.",27623,EDENRED CHILE S.A.,96.781.350-8,"Avenida Andres Bello # 2687, piso 13.",,,CL,,Contacto,,,1,"[{'Correlativo': 1, 'CodigoCategoria': 0, 'Categoria': '', 'CodigoProducto': 0, 'Producto': 'ALIMENTACIÓN -  ', 'EspecificacionComprador': '(1964920) ALIMENTACIÓN -  ', 'EspecificacionProveedor': '(1964920) ALIMENTACIÓN -   ; Región Metropolitana de Santiago; Santiago; Direccion no aplica a productos virtuales; DESCUENTO 5,0%', 'Cantidad': 1.0, 'Unidad': None, 'Moneda': 'CLP', 'PrecioNeto': 27341513.0, 'TotalCargos': 0.0, 'TotalDescuentos': 0.0, 'TotalImpuestos': 0.0, 'Total': 27341513.0}]",ALIMENTACION,2026-02-28T02:57:47.004101,,,,,,,,,,,,,,
3951-45-CM26,Orden de Compra: 3951-45-CM26,12,27693,27022026,Orden de Compra: 3951-45-CM26,12,Recepción Conforme,,Orden de Compra codigo: 3951-45-CM26 dirigida a EDENRED CHILE SOCIEDAD ANONIMA,9,CM,CLP,7,Recepción Conforme,1,4.767676767676767,99,390315.0,0.0,7806303.0,19.0,1409038.0,8825026.0,,CL,12,2,2026-02-23T17:07:50.193,2026-02-25T17:37:45.87,2026-02-26T09:06:52.54,,2026-02-25T16:34:00,118630,CONSULTORIO GENERAL URBANO VICTOR DOMINGO SILVA,61.974.700-3,4871,Consultorio Victor Domingo Silva,,Los Aromos Esq. Alejandro Gutierrez,Coyhaique,Región Aysén del General Carlos Ibáñez del Campo,CL,Maria Fernanda Bonnassiolle Rozas,,,,27693,EDENRED CHILE SOCIEDAD ANONIMA,"RESTAURANTES| OTROS TIPOS DE INTERMEDIACION MONETARIA N.C.P.| SOCIEDADES DE INVERSION Y RENTISTAS DE CAPITALES MOBILIARIOS EN GENERA| COMPRA, VENTA Y ALQUILER (EXCEPTO AMOBLADOS) DE INMUEBLES PROPIOS O AR| OTRAS ACTIVIDADES EMPRESARIALES N.C.P.",27623,EDENRED CHILE S.A.,96.781.350-8,"Avenida Andres Bello # 2687, piso 13.",,,CL,,Contacto,,,1,"[{'Correlativo': 1, 'CodigoCategoria': 0, 'Categoria': '', 'CodigoProducto': 0, 'Producto': 'ALIMENTACIÓN -  ', 'EspecificacionComprador': '(1964920) ALIMENTACIÓN -  ', 'EspecificacionProveedor': '(1964920) ALIMENTACIÓN -   ; Región Metropolitana de Santiago; Santiago; Direccion no aplica a productos virtuales; DESCUENTO 5,0%', 'Cantidad': 1.0, 'Unidad': None, 'Moneda': 'CLP', 'PrecioNeto': 7806303.0, 'TotalCargos': 0.0, 'TotalDescuentos': 0.0, 'TotalImpuestos': 0.0, 'Total': 7806303.0}]",ALIMENTACION,2026-02-28T02:57:47.004101,,,,,,,,,,,,,,
620279-15-CM26,GRUPAEROMONTT- Alimentación Contratada ,12,27693,2026-03-01,GRUPAEROMONTT- Alimentación Contratada ,12,Recepción Conforme,,"SE SOLICITA FACTURAR A NOMBRE DEL GRUPO AERONAVAL PUERTO MONTT
RUT: 62.000.690-4
DIRECCIÓN: ACCESO AEROPUERTO EL TEPUAL, HANGAR NAVAL S/N, PUERTO MONTT.
GIRO ADMINISTRACIÓN PUBLICA FF.AA.",9,CM,CLP,7,Recepción Conforme,1,4.767676767676767,99,1048547.0,0.0,20970946.0,19.0,3785256.0,23707654.0,,CL,12,2,2026-01-19T15:43:07.7,2026-02-12T10:38:16.417,2026-02-12T12:51:24.727,,2026-02-11T17:55:00,111875,DIRECCION DE ABASTECIMIENTO DE LA ARMADA,61.980.010-9,620279,BASE NAVAL PUERTO MONTT,DEFENSA,"DIEGO PORTALES 2300, PUERTO MONTT",Puerto Montt,Región de los Lagos ,CL,MATIAS DELGADO BAHAMONDEZ,,,,27693,EDENRED CHILE SOCIEDAD ANONIMA,"RESTAURANTES| OTROS TIPOS DE INTERMEDIACION MONETARIA N.C.P.| SOCIEDADES DE INVERSION Y RENTISTAS DE CAPITALES MOBILIARIOS EN GENERA| COMPRA, VENTA Y ALQUILER (EXCEPTO AMOBLADOS) DE INMUEBLES PROPIOS O AR| OTRAS ACTIVIDADES EMPRESARIALES N.C.P.",27623,EDENRED CHILE S.A.,96.781.350-8,"Avenida Andres Bello # 2687, piso 13.",,,CL,,Contacto,,,1,"[{'Correlativo': 1, 'CodigoCategoria': 0, 'Categoria': '', 'CodigoProducto': 0, 'Producto': 'ALIMENTACIÓN -  ', 'EspecificacionComprador': '(1964920) ALIMENTACIÓN -  ', 'EspecificacionProveedor': '(1964920) ALIMENTACIÓN -   ; Región Metropolitana de Santiago; Santiago; Direccion no aplica a productos virtuales; DESCUENTO 5,0%', 'Cantidad': 1.0, 'Unidad': None, 'Moneda': 'CLP', 'PrecioNeto': 20970946.0, 'TotalCargos': 0.0, 'TotalDescuentos': 0.0, 'TotalImpuestos': 0.0, 'Total': 20970946.0}]",ALIMENTACION,2026-03-01T22:39:50.892756,,,,,,,,,,,,,,
1079454-49-CM26,"ADQUISICION DE RANCHO PARA EL PERSONAL DE SERVICIO ANIVERSARIO ANTOIFAGASTA 11, 12 Y 13 DE FEBRERO 2026, SEGÚN N.C.U.:248410572. - Orden de Compra: 1079454-49-CM26",6,27693,2026-03-02,"ADQUISICION DE RANCHO PARA EL PERSONAL DE SERVICIO ANIVERSARIO ANTOIFAGASTA 11, 12 Y 13 DE FEBRERO 2026, SEGÚN N.C.U.:248410572. - Orden de Compra: 1079454-49-CM26",6,Aceptada,,"ADQUISICION DE RANCHO PARA EL PERSONAL DE SERVICIO ANIVERSARIO ANTOIFAGASTA 11, 12 Y 13 DE FEBRERO 2026, SEGÚN N.C.U.:248410572. - Orden de Compra codigo: 1079454-49-CM26 dirigida a EDENRED CHILE SOCIEDAD ANONIMA",9,CM,CLP,4,Aceptada,1,4.767676767676767,99,51891.0,0.0,1037815.0,19.0,187326.0,1173250.0,,CL,12,2,2026-02-25T12:11:25.48,2026-02-27T16:35:15.96,2026-03-02T10:41:10.37,,2026-02-27T10:42:00,113812,DIRECCION DE LOGISTICA DE CARABINEROS,61.978.660-2,1079454,SECCIÓN COMPRAS ZONA DE CARABINEROS ANTOFAGASTA,COMPRAS II ZONA ANTOFAGASTA,5 TA COMISARIA LA PORTADA,Antofagasta,Región de Antofagasta ,CL,Alison  Montiel,,,,27693,EDENRED CHILE SOCIEDAD ANONIMA,"RESTAURANTES| OTROS TIPOS DE INTERMEDIACION MONETARIA N.C.P.| SOCIEDADES DE INVERSION Y RENTISTAS DE CAPITALES MOBILIARIOS EN GENERA| COMPRA, VENTA Y ALQUILER (EXCEPTO AMOBLADOS) DE INMUEBLES PROPIOS O AR| OTRAS ACTIVIDADES EMPRESARIALES N.C.P.",27623,EDENRED CHILE S.A.,96.781.350-8,"Avenida Andres Bello # 2687, piso 13.",,,CL,,Contacto,,,1,"[{'Correlativo': 1, 'CodigoCategoria': 0, 'Categoria': '', 'CodigoProducto': 0, 'Producto': 'ALIMENTACIÓN -  ', 'EspecificacionComprador': '(1964920) ALIMENTACIÓN -  ', 'EspecificacionProveedor': '(1964920) ALIMENTACIÓN -   ; Región Metropolitana de Santiago; Santiago; Direccion no aplica a productos virtuales; DESCUENTO 5,0%', 'Cantidad': 1.0, 'Unidad': None, 'Moneda': 'CLP', 'PrecioNeto': 1037815.0, 'TotalCargos': 0.0, 'TotalDescuentos': 0.0, 'TotalImpuestos': 0.0, 'Total': 1037815.0}]",ALIMENTACION,2026-03-02T14:16:32.946401,,,,,,,,,,,,,,
1622-288-CM26,BENEFICIO DE ALIMENTACIÓN FEBRERO 2026,6,27693,2026-03-02,BENEFICIO DE ALIMENTACIÓN FEBRERO 2026,4,Enviada a proveedor,,"SERVICIO SOLICITANTE: GESTIÓN DE PERSONAS.
Orden de Compra código: 1622-288-CM26 dirigida a EDENRED CHILE SOCIEDAD ANONIMA",9,CM,CLP,1,Nueva orden de compra,1,4.767676767676767,99,1017249.0,0.0,20344981.0,19.0,3672269.0,23000001.0,587,CL,12,2,2026-02-27T09:24:07.94,2026-03-02T08:18:44.363,,,2026-02-27T09:36:00,7443,SERVICIO DE SALUD HOSPITAL DE SAN VICENTE DE TAGUA TAGUA,61.602.141-9,2618,Hospital de San Vicente de Tagua Tagua,HOSPITALES Y CLINICAS,Juan Bautista Pastene 1100 San Vicente de Tagua Tagua,San Vicente de Tagua Tagua,Región del Libertador General Bernardo O´Higgins,CL,Jose Rodrigo Alarcon Urra,,,,27693,EDENRED CHILE SOCIEDAD ANONIMA,"RESTAURANTES| OTROS TIPOS DE INTERMEDIACION MONETARIA N.C.P.| SOCIEDADES DE INVERSION Y RENTISTAS DE CAPITALES MOBILIARIOS EN GENERA| COMPRA, VENTA Y ALQUILER (EXCEPTO AMOBLADOS) DE INMUEBLES PROPIOS O AR| OTRAS ACTIVIDADES EMPRESARIALES N.C.P.",27623,EDENRED CHILE S.A.,96.781.350-8,"Avenida Andres Bello # 2687, piso 13.",,,CL,,Contacto,,,1,"[{'Correlativo': 1, 'CodigoCategoria': 0, 'Categoria': '', 'CodigoProducto': 0, 'Producto': 'ALIMENTACIÓN -  ', 'EspecificacionComprador': '(1964920) ALIMENTACIÓN -  ', 'EspecificacionProveedor': '(1964920) ALIMENTACIÓN -   ; Región Metropolitana de Santiago; Santiago; Direccion no aplica a productos virtuales; DESCUENTO 5,0%', 'Cantidad': 1.0, 'Unidad': None, 'Moneda': 'CLP', 'PrecioNeto': 20344981.0, 'TotalCargos': 0.0, 'TotalDescuentos': 0.0, 'TotalImpuestos': 0.0, 'Total': 20344981.0}]",ALIMENTACION,2026-03-02T12:17:09.951908,,,,,,,,,,,,,,
2568-60-CM26,Orden de Compra: 2568-60-CM26,4,27693,2026-03-02,Orden de Compra: 2568-60-CM26,4,Enviada a proveedor,,Orden de Compra codigo: 2568-60-CM26 dirigida a EDENRED CHILE SOCIEDAD ANONIMA,9,CM,CLP,1,Nueva orden de compra,1,4.767676767676767,99,117647.0,0.0,2352942.0,19.0,424706.0,2660001.0,,CL,12,2,2026-03-02T11:40:19.98,2026-03-02T11:56:45.42,,,2026-03-02T11:47:00,6924,CORP NACIONAL FORESTAL,61.313.000-4,3559,VI Region - U.G. Manejo Del Fuego,OTRAS ACTIVIDADES DE SERVICIOS CONEXAS A LA SILVICULTURA N.C.P.,Avda. San Juan S/N,Machalí,Región del Libertador General Bernardo O´Higgins,CL,Emilia Beatriz Gálvez Díaz,,,,27693,EDENRED CHILE SOCIEDAD ANONIMA,"RESTAURANTES| OTROS TIPOS DE INTERMEDIACION MONETARIA N.C.P.| SOCIEDADES DE INVERSION Y RENTISTAS DE CAPITALES MOBILIARIOS EN GENERA| COMPRA, VENTA Y ALQUILER (EXCEPTO AMOBLADOS) DE INMUEBLES PROPIOS O AR| OTRAS ACTIVIDADES EMPRESARIALES N.C.P.",27623,EDENRED CHILE S.A.,96.781.350-8,"Avenida Andres Bello # 2687, piso 13.",,,CL,,Contacto,,,1,"[{'Correlativo': 1, 'CodigoCategoria': 0, 'Categoria': '', 'CodigoProducto': 0, 'Producto': 'ALIMENTACIÓN -  ', 'EspecificacionComprador': '(1964920) ALIMENTACIÓN -  ', 'EspecificacionProveedor': '(1964920) ALIMENTACIÓN -   ; Región Metropolitana de Santiago; Santiago; Direccion no aplica a productos virtuales; DESCUENTO 5,0%', 'Cantidad': 1.0, 'Unidad': None, 'Moneda': 'CLP', 'PrecioNeto': 2352942.0, 'TotalCargos': 0.0, 'TotalDescuentos': 0.0, 'TotalImpuestos': 0.0, 'Total': 2352942.0}]",ALIMENTACION,2026-03-02T16:12:08.610962,,,,,,,,,,,,,,
3413-3-CM26,"ADQUISICIÓN DE TARJETA DE ALIMENTACIÓN PARA LA COMPRA DE VIVERES EN SUPERMERCADO, SIN DESCUENTOS ADICIONALES NI BONIFICACIONES, PARA EL CASINO GUARNICIONAL HUAYQUIQUE",4,27693,2026-03-02,"ADQUISICIÓN DE TARJETA DE ALIMENTACIÓN PARA LA COMPRA DE VIVERES EN SUPERMERCADO, SIN DESCUENTOS ADICIONALES NI BONIFICACIONES, PARA EL CASINO GUARNICIONAL HUAYQUIQUE",4,Enviada a proveedor,,"Orden de Compra codigo: 3413-3-CM26 dirigida a EDENRED CHILE SOCIEDAD ANONIMA
FONDOS INTERNOS
CENTRO DE COSTO 1100035009
22.01.001
SIC: 340069
OC: 333365
",9,CM,CLP,1,Nueva orden de compra,1,4.767676767676767,99,132685.0,0.0,2653693.0,19.0,478992.0,3000000.0,,CL,12,2,2026-02-20T15:46:08.953,2026-03-02T11:42:39.42,,,2026-02-26T10:52:00,111870,DIVISION LOGISTICA DEL EJERCITO,61.971.700-7,4334,Cuartel General VI División de Ejército - CGVIDE,,Diego Portales 1041,Iquique,Región de Tarapacá  ,CL,CLAUDIO PICHINAO,,,,27693,EDENRED CHILE SOCIEDAD ANONIMA,"RESTAURANTES| OTROS TIPOS DE INTERMEDIACION MONETARIA N.C.P.| SOCIEDADES DE INVERSION Y RENTISTAS DE CAPITALES MOBILIARIOS EN GENERA| COMPRA, VENTA Y ALQUILER (EXCEPTO AMOBLADOS) DE INMUEBLES PROPIOS O AR| OTRAS ACTIVIDADES EMPRESARIALES N.C.P.",27623,EDENRED CHILE S.A.,96.781.350-8,"Avenida Andres Bello # 2687, piso 13.",,,CL,,Contacto,,,1,"[{'Correlativo': 1, 'CodigoCategoria': 0, 'Categoria': '', 'CodigoProducto': 0, 'Producto': 'ALIMENTACIÓN -  ', 'EspecificacionComprador': '(1964920) ALIMENTACIÓN -  ', 'EspecificacionProveedor': '(1964920) ALIMENTACIÓN -   ; Región Metropolitana de Santiago; Santiago; Direccion no aplica a productos virtuales; DESCUENTO 5,0%', 'Cantidad': 1.0, 'Unidad': None, 'Moneda': 'CLP', 'PrecioNeto': 2653693.0, 'TotalCargos': 0.0, 'TotalDescuentos': 0.0, 'TotalImpuestos': 0.0, 'Total': 2653693.0}]",ALIMENTACION,2026-03-02T16:12:08.610962,,,,,,,,,,,,,,
4100-11-CM26,"ADQUISICIÓN RECARGAS ALIMENTACION FISCAL MES DE FEBRERO, PARA LA SECRET. GRAL. Y UNIDADES DEPENDIENTES.",12,27693,2026-03-02,"ADQUISICIÓN RECARGAS ALIMENTACION FISCAL MES DE FEBRERO, PARA LA SECRET. GRAL. Y UNIDADES DEPENDIENTES.",12,Recepción Conforme,,Orden de Compra codigo: 4100-11-CM26 dirigida a EDENRED CHILE SOCIEDAD ANONIMA,9,CM,CLP,7,Recepción Conforme,1,4.767676767676767,99,318151.0,0.0,6363025.0,19.0,1148526.0,7193400.0,,CL,12,2,2026-02-04T16:24:31.63,2026-02-04T16:38:57.303,2026-02-05T10:42:22.24,,2026-03-02T10:16:00,113812,DIRECCION DE LOGISTICA DE CARABINEROS,60.505.000-K,5020,Depto.Relaciones Públicas,,"Avda.Lib.Bdo. O'higgins 1196, piso 12",Santiago Centro,Región Metropolitana de Santiago,CL,MARISEL OLIVARES TORRES,,,,27693,EDENRED CHILE SOCIEDAD ANONIMA,"RESTAURANTES| OTROS TIPOS DE INTERMEDIACION MONETARIA N.C.P.| SOCIEDADES DE INVERSION Y RENTISTAS DE CAPITALES MOBILIARIOS EN GENERA| COMPRA, VENTA Y ALQUILER (EXCEPTO AMOBLADOS) DE INMUEBLES PROPIOS O AR| OTRAS ACTIVIDADES EMPRESARIALES N.C.P.",27623,EDENRED CHILE S.A.,96.781.350-8,"Avenida Andres Bello # 2687, piso 13.",,,CL,,Contacto,,,1,"[{'Correlativo': 1, 'CodigoCategoria': 0, 'Categoria': '', 'CodigoProducto': 0, 'Producto': 'ALIMENTACIÓN -  ', 'EspecificacionComprador': '(1964920) ALIMENTACIÓN -  ', 'EspecificacionProveedor': '(1964920) ALIMENTACIÓN -   ; Región Metropolitana de Santiago; Santiago; Direccion no aplica a productos virtuales; DESCUENTO 5,0%', 'Cantidad': 1.0, 'Unidad': None, 'Moneda': 'CLP', 'PrecioNeto': 6363025.0, 'TotalCargos': 0.0, 'TotalDescuentos': 0.0, 'TotalImpuestos': 0.0, 'Total': 6363025.0}]",ALIMENTACION,2026-03-02T14:16:32.946401,,,,,,,,,,,,,,
651-30-CM26,tarjetas de vestuario estamento auxiliar ,4,27693,2026-03-02,tarjetas de vestuario estamento auxiliar ,4,Enviada a proveedor,,Orden de Compra codigo: 651-30-CM26 dirigida a EDENRED CHILE SOCIEDAD ANONIMA,9,CM,CLP,1,Nueva orden de compra,1,4.767676767676767,99,60000.0,0.0,500000.0,0.0,0.0,440000.0,subtitulo 22,CL,12,2,2026-02-25T00:08:10.95,2026-03-02T12:31:16.23,,,2026-02-25T00:13:00,6975,SERVICIO DE VIVIENDA Y URBANIZACION III REGION,61.815.000-3,1647,SERVICIOS GENERALES,SERVICIO PUBLICO,Chacabuco 520 Piso 3,Copiapó,Región de Atacama ,CL,ANDRES PARRA,,,,27693,EDENRED CHILE SOCIEDAD ANONIMA,"RESTAURANTES| OTROS TIPOS DE INTERMEDIACION MONETARIA N.C.P.| SOCIEDADES DE INVERSION Y RENTISTAS DE CAPITALES MOBILIARIOS EN GENERA| COMPRA, VENTA Y ALQUILER (EXCEPTO AMOBLADOS) DE INMUEBLES PROPIOS O AR| OTRAS ACTIVIDADES EMPRESARIALES N.C.P.",27623,EDENRED CHILE S.A.,96.781.350-8,"Avenida Andres Bello # 2687, piso 13.",,,CL,,Contacto,,,1,"[{'Correlativo': 1, 'CodigoCategoria': 0, 'Categoria': '', 'CodigoProducto': 0, 'Producto': 'VESTUARIO Y CALZADO -  ', 'EspecificacionComprador': '(1964922) VESTUARIO Y CALZADO -  ', 'EspecificacionProveedor': '(1964922) VESTUARIO Y CALZADO -   ; Región Metropolitana de Santiago; Santiago; Direccion no aplica a productos virtuales; DESCUENTO 12,0%', 'Cantidad': 1.0, 'Unidad': None, 'Moneda': 'CLP', 'PrecioNeto': 500000.0, 'TotalCargos': 0.0, 'TotalDescuentos': 0.0, 'TotalImpuestos': 0.0, 'Total': 500000.0}]",VESTUARIO_Y_CALZADO,2026-03-02T16:12:08.610962,,,,,,,,,,,,,,
697202-120-CM25,ADQUISICIÓN DE VESTUARIO Y CALZADO,12,27693,2026-03-02,ADQUISICIÓN DE VESTUARIO Y CALZADO,12,Recepción Conforme,,Orden de Compra codigo: 697202-120-CM25 dirigida a EDENRED CHILE SOCIEDAD ANONIMA,9,CM,CLP,7,Recepción Conforme,1,4.767676767676767,99,1522800.0,0.0,12690000.0,0.0,0.0,11167200.0,,CL,12,2,2025-11-28T16:15:25.68,2025-12-01T18:52:14.61,2025-12-02T16:24:22.9,,2025-12-01T16:53:00,224060,MINISTERIO PUBLICO,61.935.400-1,697202,FR VALPARAISO,GOBIERNO CENTRAL,"Blanco N°937, 4° Piso",,,CL,Jonathan Castro Nahuelpan,,,,27693,EDENRED CHILE SOCIEDAD ANONIMA,"RESTAURANTES| OTROS TIPOS DE INTERMEDIACION MONETARIA N.C.P.| SOCIEDADES DE INVERSION Y RENTISTAS DE CAPITALES MOBILIARIOS EN GENERA| COMPRA, VENTA Y ALQUILER (EXCEPTO AMOBLADOS) DE INMUEBLES PROPIOS O AR| OTRAS ACTIVIDADES EMPRESARIALES N.C.P.",27623,EDENRED CHILE S.A.,96.781.350-8,"Avenida Andres Bello # 2687, piso 13.",,,CL,,Contacto,,,1,"[{'Correlativo': 1, 'CodigoCategoria': 0, 'Categoria': '', 'CodigoProducto': 0, 'Producto': 'VESTUARIO Y CALZADO -  ', 'EspecificacionComprador': '(1964922) VESTUARIO Y CALZADO -  ', 'EspecificacionProveedor': '(1964922) VESTUARIO Y CALZADO -   ; Región Metropolitana de Santiago; Santiago; Direccion no aplica a productos virtuales; DESCUENTO 12,0%', 'Cantidad': 1.0, 'Unidad': None, 'Moneda': 'CLP', 'PrecioNeto': 12690000.0, 'TotalCargos': 0.0, 'TotalDescuentos': 0.0, 'TotalImpuestos': 0.0, 'Total': 12690000.0}]",VESTUARIO_Y_CALZADO,2026-03-02T16:12:08.610962,,,,,,,,,,,,,,
1057514-85-CM26,Orden de Compra: 1057514-85-CM26,12,27693,2026-03-03,Orden de Compra: 1057514-85-CM26,12,Recepción Conforme,,Orden de Compra codigo: 1057514-85-CM26 dirigida a EDENRED CHILE SOCIEDAD ANONIMA,9,CM,CLP,7,Recepción Conforme,1,4.767676767676767,99,597143.0,0.0,11942857.0,19.0,2155686.0,13501400.0,,CL,12,2,2026-02-23T11:38:53.17,2026-02-23T11:41:30.32,2026-02-23T12:57:29.037,,2026-02-23T11:40:00,7139,SERVICIO DE SALUD NUBLE HOSPITAL DE EL C,61.607.006-1,1057514,Bienes y Servicios,Servicio Público,Isabel Riquelme N°448,El Carmen,Región del Ñuble,CL,Maria Elizabeth Salazar Manriquez,,,,27693,EDENRED CHILE SOCIEDAD ANONIMA,"RESTAURANTES| OTROS TIPOS DE INTERMEDIACION MONETARIA N.C.P.| SOCIEDADES DE INVERSION Y RENTISTAS DE CAPITALES MOBILIARIOS EN GENERA| COMPRA, VENTA Y ALQUILER (EXCEPTO AMOBLADOS) DE INMUEBLES PROPIOS O AR| OTRAS ACTIVIDADES EMPRESARIALES N.C.P.",27623,EDENRED CHILE S.A.,96.781.350-8,"Avenida Andres Bello # 2687, piso 13.",,,CL,,Contacto,,,1,"[{'Correlativo': 1, 'CodigoCategoria': 0, 'Categoria': '', 'CodigoProducto': 0, 'Producto': 'ALIMENTACIÓN -  ', 'EspecificacionComprador': '(1964920) ALIMENTACIÓN -  ', 'EspecificacionProveedor': '(1964920) ALIMENTACIÓN -   ; Región Metropolitana de Santiago; Santiago; Direccion no aplica a productos virtuales; DESCUENTO 5,0%', 'Cantidad': 1.0, 'Unidad': None, 'Moneda': 'CLP', 'PrecioNeto': 11942857.0, 'TotalCargos': 0.0, 'TotalDescuentos': 0.0, 'TotalImpuestos': 0.0, 'Total': 11942857.0}]",ALIMENTACION,2026-03-03T16:15:36.826787,,,,,,,,,,,,,,
1079659-64-CM26,RANCHO FISCAL MES DE FEBRERO AÑO 2026,12,27693,2026-03-03,RANCHO FISCAL MES DE FEBRERO AÑO 2026,12,Recepción Conforme,,Orden de Compra codigo: 1079659-64-CM26 dirigida a EDENRED CHILE SOCIEDAD ANONIMA,9,CM,CLP,7,Recepción Conforme,1,4.767676767676767,99,1605441.0,0.0,32108823.0,19.0,5795643.0,36299024.0,,CL,12,2,2026-02-26T09:30:15.833,2026-02-26T09:39:42.493,2026-02-26T10:50:10.683,,2026-02-26T09:34:00,113812,DIRECCION DE LOGISTICA DE CARABINEROS,61.980.860-6,1079659,SECCIÓN COMPRAS ZONA CARAB ARAUCANÍA CONT ORD PUBL,COMPRAS SECCIÓN ZONA CAR ARAUCANÍA CONT ORD  PUBL,"GOROSTIAGA N° 360, VICTORIA IX REG.ARAUCANÍA",Victoria,Región de la Araucanía ,CL,Richard Javier Aedo Ruíz,,,,27693,EDENRED CHILE SOCIEDAD ANONIMA,"RESTAURANTES| OTROS TIPOS DE INTERMEDIACION MONETARIA N.C.P.| SOCIEDADES DE INVERSION Y RENTISTAS DE CAPITALES MOBILIARIOS EN GENERA| COMPRA, VENTA Y ALQUILER (EXCEPTO AMOBLADOS) DE INMUEBLES PROPIOS O AR| OTRAS ACTIVIDADES EMPRESARIALES N.C.P.",27623,EDENRED CHILE S.A.,96.781.350-8,"Avenida Andres Bello # 2687, piso 13.",,,CL,,Contacto,,,1,"[{'Correlativo': 1, 'CodigoCategoria': 0, 'Categoria': '', 'CodigoProducto': 0, 'Producto': 'ALIMENTACIÓN -  ', 'EspecificacionComprador': '(1964920) ALIMENTACIÓN -  ', 'EspecificacionProveedor': '(1964920) ALIMENTACIÓN -   ; Región Metropolitana de Santiago; Santiago; Direccion no aplica a productos virtuales; DESCUENTO 5,0%', 'Cantidad': 1.0, 'Unidad': None, 'Moneda': 'CLP', 'PrecioNeto': 32108823.0, 'TotalCargos': 0.0, 'TotalDescuentos': 0.0, 'TotalImpuestos': 0.0, 'Total': 32108823.0}]",ALIMENTACION,2026-03-03T12:17:04.176500,,,,,,,,,,,,,,
1099402-96-CM26,OC DESDE 1099402-96-CM26 ALIMENTACIÓN MZ-26,12,27693,2026-03-03,OC DESDE 1099402-96-CM26 ALIMENTACIÓN MZ-26,12,Recepción Conforme,,"Orden de Compra codigo: 1099402-96-CM26 dirigida a EDENRED CHILE SOCIEDAD ANONIMA
BENEFICIO ALIMENTACIÓN MARZO 2026 
MONTO A CARGAR $14.100.000.- ",9,CM,CLP,7,Recepción Conforme,1,4.767676767676767,99,592437.0,0.0,11848740.0,19.0,2138698.0,13395001.0,,CL,12,2,2026-02-25T10:48:28.95,2026-02-25T15:39:48.64,2026-02-25T16:25:59.467,,2026-02-25T10:53:00,1688785,CENTRO DE SALUD FAMILIAR CESFAM LLAY LLAY,62.000.620-3,1099402,Bienes y Servicios,Servicio Público,AGUSTIN EDWARDS 59,Llay-Llay,Región de Valparaíso ,CL,FERNANDA ESTEFANIA SUAREZ GALLARDO,,,,27693,EDENRED CHILE SOCIEDAD ANONIMA,"RESTAURANTES| OTROS TIPOS DE INTERMEDIACION MONETARIA N.C.P.| SOCIEDADES DE INVERSION Y RENTISTAS DE CAPITALES MOBILIARIOS EN GENERA| COMPRA, VENTA Y ALQUILER (EXCEPTO AMOBLADOS) DE INMUEBLES PROPIOS O AR| OTRAS ACTIVIDADES EMPRESARIALES N.C.P.",27623,EDENRED CHILE S.A.,96.781.350-8,"Avenida Andres Bello # 2687, piso 13.",,,CL,,Contacto,,,1,"[{'Correlativo': 1, 'CodigoCategoria': 0, 'Categoria': '', 'CodigoProducto': 0, 'Producto': 'ALIMENTACIÓN -  ', 'EspecificacionComprador': '(1964920) ALIMENTACIÓN -  ', 'EspecificacionProveedor': '(1964920) ALIMENTACIÓN -   ; Región Metropolitana de Santiago; Santiago; Direccion no aplica a productos virtuales; DESCUENTO 5,0%', 'Cantidad': 1.0, 'Unidad': None, 'Moneda': 'CLP', 'PrecioNeto': 11848740.0, 'TotalCargos': 0.0, 'TotalDescuentos': 0.0, 'TotalImpuestos': 0.0, 'Total': 11848740.0}]",ALIMENTACION,2026-03-03T16:15:36.826787,,,,,,,,,,,,,,
1463-104-CM26,CARGA TARJETAS DE ALIMENTACION MARZO 2026,4,27693,2026-03-03,CARGA TARJETAS DE ALIMENTACION MARZO 2026,4,Enviada a proveedor,,Orden de Compra codigo: 1463-104-CM26 dirigida a EDENRED CHILE SOCIEDAD ANONIMA,9,CM,CLP,1,Nueva orden de compra,1,4.767676767676767,99,334244.0,0.0,6684874.0,19.0,1206620.0,7557250.0,,CL,12,2,2026-03-03T10:35:31.68,2026-03-03T12:54:00.52,,,2026-03-03T10:37:00,7257,SERVICIO DE SALUD DEL MAULE HOSPITAL DE LICANTEN,61.606.905-5,2459,Hospital Licantén,,Avda. Lautaro 685,Licantén,Región del Maule ,CL,Claudia Andrea Maraboli Moraga,,,,27693,EDENRED CHILE SOCIEDAD ANONIMA,"RESTAURANTES| OTROS TIPOS DE INTERMEDIACION MONETARIA N.C.P.| SOCIEDADES DE INVERSION Y RENTISTAS DE CAPITALES MOBILIARIOS EN GENERA| COMPRA, VENTA Y ALQUILER (EXCEPTO AMOBLADOS) DE INMUEBLES PROPIOS O AR| OTRAS ACTIVIDADES EMPRESARIALES N.C.P.",27623,EDENRED CHILE S.A.,96.781.350-8,"Avenida Andres Bello # 2687, piso 13.",,,CL,,Contacto,,,1,"[{'Correlativo': 1, 'CodigoCategoria': 0, 'Categoria': '', 'CodigoProducto': 0, 'Producto': 'ALIMENTACIÓN -  ', 'EspecificacionComprador': '(1964920) ALIMENTACIÓN -  ', 'EspecificacionProveedor': '(1964920) ALIMENTACIÓN -   ; Región Metropolitana de Santiago; Santiago; Direccion no aplica a productos virtuales; DESCUENTO 5,0%', 'Cantidad': 1.0, 'Unidad': None, 'Moneda': 'CLP', 'PrecioNeto': 6684874.0, 'TotalCargos': 0.0, 'TotalDescuentos': 0.0, 'TotalImpuestos': 0.0, 'Total': 6684874.0}]",ALIMENTACION,2026-03-03T16:15:36.826787,,,,,,,,,,,,,,
1643-477-CM26,COLACIONES PERSONAL TURNO NOCHE ENERO 2026,12,27693,2026-03-03,COLACIONES PERSONAL TURNO NOCHE ENERO 2026,12,Recepción Conforme,,Orden de Compra codigo: 1643-477-CM26 dirigida a EDENRED CHILE SOCIEDAD ANONIMA,9,CM,CLP,7,Recepción Conforme,1,4.767676767676767,99,494118.0,0.0,9882353.0,19.0,1783765.0,11172000.0,,CL,12,2,2026-02-19T16:24:20.88,2026-02-19T16:50:38.227,2026-02-19T17:09:33.713,,2026-02-19T16:40:00,7457,SERVICIO NACIONAL DE SALUD HOSPITAL DE T,61.602.122-2,2639,Hospital de Talagante,HOSPITALES Y CLINICAS,Balmaceda 1458,Talagante,Región Metropolitana de Santiago,CL,Vanessa Adasme,,,,27693,EDENRED CHILE SOCIEDAD ANONIMA,"RESTAURANTES| OTROS TIPOS DE INTERMEDIACION MONETARIA N.C.P.| SOCIEDADES DE INVERSION Y RENTISTAS DE CAPITALES MOBILIARIOS EN GENERA| COMPRA, VENTA Y ALQUILER (EXCEPTO AMOBLADOS) DE INMUEBLES PROPIOS O AR| OTRAS ACTIVIDADES EMPRESARIALES N.C.P.",27623,EDENRED CHILE S.A.,96.781.350-8,"Avenida Andres Bello # 2687, piso 13.",,,CL,,Contacto,,,1,"[{'Correlativo': 1, 'CodigoCategoria': 0, 'Categoria': '', 'CodigoProducto': 0, 'Producto': 'ALIMENTACIÓN -  ', 'EspecificacionComprador': '(1964920) ALIMENTACIÓN -  ', 'EspecificacionProveedor': '(1964920) ALIMENTACIÓN -   ; Región Metropolitana de Santiago; Santiago; Direccion no aplica a productos virtuales; DESCUENTO 5,0%', 'Cantidad': 1.0, 'Unidad': None, 'Moneda': 'CLP', 'PrecioNeto': 9882353.0, 'TotalCargos': 0.0, 'TotalDescuentos': 0.0, 'TotalImpuestos': 0.0, 'Total': 9882353.0}]",ALIMENTACION,2026-03-03T14:15:58.080442,,,,,,,,,,,,,,
165-15-CM26,Beneficio vestuario Secretarias y Administrativos.,4,27693,2026-03-03,Beneficio vestuario Secretarias y Administrativos.,4,Enviada a proveedor,,Orden de Compra codigo: 165-15-CM26 dirigida a EDENRED CHILE SOCIEDAD ANONIMA,9,CM,CLP,1,Nueva orden de compra,1,4.767676767676767,99,235227.0,0.0,1960228.0,0.0,0.0,1725001.0,,CL,12,2,2026-02-27T10:53:44,2026-03-03T12:51:57.24,,,2026-03-03T12:52:00,7082,CONSEJO NACIONAL DE EDUCACION,60.930.000-0,1163,Consejo Nacional de Educación,VENTA AL POR MENOR DE OTROS PRODUCTOS EN PEQUENOS ALMACENES NO ESPECIA| ACTIVIDADES DE OTRAS ASOCIACIONES N.C.P.| OTRAS ACTIVIDADES DE SERVICIOS PERSONALES N.C.P.,"Marchant Pereira N° 844, Providencia",Santiago,Región Metropolitana de Santiago,CL,Ignacio Pino,,,,27693,EDENRED CHILE SOCIEDAD ANONIMA,"RESTAURANTES| OTROS TIPOS DE INTERMEDIACION MONETARIA N.C.P.| SOCIEDADES DE INVERSION Y RENTISTAS DE CAPITALES MOBILIARIOS EN GENERA| COMPRA, VENTA Y ALQUILER (EXCEPTO AMOBLADOS) DE INMUEBLES PROPIOS O AR| OTRAS ACTIVIDADES EMPRESARIALES N.C.P.",27623,EDENRED CHILE S.A.,96.781.350-8,"Avenida Andres Bello # 2687, piso 13.",,,CL,,Contacto,,,1,"[{'Correlativo': 1, 'CodigoCategoria': 0, 'Categoria': '', 'CodigoProducto': 0, 'Producto': 'VESTUARIO Y CALZADO -  ', 'EspecificacionComprador': '(1964922) VESTUARIO Y CALZADO -  ', 'EspecificacionProveedor': '(1964922) VESTUARIO Y CALZADO -   ; Región Metropolitana de Santiago; Santiago; Direccion no aplica a productos virtuales; DESCUENTO 12,0%', 'Cantidad': 1.0, 'Unidad': None, 'Moneda': 'CLP', 'PrecioNeto': 1960228.0, 'TotalCargos': 0.0, 'TotalDescuentos': 0.0, 'TotalImpuestos': 0.0, 'Total': 1960228.0}]",VESTUARIO_Y_CALZADO,2026-03-03T16:15:36.826787,,,,,,,,,,,,,,
2200-437-CM25, TARJETAS DE ALIMENTACIÓN PARA FUNCIONARIOS DE LA DIRECCIÓN DEL SSA - DDP Orden de Compra  generada por la Gran Compra: 79386 (REEMPLAZA OC 2200-419-CM25),12,27693,2026-03-03, TARJETAS DE ALIMENTACIÓN PARA FUNCIONARIOS DE LA DIRECCIÓN DEL SSA - DDP Orden de Compra  generada por la Gran Compra: 79386 (REEMPLAZA OC 2200-419-CM25),12,Recepción Conforme,,"Servicio de Salud Aconcagua requiere la adquisición de 192 tarjetas de alimentación, para funcionarios de esta Dirección de Salud por el período de 36 meses, IC N°79386",9,CM,CLP,7,Recepción Conforme,1,4.767676767676767,99,28949580.0,0.0,578991597.0,19.0,104507983.0,654550000.0,1980,CL,12,2,2025-12-09T15:24:09.023,2025-12-09T15:44:30.15,2025-12-09T16:47:18.647,,2025-12-09T15:36:00,7431,SERVICIO DE SALUD ACONCAGUA,61.606.700-1,3195,Servicio de Salud Aconcagua,HOSPITALES Y CLINICAS,Pasaje Juana Ross 928,San Felipe,Región de Valparaíso ,CL,Joceline del Carmen Henriquez  Araya,,,,27693,EDENRED CHILE SOCIEDAD ANONIMA,"RESTAURANTES| OTROS TIPOS DE INTERMEDIACION MONETARIA N.C.P.| SOCIEDADES DE INVERSION Y RENTISTAS DE CAPITALES MOBILIARIOS EN GENERA| COMPRA, VENTA Y ALQUILER (EXCEPTO AMOBLADOS) DE INMUEBLES PROPIOS O AR| OTRAS ACTIVIDADES EMPRESARIALES N.C.P.",27623,EDENRED CHILE S.A.,96.781.350-8,"Avenida Andres Bello # 2687, piso 13.",,,CL,,Contacto,,,1,"[{'Correlativo': 1, 'CodigoCategoria': 0, 'Categoria': '', 'CodigoProducto': 0, 'Producto': 'ALIMENTACIÓN -  ', 'EspecificacionComprador': '(1964920) ALIMENTACIÓN -  ', 'EspecificacionProveedor': '(1964920) ALIMENTACIÓN -   ; Región Metropolitana de Santiago; Santiago; Direccion no aplica a productos virtuales; DESCUENTO 5,0%', 'Cantidad': 1.0, 'Unidad': None, 'Moneda': 'CLP', 'PrecioNeto': 578991597.0, 'TotalCargos': 0.0, 'TotalDescuentos': 0.0, 'TotalImpuestos': 0.0, 'Total': 578991597.0}]",ALIMENTACION,2026-03-03T14:15:58.080442,,,,,,,,,,,,,,
2430-41-CM26,Orden de Compra: 2430-41-CM26,4,27693,2026-03-03,Orden de Compra: 2430-41-CM26,4,Enviada a proveedor,,Orden de Compra codigo: 2430-41-CM26 dirigida a EDENRED CHILE SOCIEDAD ANONIMA,9,CM,CLP,1,Nueva orden de compra,1,4.767676767676767,99,2088000.0,0.0,36000000.0,0.0,0.0,33912000.0,24.01.007.002.001,CL,12,2,2026-03-03T10:31:58.81,2026-03-03T11:05:36.283,,,2026-03-03T10:41:00,87653,I MUNICIPALIDAD DE ANTOFAGASTA,69.020.300-6,3422,IMUNI_ANTOFAGASTA Gestion.Secoplan,-,AVENIDA SÉPTIMO DE LINEA 3505 2° PISO SECRETARIA DAF,Antofagasta,Región de Antofagasta ,CL,JEANNETTE ANDREA LOAYZA CONTRERAS,,,,27693,EDENRED CHILE SOCIEDAD ANONIMA,"RESTAURANTES| OTROS TIPOS DE INTERMEDIACION MONETARIA N.C.P.| SOCIEDADES DE INVERSION Y RENTISTAS DE CAPITALES MOBILIARIOS EN GENERA| COMPRA, VENTA Y ALQUILER (EXCEPTO AMOBLADOS) DE INMUEBLES PROPIOS O AR| OTRAS ACTIVIDADES EMPRESARIALES N.C.P.",27623,EDENRED CHILE S.A.,96.781.350-8,"Avenida Andres Bello # 2687, piso 13.",,,CL,,Contacto,,,1,"[{'Correlativo': 1, 'CodigoCategoria': 0, 'Categoria': '', 'CodigoProducto': 0, 'Producto': 'SUPERMERCADO -  ', 'EspecificacionComprador': '(1964921) SUPERMERCADO -  ', 'EspecificacionProveedor': '(1964921) SUPERMERCADO -   ; Región Metropolitana de Santiago; Santiago; Direccion no aplica a productos virtuales; DESCUENTO 5,8%', 'Cantidad': 1.0, 'Unidad': None, 'Moneda': 'CLP', 'PrecioNeto': 36000000.0, 'TotalCargos': 0.0, 'TotalDescuentos': 0.0, 'TotalImpuestos': 0.0, 'Total': 36000000.0}]",SUPERMERCADO,2026-03-03T14:15:58.080442,,,,,,,,,,,,,,
3474-128-CM26,ADQUISICION DE CARGAS DE LAS TARJETAS DE ALIMENTACION 4TO. ESCUADRÓN ,6,27693,2026-03-03,ADQUISICION DE CARGAS DE LAS TARJETAS DE ALIMENTACION 4TO. ESCUADRÓN ,6,Aceptada,,Orden de Compra codigo: 3474-128-CM26 dirigida a EDENRED CHILE SOCIEDAD ANONIMA,9,CM,CLP,4,Aceptada,1,4.767676767676767,99,1069429.0,0.0,21388571.0,19.0,3860637.0,24179780.0,,CL,12,2,2026-03-02T17:47:38.31,2026-03-02T17:51:31.31,2026-03-03T12:35:52.453,,2026-03-02T17:50:00,113812,DIRECCION DE LOGISTICA DE CARABINEROS,61.979.960-7,4395,Escuela de Carabineros,,"Calle Irarrazaval N° 4250, Ñuñoa",Ñuñoa,Región Metropolitana de Santiago,CL,CAROLINA  MARTINEZ,,,,27693,EDENRED CHILE SOCIEDAD ANONIMA,"RESTAURANTES| OTROS TIPOS DE INTERMEDIACION MONETARIA N.C.P.| SOCIEDADES DE INVERSION Y RENTISTAS DE CAPITALES MOBILIARIOS EN GENERA| COMPRA, VENTA Y ALQUILER (EXCEPTO AMOBLADOS) DE INMUEBLES PROPIOS O AR| OTRAS ACTIVIDADES EMPRESARIALES N.C.P.",27623,EDENRED CHILE S.A.,96.781.350-8,"Avenida Andres Bello # 2687, piso 13.",,,CL,,Contacto,,,1,"[{'Correlativo': 1, 'CodigoCategoria': 0, 'Categoria': '', 'CodigoProducto': 0, 'Producto': 'ALIMENTACIÓN -  ', 'EspecificacionComprador': '(1964920) ALIMENTACIÓN -  ', 'EspecificacionProveedor': '(1964920) ALIMENTACIÓN -   ; Región Metropolitana de Santiago; Santiago; Direccion no aplica a productos virtuales; DESCUENTO 5,0%', 'Cantidad': 1.0, 'Unidad': None, 'Moneda': 'CLP', 'PrecioNeto': 21388571.0, 'TotalCargos': 0.0, 'TotalDescuentos': 0.0, 'TotalImpuestos': 0.0, 'Total': 21388571.0}]",ALIMENTACION,2026-03-03T16:15:36.826787,,,,,,,,,,,,,,
5052-147-SE26,CM/2201001002/TARJETAS DE ALIMENTACIÓN GRAN COMPRA/ENERO,12,27693,2026-03-03,CM/2201001002/TARJETAS DE ALIMENTACIÓN GRAN COMPRA/ENERO,12,Recepción Conforme,,"GRAN COMPRA TARJETAS DE ALIMENTACIÓN
ASOCIADA A GRAN COMPRA N°: 78888
CORRESPONDIENTE AL MES DE ENERO DE 2026

BENEFICIO ALIMENTACION
La Orden de Compra debe estar ACEPTADA en el portal para poder cumplir con la recepción conforme",8,SE,CLP,7,Recepción Conforme,1,4.767676767676767,99,11550605.0,0.0,231012097.0,19.0,41697683.0,261159175.0,,CL,12,2,2026-02-12T10:55:53.01,2026-02-26T09:57:37.53,2026-02-26T10:50:15.85,,2026-02-12T11:50:00,7260,SERVICIO DE SALUD DEL MAULE HOSPITAL DE TALCA,61.606.901-2,5965,Generales,HOSPITALES Y CLINICAS,"1 norte N° 1951, 4°Piso",Talca,Región del Maule ,CL,Leonor Antonia Orellana Moyano,Asesor de compras,,,27693,EDENRED CHILE SOCIEDAD ANONIMA,RESTAURANTES| OTROS TIPOS DE INTERMEDIACION MONETA,27623,EDENRED CHILE S.A.,96.781.350-8,"Avenida Andres Bello # 2687, piso 13.",Las Condes,Región Metropolitana de Santiago,CL,YASMIN GUERRA,ADMINISTRATIVA MERCADO PUBLICO,,,1,"[{'Correlativo': 1, 'CodigoCategoria': 93151500, 'Categoria': 'Organizaciones y consultorías políticas, demográficas, económicas, sociales y de administración pública / Administración y finanzas públicas / Administración pública', 'CodigoProducto': 93151507, 'Producto': 'Procedimientos o servicios administrativos', 'EspecificacionComprador': '(1964920)\r\nALIMENTACIÓN - ;\r\nCódigo: ;Región : VII\r\n', 'EspecificacionProveedor': '(1964920)\r\nALIMENTACIÓN - ;\r\nCódigo: ;Región : VII\r\n', 'Cantidad': 1.0, 'Unidad': None, 'Moneda': 'CLP', 'PrecioNeto': 231012097.0, 'TotalCargos': 0.0, 'TotalDescuentos': 0.0, 'TotalImpuestos': 0.0, 'Total': 231012097.0}]",ALIMENTACION,2026-03-03T12:17:04.176500,,,,,,,,,,,,,,
507428-214-CM26,Orden de Compra: 507428-214-CM26,4,27693,2026-03-03,Orden de Compra: 507428-214-CM26,4,Enviada a proveedor,,"Orden de Compra codigo: 507428-214-CM26 dirigida a EDENRED CHILE SOCIEDAD ANONIMA
REFERENTE: CONSTANZA ZAMBRANO, CORREO: constanza.zambranoc@redsalud.gob.cl 
MONTO PARA CARGAR EN PLATAFORMA EDENRED $30.000.000",9,CM,CLP,1,Nueva orden de compra,1,4.767676767676767,99,1260504.0,0.0,25210084.0,19.0,4550420.0,28500000.0,744,CL,12,2,2026-03-03T09:52:46.06,2026-03-03T10:17:31.557,,,2026-03-03T09:58:00,16223,SERVICIO DE SALUD CHILOE,61.979.210-6,507428,Servicio de Salud Chiloé,Servicio Público,"Avda. Bernardo O'Higgins 504, Castro",Castro,Región de los Lagos ,CL,Patricia Lorena Trujillo Millao,,,,27693,EDENRED CHILE SOCIEDAD ANONIMA,"RESTAURANTES| OTROS TIPOS DE INTERMEDIACION MONETARIA N.C.P.| SOCIEDADES DE INVERSION Y RENTISTAS DE CAPITALES MOBILIARIOS EN GENERA| COMPRA, VENTA Y ALQUILER (EXCEPTO AMOBLADOS) DE INMUEBLES PROPIOS O AR| OTRAS ACTIVIDADES EMPRESARIALES N.C.P.",27623,EDENRED CHILE S.A.,96.781.350-8,"Avenida Andres Bello # 2687, piso 13.",,,CL,,Contacto,,,1,"[{'Correlativo': 1, 'CodigoCategoria': 0, 'Categoria': '', 'CodigoProducto': 0, 'Producto': 'ALIMENTACIÓN -  ', 'EspecificacionComprador': '(1964920) ALIMENTACIÓN -  ', 'EspecificacionProveedor': '(1964920) ALIMENTACIÓN -   ; Región Metropolitana de Santiago; Santiago; Direccion no aplica a productos virtuales; DESCUENTO 5,0%', 'Cantidad': 1.0, 'Unidad': None, 'Moneda': 'CLP', 'PrecioNeto': 25210084.0, 'TotalCargos': 0.0, 'TotalDescuentos': 0.0, 'TotalImpuestos': 0.0, 'Total': 25210084.0}]",ALIMENTACION,2026-03-03T14:15:58.080442,,,,,,,,,,,,,,
5349-427-CM26,RECARGA ALIMENTACIÓN MES DE FEBRERO 2026,12,27693,2026-03-03,RECARGA ALIMENTACIÓN MES DE FEBRERO 2026,12,Recepción Conforme,,"Orden de Compra codigo: 5349-427-CM26 dirigida a EDENRED CHILE SOCIEDAD ANONIMA
RECARGA ALIMENTACIÓN MES DE FEBRERO 2026
ITEM.22.01.001.002
MONTO CARGA: $55.948.273",9,CM,CLP,7,Recepción Conforme,1,4.767676767676767,99,2350768.0,0.0,47015355.0,19.0,8486272.0,53150859.0,,CL,12,2,2026-02-26T12:01:09.773,2026-02-26T12:06:00.897,2026-02-26T15:35:01.643,,2026-02-26T12:04:00,7412,HOSPITAL PROVINCIAL   DEL HUASCO MSR FERNANDO ARIZTIA RUIZ,61.606.303-0,6262,Adquisiciones No Clinicas,HOSPITALES Y CLINICAS,Av. Huasco N° 392  acceso sur Vallenar ,Vallenar,Región de Atacama ,CL,Natalia Mundaca,,,,27693,EDENRED CHILE SOCIEDAD ANONIMA,"RESTAURANTES| OTROS TIPOS DE INTERMEDIACION MONETARIA N.C.P.| SOCIEDADES DE INVERSION Y RENTISTAS DE CAPITALES MOBILIARIOS EN GENERA| COMPRA, VENTA Y ALQUILER (EXCEPTO AMOBLADOS) DE INMUEBLES PROPIOS O AR| OTRAS ACTIVIDADES EMPRESARIALES N.C.P.",27623,EDENRED CHILE S.A.,96.781.350-8,"Avenida Andres Bello # 2687, piso 13.",,,CL,,Contacto,,,1,"[{'Correlativo': 1, 'CodigoCategoria': 0, 'Categoria': '', 'CodigoProducto': 0, 'Producto': 'ALIMENTACIÓN -  ', 'EspecificacionComprador': '(1964920) ALIMENTACIÓN -  ', 'EspecificacionProveedor': '(1964920) ALIMENTACIÓN -   ; Región Metropolitana de Santiago; Santiago; Direccion no aplica a productos virtuales; DESCUENTO 5,0%', 'Cantidad': 1.0, 'Unidad': None, 'Moneda': 'CLP', 'PrecioNeto': 47015355.0, 'TotalCargos': 0.0, 'TotalDescuentos': 0.0, 'TotalImpuestos': 0.0, 'Total': 47015355.0}]",ALIMENTACION,2026-03-03T16:15:36.826787,,,,,,,,,,,,,,
707428-29-SE26,SERVICIO DE ALIMENTACION MARZO 2026,4,27693,2026-03-03,SERVICIO DE ALIMENTACION MARZO 2026,4,Enviada a proveedor,707428-1-LR24,"SERVICIO DE ALIMENTACION MARZO 2026
La Fundación Integra, en adelante indistintamente también “la Fundación” o “Integra””, requiere contratar los Servicios de Alimentación para Trabajadores y Trabajadoras de la oficina Sur Oriente, de conformidad a lo señalado en las presentes bases administrativas y a las especificaciones indicadas en las bases técnicas respectivas",8,SE,CLP,1,Nueva orden de compra,1,4.767676767676767,99,339332.0,0.0,8079329.0,19.0,1470599.0,9210596.0,,CL,12,2,2026-03-03T12:01:16.787,2026-03-03T12:22:12.12,,,2026-03-03T12:12:00,1172700,FUNDACION EDUCACIONAL PARA EL DESAROLLO INTEGRAL DE LA NIÑEZ,70.574.900-0,707428,Regional Sur-Oriente,Est. Enseñ. Pre-Escolar,Profesor Carlos Porter 23,Santiago,Región Metropolitana de Santiago,CL,Patricia Madriaza,Analista de Abastecimiento,,,27693,EDENRED CHILE SOCIEDAD ANONIMA,RESTAURANTES| OTROS TIPOS DE INTERMEDIACION MONETA,27623,EDENRED CHILE S.A.,96.781.350-8,"Avenida Andres Bello # 2687, piso 13.",Las Condes,Región Metropolitana de Santiago,CL,YASMIN GUERRA,ADMINISTRATIVA MERCADO PUBLICO,,,1,"[{'Correlativo': 1, 'CodigoCategoria': 93151500, 'Categoria': 'Organizaciones y consultorías políticas, demográficas, económicas, sociales y de administración pública / Administración y finanzas públicas / Administración pública', 'CodigoProducto': 93151507, 'Producto': 'Procedimientos o servicios administrativos', 'EspecificacionComprador': '', 'EspecificacionProveedor': '', 'Cantidad': 2003.0, 'Unidad': None, 'Moneda': 'CLP', 'PrecioNeto': 4033.614, 'TotalCargos': 0.0, 'TotalDescuentos': 0.0, 'TotalImpuestos': 0.0, 'Total': 8079328.842}]",ALIMENTACION,2026-03-03T16:15:36.826787,,,,,,,,,,,,,,
768-35-SE26,SERVICIO DE SALA CUNA,12,27693,2026-03-03,SERVICIO DE SALA CUNA,6,Aceptada,,"SERVICIO SALA CUNA FEBRERO  2026
PED.8794 GESTION DESARROLLO DE PERSONAS",8,SE,CLP,4,Aceptada,1,4.767676767676767,99,0.0,0.0,1071032.0,0.0,0.0,1071032.0,,CL,7,2,2026-03-03T09:11:00.597,2026-03-03T09:29:02.133,2026-03-03T09:43:51.887,,2026-03-03T09:17:00,7084,GOBIERNO REGIONAL DE TARAPACA,72.223.100-7,1764,Gobierno Regional de Tarapacá,,Av. Arturo Prat 1099,Iquique,Región de Tarapacá  ,CL,Natalia Gericke,Administrativo,,,27693,EDENRED CHILE SOCIEDAD ANONIMA,RESTAURANTES| OTROS TIPOS DE INTERMEDIACION MONETA,27623,EDENRED CHILE S.A.,96.781.350-8,"Avenida Andres Bello # 2687, piso 13.",Las Condes,Región Metropolitana de Santiago,CL,YASMIN GUERRA,ADMINISTRATIVA MERCADO PUBLICO,,,1,"[{'Correlativo': 1, 'CodigoCategoria': 91111900, 'Categoria': 'Servicios de cuidado personal y domésticos / Servicio doméstico y de cuidados / Cuidado de niños, personas enfermas y ancianos', 'CodigoProducto': 91111901, 'Producto': 'Jardines infantiles o salas cunas', 'EspecificacionComprador': 'SERVICIO SALA CUNA\r\nFEBRERO 2026', 'EspecificacionProveedor': '', 'Cantidad': 1.0, 'Unidad': None, 'Moneda': 'CLP', 'PrecioNeto': 1071032.0, 'TotalCargos': 0.0, 'TotalDescuentos': 0.0, 'TotalImpuestos': 0.0, 'Total': 1071032.0}]",SALA CUNA,2026-03-03T14:15:58.080442,,,,,,,,,,,,,,
1079969-42-CM26,BENEFICIO RECARGA TARJETA DE ALIMENTACIÓN MES FEBRERO POR UN VALOR TOTAL DE $204.000 PARA EL DEAOPERPOL,4,27693,2026-03-04,BENEFICIO RECARGA TARJETA DE ALIMENTACIÓN MES FEBRERO POR UN VALOR TOTAL DE $204.000 PARA EL DEAOPERPOL,4,Enviada a proveedor,,"TIPO DE RACION	
RACIONES ADMINISTRATIVO	$204.000.-
TOTAL	$204.000.-
",9,CM,CLP,1,Nueva orden de compra,1,4.767676767676767,99,8571.0,0.0,171429.0,19.0,30943.0,193800.0,,CL,12,2,2026-03-03T16:11:26.76,2026-03-04T08:52:49.563,,,2026-03-04T08:53:00,113812,DIRECCION DE LOGISTICA DE CARABINEROS,61.944.800-6,1079969,SECCIÓN COMPRAS ZONA SEG PRIV CONTROL ARMAS Y EXPL,COMPRAS SECCIÓN SEG PRIV CONT ARMAS Y EXPLOSIVOS,PASEO HUERFANOS N° 540 SANTIAGO,Santiago,Región Metropolitana de Santiago,CL,Nicol Priscila Paisil Marin,,,,27693,EDENRED CHILE SOCIEDAD ANONIMA,"RESTAURANTES| OTROS TIPOS DE INTERMEDIACION MONETARIA N.C.P.| SOCIEDADES DE INVERSION Y RENTISTAS DE CAPITALES MOBILIARIOS EN GENERA| COMPRA, VENTA Y ALQUILER (EXCEPTO AMOBLADOS) DE INMUEBLES PROPIOS O AR| OTRAS ACTIVIDADES EMPRESARIALES N.C.P.",27623,EDENRED CHILE S.A.,96.781.350-8,"Avenida Andres Bello # 2687, piso 13.",,,CL,,Contacto,,,1,"[{'Correlativo': 1, 'CodigoCategoria': 0, 'Categoria': '', 'CodigoProducto': 0, 'Producto': 'ALIMENTACIÓN -  ', 'EspecificacionComprador': '(1964920) ALIMENTACIÓN -  ', 'EspecificacionProveedor': '(1964920) ALIMENTACIÓN -   ; Región Metropolitana de Santiago; Santiago; Direccion no aplica a productos virtuales; DESCUENTO 5,0%', 'Cantidad': 1.0, 'Unidad': None, 'Moneda': 'CLP', 'PrecioNeto': 171429.0, 'TotalCargos': 0.0, 'TotalDescuentos': 0.0, 'TotalImpuestos': 0.0, 'Total': 171429.0}]",ALIMENTACION,2026-03-04T12:16:50.966102,,,,,,,,,,,,,,
1079969-43-CM26,BENEFICIO RECARGA TARJETA DE ALIMENTACIÓN MES FEBRERO POR UN VALOR TOTAL DE $ 1.026.000 PARA LA 67º COMISARIA SEGURIDAD PRIVADA,4,27693,2026-03-04,BENEFICIO RECARGA TARJETA DE ALIMENTACIÓN MES FEBRERO POR UN VALOR TOTAL DE $ 1.026.000 PARA LA 67º COMISARIA SEGURIDAD PRIVADA,4,Enviada a proveedor,,"TIPO DE RACION 

RACIONES OPERATIVOS $ 681.000 
RACIONES ADMINISTRATIVAS  $ 123.000 
COLACIONES $ 222.000
 
TOTAL $ 1.026.000 
",9,CM,CLP,1,Nueva orden de compra,1,4.767676767676767,99,43109.0,0.0,862185.0,19.0,155624.0,974700.0,,CL,12,2,2026-03-04T09:14:56.27,2026-03-04T09:42:01.48,,,2026-03-04T09:42:00,113812,DIRECCION DE LOGISTICA DE CARABINEROS,61.944.800-6,1079969,SECCIÓN COMPRAS ZONA SEG PRIV CONTROL ARMAS Y EXPL,COMPRAS SECCIÓN SEG PRIV CONT ARMAS Y EXPLOSIVOS,PASEO HUERFANOS N° 540 SANTIAGO,Santiago,Región Metropolitana de Santiago,CL,Nicol Priscila Paisil Marin,,,,27693,EDENRED CHILE SOCIEDAD ANONIMA,"RESTAURANTES| OTROS TIPOS DE INTERMEDIACION MONETARIA N.C.P.| SOCIEDADES DE INVERSION Y RENTISTAS DE CAPITALES MOBILIARIOS EN GENERA| COMPRA, VENTA Y ALQUILER (EXCEPTO AMOBLADOS) DE INMUEBLES PROPIOS O AR| OTRAS ACTIVIDADES EMPRESARIALES N.C.P.",27623,EDENRED CHILE S.A.,96.781.350-8,"Avenida Andres Bello # 2687, piso 13.",,,CL,,Contacto,,,1,"[{'Correlativo': 1, 'CodigoCategoria': 0, 'Categoria': '', 'CodigoProducto': 0, 'Producto': 'ALIMENTACIÓN -  ', 'EspecificacionComprador': '(1964920) ALIMENTACIÓN -  ', 'EspecificacionProveedor': '(1964920) ALIMENTACIÓN -   ; Región Metropolitana de Santiago; Santiago; Direccion no aplica a productos virtuales; DESCUENTO 5,0%', 'Cantidad': 1.0, 'Unidad': None, 'Moneda': 'CLP', 'PrecioNeto': 862185.0, 'TotalCargos': 0.0, 'TotalDescuentos': 0.0, 'TotalImpuestos': 0.0, 'Total': 862185.0}]",ALIMENTACION,2026-03-04T14:14:39.233990,,,,,,,,,,,,,,
1142-61-CM26,Vestuario Alta Montaña - Complejo Fronterizo Pehuenche,6,27693,2026-03-04,Vestuario Alta Montaña - Complejo Fronterizo Pehuenche,6,Aceptada,,"Vestuario Alta Montaña - Complejo Fronterizo Pehuenche
DIEGO SEPULVEDA GUTIERREZ",9,CM,CLP,4,Aceptada,1,4.767676767676767,99,245454.0,0.0,2045454.0,0.0,0.0,1800000.0,53,CL,12,2,2026-03-03T15:47:39.513,2026-03-03T17:16:57.463,2026-03-04T12:19:47.07,,2026-03-03T15:49:00,7225,DELEGACIÓN PRESIDENCIAL REGIONAL DEL MAULE,60.511.070-3,2138,Ministerio del Interior - DPR Maule,,1 Oriente 1150,Talca,Región del Maule ,CL,Diego Sepúlveda Gutierrez,,,,27693,EDENRED CHILE SOCIEDAD ANONIMA,"RESTAURANTES| OTROS TIPOS DE INTERMEDIACION MONETARIA N.C.P.| SOCIEDADES DE INVERSION Y RENTISTAS DE CAPITALES MOBILIARIOS EN GENERA| COMPRA, VENTA Y ALQUILER (EXCEPTO AMOBLADOS) DE INMUEBLES PROPIOS O AR| OTRAS ACTIVIDADES EMPRESARIALES N.C.P.",27623,EDENRED CHILE S.A.,96.781.350-8,"Avenida Andres Bello # 2687, piso 13.",,,CL,,Contacto,,,1,"[{'Correlativo': 1, 'CodigoCategoria': 0, 'Categoria': '', 'CodigoProducto': 0, 'Producto': 'VESTUARIO Y CALZADO -  ', 'EspecificacionComprador': '(1964922) VESTUARIO Y CALZADO -  ', 'EspecificacionProveedor': '(1964922) VESTUARIO Y CALZADO -   ; Región Metropolitana de Santiago; Santiago; Direccion no aplica a productos virtuales; DESCUENTO 12,0%', 'Cantidad': 1.0, 'Unidad': None, 'Moneda': 'CLP', 'PrecioNeto': 2045454.0, 'TotalCargos': 0.0, 'TotalDescuentos': 0.0, 'TotalImpuestos': 0.0, 'Total': 2045454.0}]",VESTUARIO_Y_CALZADO,2026-03-04T16:12:16.344803,,,,,,,,,,,,,,
1413-139-AG26, DIRREG LOS LAGOS REQUIERE ADQUIRIR GIF CARD DE ALIMENTACIÓN PROGRAMAS LICO Y PROGRAMA PAÍS. 1413-25-COT26,6,27693,2026-03-04, DIRREG LOS LAGOS REQUIERE ADQUIRIR GIF CARD DE ALIMENTACIÓN PROGRAMAS LICO Y PROGRAMA PAÍS. 1413-25-COT26,4,Enviada a proveedor,,"FACTURAR A NOMBRE DE DIRECCIÓN REGIONAL GENDARMERIA PUERTO MONTT,
RUT Nº 61.004.098-5.
DIRECCIÓN Avenida Presidente Ibáñez 600 edificio sector justicia piso 5 Oficina Logística. FONO: 65-2-467838.
Conforme a las nuevas instrucciones impartidas por la Dipres, se solicita entregar que la Factura indique número completo de orden de
compra en campo de referencia 801 y remitir formato XML a la casilla dipresrecepcion@custodium.com (Este formato XML debe ser
remitido antes de 72 horas, si no se cumple el sistema rechazará el documento y la empresa deberá anular la factura y generar una nueva)
",13,AG,CLP,1,Nueva orden de compra,1,4.767676767676767,99,0.0,0.0,1050420.0,19.0,199580.0,1250000.0,323,Other,9,2,2026-02-27T17:09:14.027,2026-03-02T10:44:22.983,,,2026-03-02T11:07:00,6925,DIRECCION GENERAL DE GENDARMERIA DE CHIL,61.004.098-5,2409,Región de Los Lagos,Gubernamental,,Puerto Montt,Región de los Lagos ,Other,Cristian Bartali Cofre Espinoza,Supervisor de Compras,,,27693,EDENRED CHILE SOCIEDAD ANONIMA,"RESTAURANTES| OTROS TIPOS DE INTERMEDIACION MONETARIA N.C.P.| SOCIEDADES DE INVERSION Y RENTISTAS DE CAPITALES MOBILIARIOS EN GENERA| COMPRA, VENTA Y ALQUILER (EXCEPTO AMOBLADOS) DE INMUEBLES PROPIOS O AR| OTRAS ACTIVIDADES EMPRESARIALES N.C.P.",27623,EDENRED CHILE S.A.,96.781.350-8,"Avenida Andres Bello # 2687, piso 13.",Las Condes,Región Metropolitana de Santiago,Other,YASMIN GUERRA,ADMINISTRATIVA MERCADO PUBLICO,,,1,"[{'Correlativo': 1, 'CodigoCategoria': 14111600, 'Categoria': 'Productos de papel / Productos de papel / Papel fantasía', 'CodigoProducto': 14111604, 'Producto': 'Tarjetas comerciales', 'EspecificacionComprador': 'Se solicita adquirir 02 GIF CARD de alimentación con comercios asociados en la comuna de Puerto Montt, de no ser así la oferta será declara inadmisible.GIF CARD N1° $900.000 GIF CARD N2° $350.000\r\n', 'EspecificacionProveedor': '', 'Cantidad': 2.0, 'Unidad': None, 'Moneda': 'CLP', 'PrecioNeto': 525210.0, 'TotalCargos': 0.0, 'TotalDescuentos': 0.0, 'TotalImpuestos': 0.0, 'Total': 0.0}]",ALIMENTACION,2026-03-02T14:16:32.946401,,,,,,,,,,,,,,
1434-34-CM26,Orden de Compra: 1434-34-CM26,4,27693,2026-03-04,Orden de Compra: 1434-34-CM26,4,Enviada a proveedor,,"Orden de Compra codigo: 1434-34-CM26 dirigida a EDENRED CHILE SOCIEDAD ANONIMA

Esta Institución retiene por todas las compras un impuesto del 2% del total facturado (Art.37 de la Ley 16.752)",9,CM,CLP,1,Nueva orden de compra,1,4.767676767676767,99,246285.0,0.0,4246285.0,0.0,0.0,4000000.0,CDP,CL,12,2,2026-02-23T15:51:26.927,2026-03-04T11:11:12.227,,,2026-03-04T11:10:00,7202,DIRECCION GENERAL DE AERONAUTICA CIVIL,61.104.022-9,2430,UNIDAD DE COMPRA BIENESTAR SOCIAL REGION METROPOLITANA,,Avda. Eliodoro Yañez N 2394                       ,Providencia,Región Metropolitana de Santiago,CL,Cristian Alex Gomez Zapata,,,,27693,EDENRED CHILE SOCIEDAD ANONIMA,"RESTAURANTES| OTROS TIPOS DE INTERMEDIACION MONETARIA N.C.P.| SOCIEDADES DE INVERSION Y RENTISTAS DE CAPITALES MOBILIARIOS EN GENERA| COMPRA, VENTA Y ALQUILER (EXCEPTO AMOBLADOS) DE INMUEBLES PROPIOS O AR| OTRAS ACTIVIDADES EMPRESARIALES N.C.P.",27623,EDENRED CHILE S.A.,96.781.350-8,"Avenida Andres Bello # 2687, piso 13.",,,CL,,Contacto,,,1,"[{'Correlativo': 1, 'CodigoCategoria': 0, 'Categoria': '', 'CodigoProducto': 0, 'Producto': 'SUPERMERCADO -  ', 'EspecificacionComprador': '(1964921) SUPERMERCADO -  ', 'EspecificacionProveedor': '(1964921) SUPERMERCADO -   ; Región Metropolitana de Santiago; Santiago; Direccion no aplica a productos virtuales; DESCUENTO 5,8%', 'Cantidad': 1.0, 'Unidad': None, 'Moneda': 'CLP', 'PrecioNeto': 4246285.0, 'TotalCargos': 0.0, 'TotalDescuentos': 0.0, 'TotalImpuestos': 0.0, 'Total': 4246285.0}]",SUPERMERCADO,2026-03-04T14:14:39.233990,,,,,,,,,,,,,,
1462-45-CM26,Orden de Compra: 1462-45-CM26,12,27693,2026-03-04,Orden de Compra: 1462-45-CM26,12,Recepción Conforme,,Orden de Compra codigo: 1462-45-CM26 dirigida a EDENRED CHILE SOCIEDAD ANONIMA,9,CM,CLP,7,Recepción Conforme,1,4.767676767676767,99,381235.0,0.0,7624705.0,19.0,1376259.0,8619729.0,,CL,12,2,2026-02-02T16:01:13.907,2026-02-03T10:03:40.153,2026-02-03T13:02:54.453,,2026-02-03T10:01:00,7255,SERVICIO DE SALUD DEL MAULE HOSPITAL DE HUALANE,61.606.906-3,2458,Hospital Hualañé,HOSPITALES Y CLINICAS,Av Libertad N° 402,Hualañé,Región del Maule ,CL,PATRICIA FUENTES CALQUIN,,,,27693,EDENRED CHILE SOCIEDAD ANONIMA,"RESTAURANTES| OTROS TIPOS DE INTERMEDIACION MONETARIA N.C.P.| SOCIEDADES DE INVERSION Y RENTISTAS DE CAPITALES MOBILIARIOS EN GENERA| COMPRA, VENTA Y ALQUILER (EXCEPTO AMOBLADOS) DE INMUEBLES PROPIOS O AR| OTRAS ACTIVIDADES EMPRESARIALES N.C.P.",27623,EDENRED CHILE S.A.,96.781.350-8,"Avenida Andres Bello # 2687, piso 13.",,,CL,,Contacto,,,1,"[{'Correlativo': 1, 'CodigoCategoria': 0, 'Categoria': '', 'CodigoProducto': 0, 'Producto': 'ALIMENTACIÓN -  ', 'EspecificacionComprador': '(1964920) ALIMENTACIÓN -  ', 'EspecificacionProveedor': '(1964920) ALIMENTACIÓN -   ; Región Metropolitana de Santiago; Santiago; Direccion no aplica a productos virtuales; DESCUENTO 5,0%', 'Cantidad': 1.0, 'Unidad': None, 'Moneda': 'CLP', 'PrecioNeto': 7624705.0, 'TotalCargos': 0.0, 'TotalDescuentos': 0.0, 'TotalImpuestos': 0.0, 'Total': 7624705.0}]",ALIMENTACION,2026-03-04T14:14:39.233990,,,,,,,,,,,,,,
1462-72-CM26,Orden de Compra: 1462-72-CM26,12,27693,2026-03-04,Orden de Compra: 1462-72-CM26,12,Recepción Conforme,,Orden de Compra codigo: 1462-72-CM26 dirigida a EDENRED CHILE SOCIEDAD ANONIMA,9,CM,CLP,7,Recepción Conforme,1,4.767676767676767,99,361534.0,0.0,7230672.0,19.0,1305136.0,8174275.0,,CL,12,2,2026-03-03T11:52:56.503,2026-03-03T15:30:04,2026-03-03T16:59:55.74,,2026-03-03T15:30:00,7255,SERVICIO DE SALUD DEL MAULE HOSPITAL DE HUALANE,61.606.906-3,2458,Hospital Hualañé,HOSPITALES Y CLINICAS,Av Libertad N° 402,Hualañé,Región del Maule ,CL,YOBANA CESPEDES,,,,27693,EDENRED CHILE SOCIEDAD ANONIMA,"RESTAURANTES| OTROS TIPOS DE INTERMEDIACION MONETARIA N.C.P.| SOCIEDADES DE INVERSION Y RENTISTAS DE CAPITALES MOBILIARIOS EN GENERA| COMPRA, VENTA Y ALQUILER (EXCEPTO AMOBLADOS) DE INMUEBLES PROPIOS O AR| OTRAS ACTIVIDADES EMPRESARIALES N.C.P.",27623,EDENRED CHILE S.A.,96.781.350-8,"Avenida Andres Bello # 2687, piso 13.",,,CL,,Contacto,,,1,"[{'Correlativo': 1, 'CodigoCategoria': 0, 'Categoria': '', 'CodigoProducto': 0, 'Producto': 'ALIMENTACIÓN -  ', 'EspecificacionComprador': '(1964920) ALIMENTACIÓN -  ', 'EspecificacionProveedor': '(1964920) ALIMENTACIÓN -   ; Región Metropolitana de Santiago; Santiago; Direccion no aplica a productos virtuales; DESCUENTO 5,0%', 'Cantidad': 1.0, 'Unidad': None, 'Moneda': 'CLP', 'PrecioNeto': 7230672.0, 'TotalCargos': 0.0, 'TotalDescuentos': 0.0, 'TotalImpuestos': 0.0, 'Total': 7230672.0}]",ALIMENTACION,2026-03-04T16:12:16.344803,,,,,,,,,,,,,,
1464-292-CM26,BENEFICIO DE ALIMENTACIÓN PARA FUNCIONARIOS DEL HOSPITAL DE PARRAL RECARGAS PARA EL MES DE MARZO 2026.,12,27693,2026-03-04,BENEFICIO DE ALIMENTACIÓN PARA FUNCIONARIOS DEL HOSPITAL DE PARRAL RECARGAS PARA EL MES DE MARZO 2026.,12,Recepción Conforme,,Orden de Compra codigo: 1464-292-CM26 dirigida a EDENRED CHILE SOCIEDAD ANONIMA,9,CM,CLP,7,Recepción Conforme,1,4.767676767676767,99,1250000.0,0.0,25000000.0,19.0,4512500.0,28262500.0,,CL,12,2,2026-02-27T09:36:00.18,2026-02-27T12:04:43.81,2026-02-27T13:42:48.287,,2026-02-27T09:52:00,7259,SERVICIO DE SALUD DEL MAULE HOSPITAL DE PARRAL,61.606.918-7,2460,Hospital Parral,HOSPITALES Y CLINICAS,"ANIBAL PINTO 1255, PARRAL, ACCESO ORIENTE PORTON",Parral,Región del Maule ,CL,VICTOR  RODRIGUEZ PARRA,,,,27693,EDENRED CHILE SOCIEDAD ANONIMA,"RESTAURANTES| OTROS TIPOS DE INTERMEDIACION MONETARIA N.C.P.| SOCIEDADES DE INVERSION Y RENTISTAS DE CAPITALES MOBILIARIOS EN GENERA| COMPRA, VENTA Y ALQUILER (EXCEPTO AMOBLADOS) DE INMUEBLES PROPIOS O AR| OTRAS ACTIVIDADES EMPRESARIALES N.C.P.",27623,EDENRED CHILE S.A.,96.781.350-8,"Avenida Andres Bello # 2687, piso 13.",,,CL,,Contacto,,,1,"[{'Correlativo': 1, 'CodigoCategoria': 0, 'Categoria': '', 'CodigoProducto': 0, 'Producto': 'ALIMENTACIÓN -  ', 'EspecificacionComprador': '(1964920) ALIMENTACIÓN -  ', 'EspecificacionProveedor': '(1964920) ALIMENTACIÓN -   ; Región Metropolitana de Santiago; Santiago; Direccion no aplica a productos virtuales; DESCUENTO 5,0%', 'Cantidad': 1.0, 'Unidad': None, 'Moneda': 'CLP', 'PrecioNeto': 25000000.0, 'TotalCargos': 0.0, 'TotalDescuentos': 0.0, 'TotalImpuestos': 0.0, 'Total': 25000000.0}]",ALIMENTACION,2026-03-04T14:14:39.233990,,,,,,,,,,,,,,
1623-91-CM26,Beneficio de Alimentación Funcionario Febrero 2026,4,27693,2026-03-04,Beneficio de Alimentación Funcionario Febrero 2026,4,Enviada a proveedor,,Orden de Compra codigo: 1623-91-CM26 dirigida a EDENRED CHILE SOCIEDAD ANONIMA,9,CM,CLP,1,Nueva orden de compra,1,4.767676767676767,99,530740.0,0.0,10614800.0,19.0,1915971.0,12000031.0,387,CL,12,2,2026-03-02T16:35:23.473,2026-03-04T08:57:57.337,,,2026-03-02T16:38:00,7444,SERVICIO DE SALUD HOSPITAL DE PEUMO,61.602.142-7,2619,Hospital de Peumo,,San Juan de Dios 20,,,CL,NELSON VALENZUELA,,,,27693,EDENRED CHILE SOCIEDAD ANONIMA,"RESTAURANTES| OTROS TIPOS DE INTERMEDIACION MONETARIA N.C.P.| SOCIEDADES DE INVERSION Y RENTISTAS DE CAPITALES MOBILIARIOS EN GENERA| COMPRA, VENTA Y ALQUILER (EXCEPTO AMOBLADOS) DE INMUEBLES PROPIOS O AR| OTRAS ACTIVIDADES EMPRESARIALES N.C.P.",27623,EDENRED CHILE S.A.,96.781.350-8,"Avenida Andres Bello # 2687, piso 13.",,,CL,,Contacto,,,1,"[{'Correlativo': 1, 'CodigoCategoria': 0, 'Categoria': '', 'CodigoProducto': 0, 'Producto': 'ALIMENTACIÓN -  ', 'EspecificacionComprador': '(1964920) ALIMENTACIÓN -  ', 'EspecificacionProveedor': '(1964920) ALIMENTACIÓN -   ; Región Metropolitana de Santiago; Santiago; Direccion no aplica a productos virtuales; DESCUENTO 5,0%', 'Cantidad': 1.0, 'Unidad': None, 'Moneda': 'CLP', 'PrecioNeto': 10614800.0, 'TotalCargos': 0.0, 'TotalDescuentos': 0.0, 'TotalImpuestos': 0.0, 'Total': 10614800.0}]",ALIMENTACION,2026-03-04T12:16:50.966102,,,,,,,,,,,,,,
1953-85-SE26,"501 SERVICIO ADM. SALAS CUNAS REGIÓN VALPO, FEBRERO 2026",6,27693,2026-03-04,"501 SERVICIO ADM. SALAS CUNAS REGIÓN VALPO, FEBRERO 2026",6,Aceptada,1953-80-LP25,"501 SERVICIO ADMINISTRACIÓN SALA CUNA REGION VALPO DESDE 1953-80-LP25

FACTURAR A:
GENDARMERIA DE CHILE  
RUT: 61.004.024-1 
DIRECCION: BLANCO 1090 EDIF. BAHIA QUINTIL, VALPARAÍSO 
 
- La entrega de los productos deberá ser con “GUIA DE DESPACHO”. 
- No podrá facturar antes de que la orden de compra se encuentre en estado “RECEPCION CONFORME”, si se factura antes será rechazada por SII. 
- Las facturas, notas de crédito y débito, deben ser enviadas a la casilla: dipresrecepcion@custodium.com 
- Deberán informar sus datos bancarios.  
- Para consultas del pago de sus facturas, realizarlo en www.tgr.cl 

",8,SE,CLP,4,Aceptada,1,4.767676767676767,99,0.0,0.0,12040070.0,0.0,0.0,12040070.0,1040,CL,12,2,2026-01-23T00:34:01.627,2026-03-03T16:25:31.217,2026-03-04T13:05:33.59,,2026-03-03T10:07:00,6925,DIRECCION GENERAL DE GENDARMERIA DE CHIL,61.004.024-1,2948,Región de Valparaíso,Gubernamental,"Blanco N° 1090 , edificio Bahía de Quintil, Valparaiso",Valparaíso,Región de Valparaíso ,CL,Verónica Jacqueline Amunátegui Corvalán,Supervisor de Compra,,,27693,EDENRED CHILE SOCIEDAD ANONIMA,RESTAURANTES| OTROS TIPOS DE INTERMEDIACION MONETA,27623,EDENRED CHILE S.A.,96.781.350-8,"Avenida Andres Bello # 2687, piso 13.",Las Condes,Región Metropolitana de Santiago,CL,YASMIN GUERRA,ADMINISTRATIVA MERCADO PUBLICO,,,1,"[{'Correlativo': 1, 'CodigoCategoria': 91111900, 'Categoria': 'Servicios de cuidado personal y domésticos / Servicio doméstico y de cuidados / Cuidado de niños, personas enfermas y ancianos', 'CodigoProducto': 91111901, 'Producto': 'Jardines infantiles o salas cunas', 'EspecificacionComprador': 'COMISIÓN POR ADMINISTRACIÓN Y CARGOS MENSUAL POR BENEFICIO SALAS CUNAS REGIÓN DE VALPARAÍSO.', 'EspecificacionProveedor': 'Se consideran matrículas anuales y mensualidades mes FEBRERO 2026.\r\n', 'Cantidad': 1.0, 'Unidad': None, 'Moneda': 'CLP', 'PrecioNeto': 11689388.0, 'TotalCargos': 350682.0, 'TotalDescuentos': 0.0, 'TotalImpuestos': 0.0, 'Total': 12390752.0}]",SALA CUNA,2026-03-04T16:12:16.344803,,,,,,,,,,,,,,
3251-1828-CM25,Orden de Compra: 3251-1828-CM25 Uniforme,12,27693,2026-03-04,Orden de Compra: 3251-1828-CM25 Uniforme,12,Recepción Conforme,,Orden de Compra codigo: 3251-1828-CM25 dirigida a EDENRED CHILE SOCIEDAD ANONIMA,9,CM,CLP,7,Recepción Conforme,1,4.767676767676767,99,204079.0,0.0,1700658.0,0.0,0.0,1496579.0,Presupuesto de salud,CL,12,2,2025-11-12T12:44:33.92,2025-11-12T12:51:10.03,2025-11-13T17:42:16.847,,2025-11-13T14:44:00,113978,I MUNICIPALIDAD DE PELLUHUE,69.252.700-3,4172,Departamento de Salud,GOBIERNO CENTRAL Y ADMINISTRACION PUBLICA,Avenida Padre Samuel Jofré 415 Curanipe,,,CL,Mitzy del Pilar Vega Torres,,,,27693,EDENRED CHILE SOCIEDAD ANONIMA,"RESTAURANTES| OTROS TIPOS DE INTERMEDIACION MONETARIA N.C.P.| SOCIEDADES DE INVERSION Y RENTISTAS DE CAPITALES MOBILIARIOS EN GENERA| COMPRA, VENTA Y ALQUILER (EXCEPTO AMOBLADOS) DE INMUEBLES PROPIOS O AR| OTRAS ACTIVIDADES EMPRESARIALES N.C.P.",27623,EDENRED CHILE S.A.,96.781.350-8,"Avenida Andres Bello # 2687, piso 13.",,,CL,,Contacto,,,1,"[{'Correlativo': 1, 'CodigoCategoria': 0, 'Categoria': '', 'CodigoProducto': 0, 'Producto': 'VESTUARIO Y CALZADO -  ', 'EspecificacionComprador': '(1964922) VESTUARIO Y CALZADO -  ', 'EspecificacionProveedor': '(1964922) VESTUARIO Y CALZADO -   ; Región Metropolitana de Santiago; Santiago; Direccion no aplica a productos virtuales; DESCUENTO 12,0%', 'Cantidad': 1.0, 'Unidad': None, 'Moneda': 'CLP', 'PrecioNeto': 1700658.0, 'TotalCargos': 0.0, 'TotalDescuentos': 0.0, 'TotalImpuestos': 0.0, 'Total': 1700658.0}]",VESTUARIO_Y_CALZADO,2026-03-04T14:14:39.233990,,,,,,,,,,,,,,
707420-12-SE25,ORDEN DE COMPRA DESDE 707420-6-LQ24,12,27693,2026-03-04,ORDEN DE COMPRA DESDE 707420-6-LQ24,12,Recepción Conforme,707420-6-LQ24,SERVICIO DE ALIMENTACION PARA TRABAJADORES Y TRABAJADORAS DE FUNDACION INTEGRA REGION DEL MAULE AÑO 2025,8,SE,CLP,7,Recepción Conforme,1,4.767676767676767,99,4488957.0,0.0,124693260.0,19.0,22838818.0,143043121.0,,CL,22,2,2025-03-10T09:38:14.127,2025-03-10T10:21:46.12,2025-03-11T12:20:21.99,,2025-03-10T10:19:00,1172700,FUNDACION EDUCACIONAL PARA EL DESAROLLO INTEGRAL DE LA NIÑEZ,70.574.900-0,707420,Regional Maule,Est. Enseñ. Pre-Escolar,"1 Sur #1201 Esquina 5 Oriente , Ed. Carlos Zaror",Talca,Región del Maule ,CL,Yeraldine Muñoz,Analista Abastecimiento,,,27693,EDENRED CHILE SOCIEDAD ANONIMA,RESTAURANTES| OTROS TIPOS DE INTERMEDIACION MONETA,27623,EDENRED CHILE S.A.,96.781.350-8,"Avenida Andres Bello # 2687, piso 13.",Las Condes,Región Metropolitana de Santiago,CL,YASMIN GUERRA,ADMINISTRATIVA MERCADO PUBLICO,,,1,"[{'Correlativo': 1, 'CodigoCategoria': 90101600, 'Categoria': 'Servicios de Viajes, alimentación, alojamiento y entretenimiento / Restaurantes y catering / Servicios de comedor y banquetes', 'CodigoProducto': 90101603, 'Producto': 'Servicios de catering', 'EspecificacionComprador': 'Servicio de Alimentación desde Marzo a Diciembre, según Bases\r\nAdjuntas', 'EspecificacionProveedor': 'Se presenta oferta Edenred Chile S.A. conforme las Bases Administrativas y Técnicas del proceso.', 'Cantidad': 10.0, 'Unidad': None, 'Moneda': 'CLP', 'PrecioNeto': 12469326.05, 'TotalCargos': 0.0, 'TotalDescuentos': 0.0, 'TotalImpuestos': 0.0, 'Total': 124693260.5}]",ALIMENTACION,2026-03-04T16:12:16.344803,,,,,,,,,,,,,,
769-4874-SE25,DESDE GRAN COMPRA 78273 ENTREGA DE BENEFICIOS Y TARJETA ALIMENTACION 4.1,12,27693,2026-03-04,DESDE GRAN COMPRA 78273 ENTREGA DE BENEFICIOS Y TARJETA ALIMENTACION 4.1,12,Recepción Conforme,,"DESDE GRAN COMPRA 78273 ENTREGA DE BENEFICIOS Y TARJETA ALIMENTACION, DESDE CONVENIO MARCO 2239-13-LR23.
MONTO MENSUAL DE $ 80.000.000, PARA UN PROMEDIO DE 696 FUNCIONARIOS SERVICIO DE SALUD ANTOFAGASTA. RES. 2592 AP. INTENCION DE COMPRA, RES.
3441, SC 637, VIGENCIA DEL CONTRATO DE 12 MESES.",8,SE,CLP,7,Recepción Conforme,1,4.767676767676767,99,40336134.0,0.0,806722689.0,19.0,145613445.0,912000000.0,1950,CL,7,2,2025-10-16T12:17:58.7,2025-10-23T14:52:59.203,2025-10-27T09:37:12.297,,2025-10-23T14:52:00,7185,SERVICIO DE SALUD ANTOFAGASTA DIRECCION,61.606.200-k,1765,SERVICIO DE SALUD ANTOFAGASTA DIRECCION,,SIMON BOLIVAR 523 SECTOR CENTRO ,Antofagasta,Región de Antofagasta ,CL,Miriam Ximena Campillay Jofré,ADMINISTRADOR,,,27693,EDENRED CHILE SOCIEDAD ANONIMA,RESTAURANTES| OTROS TIPOS DE INTERMEDIACION MONETA,27623,EDENRED CHILE S.A.,96.781.350-8,"Avenida Andres Bello # 2687, piso 13.",Las Condes,Región Metropolitana de Santiago,CL,YASMIN GUERRA,ADMINISTRATIVA MERCADO PUBLICO,,,1,"[{'Correlativo': 1, 'CodigoCategoria': 93151500, 'Categoria': 'Organizaciones y consultorías políticas, demográficas, económicas, sociales y de administración pública / Administración y finanzas públicas / Administración pública', 'CodigoProducto': 93151507, 'Producto': 'Procedimientos o servicios administrativos', 'EspecificacionComprador': 'PERIODO 12 MESES', 'EspecificacionProveedor': 'ENTREGA DE BENEFICIOS Y TARJETA DE ALIMENTACION', 'Cantidad': 1.0, 'Unidad': None, 'Moneda': 'CLP', 'PrecioNeto': 806722689.0, 'TotalCargos': 0.0, 'TotalDescuentos': 0.0, 'TotalImpuestos': 0.0, 'Total': 806722689.0}]",ALIMENTACION,2026-03-04T16:12:16.344803,,,,,,,,,,,,,,
1057415-2819-CM26,CM-BENEFICIO DE ALIMENTACION FEBRERO-REQ.1.22.01.001.002-HFCN 45391 - (ecm),4,27693,2026-03-05,CM-BENEFICIO DE ALIMENTACION FEBRERO-REQ.1.22.01.001.002-HFCN 45391 - (ecm),4,Enviada a proveedor,,"HFCN 45391 - Unidad Finanzas
MES FEBRERO 2026
DATOS DE CONTACTO PEDRO ALBIAL GONZALEZ 432333021
pedro.albial@ssbiobio.cl",9,CM,CLP,1,Nueva orden de compra,1,4.767676767676767,99,1196816.0,0.0,23936312.0,19.0,4320504.0,27060001.0,,CL,12,2,2026-03-03T15:56:23.773,2026-03-05T12:04:23.353,,,2026-03-03T16:02:00,7388,SERVICIO SALUD BIO BIO HOSPITAL NACIMIENTO,61.602.220-2,1057415,Bienes y Servicios,Servicio Público,Av. Julio Hemmelmann 711,,,CL,EDITH AMANDA CRUCES MARTINEZ,,,,27693,EDENRED CHILE SOCIEDAD ANONIMA,"RESTAURANTES| OTROS TIPOS DE INTERMEDIACION MONETARIA N.C.P.| SOCIEDADES DE INVERSION Y RENTISTAS DE CAPITALES MOBILIARIOS EN GENERA| COMPRA, VENTA Y ALQUILER (EXCEPTO AMOBLADOS) DE INMUEBLES PROPIOS O AR| OTRAS ACTIVIDADES EMPRESARIALES N.C.P.",27623,EDENRED CHILE S.A.,96.781.350-8,"Avenida Andres Bello # 2687, piso 13.",,,CL,,Contacto,,,1,"[{'Correlativo': 1, 'CodigoCategoria': 0, 'Categoria': '', 'CodigoProducto': 0, 'Producto': 'ALIMENTACIÓN -  ', 'EspecificacionComprador': '(1964920) ALIMENTACIÓN -  ', 'EspecificacionProveedor': '(1964920) ALIMENTACIÓN -   ; Región Metropolitana de Santiago; Santiago; Direccion no aplica a productos virtuales; DESCUENTO 5,0%', 'Cantidad': 1.0, 'Unidad': None, 'Moneda': 'CLP', 'PrecioNeto': 23936312.0, 'TotalCargos': 0.0, 'TotalDescuentos': 0.0, 'TotalImpuestos': 0.0, 'Total': 23936312.0}]",ALIMENTACION,2026-03-05T16:17:08.690707,,,,,,,,,,,,,,
1057421-53-SE26,"GC - ADMINISTRACIÓN DE BENEFICIO DE ALIMENTACIÓN A TRAVES DE TARJETAS Y SISTEMA ELECTRONICO DE CANJE PARA FUNCIONARIOS DEL HOSPITAL DE LAJA, FOLIO N°48647 REQ. 9 ITEM 22.01.001.001 (llh)",12,27693,2026-03-05,"GC - ADMINISTRACIÓN DE BENEFICIO DE ALIMENTACIÓN A TRAVES DE TARJETAS Y SISTEMA ELECTRONICO DE CANJE PARA FUNCIONARIOS DEL HOSPITAL DE LAJA, FOLIO N°48647 REQ. 9 ITEM 22.01.001.001 (llh)",12,Recepción Conforme,,"GRAN COMPRA GENERADA BAJO LA ID 80149, emitida a EDENRED CHILE S.A. Solicitud de Adquisición FOLIO N°48.647, emitida por Srta. Jeannette Palma Morales, Funcionaria Administrativo de la Unidad de Finanzas, quien solicita el convenio Por un monto a Recargar de $648.000.000, que sera solicitado de forma mensual por administrador de contrato Srta. Nancy Inostroza R. fono contacto 432332693. Fecha de Inicio 01 de febrero de 2026.

Orden de compra Inicial ID 1057421-51-CM26, (No Aceptada) no contenía el desglose del descuento del 5% por tanto se genera nueva orden de compra que regirá el convenio por toda su vigencia. 

",8,SE,CLP,7,Recepción Conforme,1,4.767676767676767,99,27226891.0,0.0,544537815.0,19.0,98289076.0,615600000.0,290,CL,22,2,2026-01-28T15:52:44.59,2026-02-06T14:46:54.237,2026-02-06T14:57:14.893,,2026-02-24T13:27:00,7464,SERVICIO DE SALUD BIO BIO HOSPITAL DE LAJA,61.607.306-0,1057421,Bienes y Servicios,Servicio Público,"AVENIDA LOS RIOS 840, LAJA",Laja,Región del Biobío ,CL,Lorena Lagos Hidalgo,Administrativo,,,27693,EDENRED CHILE SOCIEDAD ANONIMA,RESTAURANTES| OTROS TIPOS DE INTERMEDIACION MONETA,27623,EDENRED CHILE S.A.,96.781.350-8,"Avenida Andres Bello # 2687, piso 13.",Las Condes,Región Metropolitana de Santiago,CL,YASMIN GUERRA,ADMINISTRATIVA MERCADO PUBLICO,,,1,"[{'Correlativo': 1, 'CodigoCategoria': 93151500, 'Categoria': 'Organizaciones y consultorías políticas, demográficas, económicas, sociales y de administración pública / Administración y finanzas públicas / Administración pública', 'CodigoProducto': 93151507, 'Producto': 'Procedimientos o servicios administrativos', 'EspecificacionComprador': 'ADMINISTRACIÓN DE BENEFICIO DE ALIMENTACION A TRAVES DE TARJETAS Y SISTEMA ELECTRONICO DE CANJE PARA FUNCIONARIOS DEL HOSPITAL DE LAJA. ', 'EspecificacionProveedor': 'ADMINISTRACIÓN DE BENEFICIO DE ALIMENTACION A TRAVES DE TARJETAS Y SISTEMA ELECTRONICO DE CANJE PARA FUNCIONARIOS DEL HOSPITAL DE LAJA. ', 'Cantidad': 1.0, 'Unidad': None, 'Moneda': 'CLP', 'PrecioNeto': 544537815.0, 'TotalCargos': 0.0, 'TotalDescuentos': 0.0, 'TotalImpuestos': 0.0, 'Total': 544537815.0}]",ALIMENTACION,2026-03-05T16:17:08.690707,,,,,,,,,,,,,,
1057536-376-CM26,CALZADOS SECRETARIAS SSDR,12,27693,2026-03-05,CALZADOS SECRETARIAS SSDR,12,Recepción Conforme,,"ORDEN DE COMPRA CORRESPONDIENTE A ADQUISICION DE CALZADO SECRETARIAS SSDRSOLICITUD 361-2026
30 GIFT CARD NO PERSONALIZADAS 
MONTO CARGA $90.933 CADA UNA
FACTURAR POSTERIOR A LA RECEPCIÓN CONFORME EN EL PORTAL MERCADO PÚBLICO, COMPLETAR EL CAMPO DE REFEREN",9,CM,CLP,7,Recepción Conforme,1,4.767676767676767,99,327360.0,0.0,2728000.0,0.0,0.0,2400640.0,,CL,12,2,2026-02-10T07:31:28.703,2026-02-10T12:33:37.37,2026-02-10T15:37:32.453,,2026-02-10T08:34:00,7104,SERVICIO SALUD DEL RELONCAVI,61.607.700-7,1057536,Servicio de Salud del Reloncaví,Servicio Público,"ESMERALDA 269, PISO 5 POBL. ESMERALDA",Puerto Montt,Región de los Lagos ,CL,ROXANA DIAZ,,,,27693,EDENRED CHILE SOCIEDAD ANONIMA,"RESTAURANTES| OTROS TIPOS DE INTERMEDIACION MONETARIA N.C.P.| SOCIEDADES DE INVERSION Y RENTISTAS DE CAPITALES MOBILIARIOS EN GENERA| COMPRA, VENTA Y ALQUILER (EXCEPTO AMOBLADOS) DE INMUEBLES PROPIOS O AR| OTRAS ACTIVIDADES EMPRESARIALES N.C.P.",27623,EDENRED CHILE S.A.,96.781.350-8,"Avenida Andres Bello # 2687, piso 13.",,,CL,,Contacto,,,1,"[{'Correlativo': 1, 'CodigoCategoria': 0, 'Categoria': '', 'CodigoProducto': 0, 'Producto': 'VESTUARIO Y CALZADO -  ', 'EspecificacionComprador': '(1964922) VESTUARIO Y CALZADO -  ', 'EspecificacionProveedor': '(1964922) VESTUARIO Y CALZADO -   ; Región Metropolitana de Santiago; Santiago; Direccion no aplica a productos virtuales; DESCUENTO 12,0%', 'Cantidad': 1.0, 'Unidad': None, 'Moneda': 'CLP', 'PrecioNeto': 2728000.0, 'TotalCargos': 0.0, 'TotalDescuentos': 0.0, 'TotalImpuestos': 0.0, 'Total': 2728000.0}]",VESTUARIO_Y_CALZADO,2026-03-05T12:19:04.409695,,,,,,,,,,,,,,
1057541-213-CM26," JSA, TARJETAS DE ALIMENTACION MARZO 2026",4,27693,2026-03-05," JSA, TARJETAS DE ALIMENTACION MARZO 2026",4,Enviada a proveedor,,"Carga Masiva tarjetas de Alimentación para funcionarios del SST. Mes de MARZO 2026 - Monto de la Carga $32.982.920.- 
Ítem Presupuestario: 22.01.001.002 para Funcionarios",9,CM,CLP,1,Nueva orden de compra,1,4.767676767676767,99,1385837.0,0.0,27716739.0,19.0,5002871.0,31333773.0,,CL,12,2,2026-03-05T11:01:43.84,2026-03-05T11:25:26.383,,,2026-03-05T11:22:00,7295,DIRECCION SERVICIO DE SALUD TALCAHUANO,61.607.200-5,1057541,DIRECCION SERVICIO DE SALUD TALCAHUANO,Servicio Público,AVENIDA COLON N°3030 ,Talcahuano,Región del Biobío ,CL,Jacqueline Sanhueza Aguilera,,,,27693,EDENRED CHILE SOCIEDAD ANONIMA,"RESTAURANTES| OTROS TIPOS DE INTERMEDIACION MONETARIA N.C.P.| SOCIEDADES DE INVERSION Y RENTISTAS DE CAPITALES MOBILIARIOS EN GENERA| COMPRA, VENTA Y ALQUILER (EXCEPTO AMOBLADOS) DE INMUEBLES PROPIOS O AR| OTRAS ACTIVIDADES EMPRESARIALES N.C.P.",27623,EDENRED CHILE S.A.,96.781.350-8,"Avenida Andres Bello # 2687, piso 13.",,,CL,,Contacto,,,1,"[{'Correlativo': 1, 'CodigoCategoria': 0, 'Categoria': '', 'CodigoProducto': 0, 'Producto': 'ALIMENTACIÓN -  ', 'EspecificacionComprador': '(1964920) ALIMENTACIÓN -  ', 'EspecificacionProveedor': '(1964920) ALIMENTACIÓN -   ; Región Metropolitana de Santiago; Santiago; Direccion no aplica a productos virtuales; DESCUENTO 5,0%', 'Cantidad': 1.0, 'Unidad': None, 'Moneda': 'CLP', 'PrecioNeto': 27716739.0, 'TotalCargos': 0.0, 'TotalDescuentos': 0.0, 'TotalImpuestos': 0.0, 'Total': 27716739.0}]",ALIMENTACION,2026-03-05T16:17:08.690707,,,,,,,,,,,,,,
1075337-7202-CM26,rvv Compra Recarga tarjetas Alimentación funcionarios médicos ,6,27693,2026-03-05,rvv Compra Recarga tarjetas Alimentación funcionarios médicos ,6,Aceptada,,"EN CASO DE DUDAS COMUNICAR AL NUMERO 452601824. CON EL FIN DE MEJORAR NUESTROS TIEMPOS DE DEVENGO Y PAGO, SE INDICA QUE EN PRIMERA INSTANCIA LA ORDEN DE COMPRA DEBE SER ACEPTADA POR PROVEEDOR EN PLATAFORMA MERCADO PUBLICO, LOS PRODUCTOS SERAN RECEPCIONADO",9,CM,CLP,4,Aceptada,1,4.767676767676767,99,210513.0,0.0,4210253.0,19.0,759951.0,4759691.0,,CL,12,2,2026-03-03T09:54:44.097,2026-03-04T15:08:00.373,2026-03-05T11:16:36.987,,2026-03-03T09:56:00,7306,SERVICIO DE SALUD ARAUCANIA NORTE HOSPITAL DE ANGOL,61.602.222-9,1075337,Bienes y Servicio,Bienes y Servicios,GENERAL BONILLA #695,Angol,Región de la Araucanía ,CL,Romina Vasquez Vasquez,,,,27693,EDENRED CHILE SOCIEDAD ANONIMA,"RESTAURANTES| OTROS TIPOS DE INTERMEDIACION MONETARIA N.C.P.| SOCIEDADES DE INVERSION Y RENTISTAS DE CAPITALES MOBILIARIOS EN GENERA| COMPRA, VENTA Y ALQUILER (EXCEPTO AMOBLADOS) DE INMUEBLES PROPIOS O AR| OTRAS ACTIVIDADES EMPRESARIALES N.C.P.",27623,EDENRED CHILE S.A.,96.781.350-8,"Avenida Andres Bello # 2687, piso 13.",,,CL,,Contacto,,,1,"[{'Correlativo': 1, 'CodigoCategoria': 0, 'Categoria': '', 'CodigoProducto': 0, 'Producto': 'ALIMENTACIÓN -  ', 'EspecificacionComprador': '(1964920) ALIMENTACIÓN -  ', 'EspecificacionProveedor': '(1964920) ALIMENTACIÓN -   ; Región Metropolitana de Santiago; Santiago; Direccion no aplica a productos virtuales; DESCUENTO 5,0%', 'Cantidad': 1.0, 'Unidad': None, 'Moneda': 'CLP', 'PrecioNeto': 4210253.0, 'TotalCargos': 0.0, 'TotalDescuentos': 0.0, 'TotalImpuestos': 0.0, 'Total': 4210253.0}]",ALIMENTACION,2026-03-05T16:17:08.690707,,,,,,,,,,,,,,
1075337-7209-CM26,rvv Compra Recarga tarjetas Alimentación funcionarios contratos cortos Enero 2026,6,27693,2026-03-05,rvv Compra Recarga tarjetas Alimentación funcionarios contratos cortos Enero 2026,6,Aceptada,,Orden de Compra codigo: 1075337-7209-CM26 dirigida a EDENRED CHILE SOCIEDAD ANONIMA,9,CM,CLP,4,Aceptada,1,4.767676767676767,99,1174160.0,0.0,23483194.0,19.0,4238717.0,26547751.0,,CL,12,2,2026-03-03T15:16:16.583,2026-03-04T14:30:22.727,2026-03-05T11:16:49.74,,2026-03-03T15:18:00,7306,SERVICIO DE SALUD ARAUCANIA NORTE HOSPITAL DE ANGOL,61.602.222-9,1075337,Bienes y Servicio,Bienes y Servicios,GENERAL BONILLA #695,Angol,Región de la Araucanía ,CL,Romina Vasquez Vasquez,,,,27693,EDENRED CHILE SOCIEDAD ANONIMA,"RESTAURANTES| OTROS TIPOS DE INTERMEDIACION MONETARIA N.C.P.| SOCIEDADES DE INVERSION Y RENTISTAS DE CAPITALES MOBILIARIOS EN GENERA| COMPRA, VENTA Y ALQUILER (EXCEPTO AMOBLADOS) DE INMUEBLES PROPIOS O AR| OTRAS ACTIVIDADES EMPRESARIALES N.C.P.",27623,EDENRED CHILE S.A.,96.781.350-8,"Avenida Andres Bello # 2687, piso 13.",,,CL,,Contacto,,,1,"[{'Correlativo': 1, 'CodigoCategoria': 0, 'Categoria': '', 'CodigoProducto': 0, 'Producto': 'ALIMENTACIÓN -  ', 'EspecificacionComprador': '(1964920) ALIMENTACIÓN -  ', 'EspecificacionProveedor': '(1964920) ALIMENTACIÓN -   ; Región Metropolitana de Santiago; Santiago; Direccion no aplica a productos virtuales; DESCUENTO 5,0%', 'Cantidad': 1.0, 'Unidad': None, 'Moneda': 'CLP', 'PrecioNeto': 23483194.0, 'TotalCargos': 0.0, 'TotalDescuentos': 0.0, 'TotalImpuestos': 0.0, 'Total': 23483194.0}]",ALIMENTACION,2026-03-05T16:17:08.690707,,,,,,,,,,,,,,
1078177-48-CM26,ADQUISICIÓN DE RECARGA DE ALIMENTACIÓN FISCAL MES ENERO PREF. MALLECO,12,27693,2026-03-05,ADQUISICIÓN DE RECARGA DE ALIMENTACIÓN FISCAL MES ENERO PREF. MALLECO,12,Recepción Conforme,,"EL MONTO DE RECARAG CORRESPONDE A :
 $ 17.425.000.-",9,CM,CLP,7,Recepción Conforme,1,4.767676767676767,99,732143.0,0.0,14642857.0,19.0,2643036.0,16553750.0,FI00001195,CL,12,2,2026-02-12T16:18:02.51,2026-02-13T11:03:20.25,2026-02-13T14:58:13.847,,2026-02-13T10:25:00,113812,DIRECCION DE LOGISTICA DE CARABINEROS,60.505.522-2,1078177,SECCIÓN COMPRAS ZONA DE CARABINEROS ARAUCANIA,IX ZONA DE CARABINEROS ARAUCANÍA,CLARO SOLAR 1286 DPTO APOYO A LAS OPER. POL. ,,,CL,Ana María Sierra Lucero,,,,27693,EDENRED CHILE SOCIEDAD ANONIMA,"RESTAURANTES| OTROS TIPOS DE INTERMEDIACION MONETARIA N.C.P.| SOCIEDADES DE INVERSION Y RENTISTAS DE CAPITALES MOBILIARIOS EN GENERA| COMPRA, VENTA Y ALQUILER (EXCEPTO AMOBLADOS) DE INMUEBLES PROPIOS O AR| OTRAS ACTIVIDADES EMPRESARIALES N.C.P.",27623,EDENRED CHILE S.A.,96.781.350-8,"Avenida Andres Bello # 2687, piso 13.",,,CL,,Contacto,,,1,"[{'Correlativo': 1, 'CodigoCategoria': 0, 'Categoria': '', 'CodigoProducto': 0, 'Producto': 'ALIMENTACIÓN -  ', 'EspecificacionComprador': '(1964920) ALIMENTACIÓN -  ', 'EspecificacionProveedor': '(1964920) ALIMENTACIÓN -   ; Región Metropolitana de Santiago; Santiago; Direccion no aplica a productos virtuales; DESCUENTO 5,0%', 'Cantidad': 1.0, 'Unidad': None, 'Moneda': 'CLP', 'PrecioNeto': 14642857.0, 'TotalCargos': 0.0, 'TotalDescuentos': 0.0, 'TotalImpuestos': 0.0, 'Total': 14642857.0}]",ALIMENTACION,2026-03-05T16:17:08.690707,,,,,,,,,,,,,,
1078177-53-CM26,ADQUISICIÓN DE ALIMENTACIÓN FISCAL MES ENERO PARA LA PREF. CAUTIN,12,27693,2026-03-05,ADQUISICIÓN DE ALIMENTACIÓN FISCAL MES ENERO PARA LA PREF. CAUTIN,12,Recepción Conforme,,"EL MONTO DE RECARGA CORRESPONDE A
 $ 23.107.000.-",9,CM,CLP,7,Recepción Conforme,1,4.767676767676767,99,970882.0,0.0,19417647.0,19.0,3504885.0,21951650.0,FI00001195,CL,12,2,2026-02-13T11:10:19.793,2026-02-16T10:08:43.037,2026-02-16T12:04:39.087,,2026-02-16T09:30:00,113812,DIRECCION DE LOGISTICA DE CARABINEROS,60.505.522-2,1078177,SECCIÓN COMPRAS ZONA DE CARABINEROS ARAUCANIA,IX ZONA DE CARABINEROS ARAUCANÍA,CLARO SOLAR 1286 DPTO APOYO A LAS OPER. POL. ,Temuco,Región de la Araucanía ,CL,Ana María Sierra Lucero,,,,27693,EDENRED CHILE SOCIEDAD ANONIMA,"RESTAURANTES| OTROS TIPOS DE INTERMEDIACION MONETARIA N.C.P.| SOCIEDADES DE INVERSION Y RENTISTAS DE CAPITALES MOBILIARIOS EN GENERA| COMPRA, VENTA Y ALQUILER (EXCEPTO AMOBLADOS) DE INMUEBLES PROPIOS O AR| OTRAS ACTIVIDADES EMPRESARIALES N.C.P.",27623,EDENRED CHILE S.A.,96.781.350-8,"Avenida Andres Bello # 2687, piso 13.",,,CL,,Contacto,,,1,"[{'Correlativo': 1, 'CodigoCategoria': 0, 'Categoria': '', 'CodigoProducto': 0, 'Producto': 'ALIMENTACIÓN -  ', 'EspecificacionComprador': '(1964920) ALIMENTACIÓN -  ', 'EspecificacionProveedor': '(1964920) ALIMENTACIÓN -   ; Región Metropolitana de Santiago; Santiago; Direccion no aplica a productos virtuales; DESCUENTO 5,0%', 'Cantidad': 1.0, 'Unidad': None, 'Moneda': 'CLP', 'PrecioNeto': 19417647.0, 'TotalCargos': 0.0, 'TotalDescuentos': 0.0, 'TotalImpuestos': 0.0, 'Total': 19417647.0}]",ALIMENTACION,2026-03-05T16:17:08.690707,,,,,,,,,,,,,,
1078177-61-CM26,ADQUISICIÓN DE ALIMENTACIÓN FISCAL MES ENERO PREF. VILLARRICA,12,27693,2026-03-05,ADQUISICIÓN DE ALIMENTACIÓN FISCAL MES ENERO PREF. VILLARRICA,12,Recepción Conforme,,"EL MONTO DE RECARGA CORRESPONDE A
 $15.347.000.-",9,CM,CLP,7,Recepción Conforme,1,4.767676767676767,99,644832.0,0.0,12896639.0,19.0,2327843.0,14579650.0,FI00001195,CL,12,2,2026-02-16T11:11:01.34,2026-02-17T12:38:18.033,2026-02-17T16:26:18.037,,2026-02-17T09:52:00,113812,DIRECCION DE LOGISTICA DE CARABINEROS,60.505.522-2,1078177,SECCIÓN COMPRAS ZONA DE CARABINEROS ARAUCANIA,IX ZONA DE CARABINEROS ARAUCANÍA,CALLE CHORRILLOS NRO. 305 (ESQ. ARTURO PRAT) ANGOL,Temuco,Región de la Araucanía ,CL,Ana María Sierra Lucero,,,,27693,EDENRED CHILE SOCIEDAD ANONIMA,"RESTAURANTES| OTROS TIPOS DE INTERMEDIACION MONETARIA N.C.P.| SOCIEDADES DE INVERSION Y RENTISTAS DE CAPITALES MOBILIARIOS EN GENERA| COMPRA, VENTA Y ALQUILER (EXCEPTO AMOBLADOS) DE INMUEBLES PROPIOS O AR| OTRAS ACTIVIDADES EMPRESARIALES N.C.P.",27623,EDENRED CHILE S.A.,96.781.350-8,"Avenida Andres Bello # 2687, piso 13.",,,CL,,Contacto,,,1,"[{'Correlativo': 1, 'CodigoCategoria': 0, 'Categoria': '', 'CodigoProducto': 0, 'Producto': 'ALIMENTACIÓN -  ', 'EspecificacionComprador': '(1964920) ALIMENTACIÓN -  ', 'EspecificacionProveedor': '(1964920) ALIMENTACIÓN -   ; Región Metropolitana de Santiago; Santiago; Direccion no aplica a productos virtuales; DESCUENTO 5,0%', 'Cantidad': 1.0, 'Unidad': None, 'Moneda': 'CLP', 'PrecioNeto': 12896639.0, 'TotalCargos': 0.0, 'TotalDescuentos': 0.0, 'TotalImpuestos': 0.0, 'Total': 12896639.0}]",ALIMENTACION,2026-03-05T16:17:08.690707,,,,,,,,,,,,,,
1377068-17-CM26,Orden de Compra: 1377068-17-CM26,6,27693,2026-03-05,Orden de Compra: 1377068-17-CM26,6,Aceptada,,Orden de Compra codigo: 1377068-17-CM26 dirigida a EDENRED CHILE SOCIEDAD ANONIMA,9,CM,CLP,4,Aceptada,1,4.767676767676767,99,2400.0,0.0,20000.0,0.0,0.0,17600.0,,CL,12,2,2026-03-04T17:54:26.64,2026-03-04T17:58:21.947,2026-03-05T11:30:38.423,,2026-03-04T17:58:00,1961066,LO BARNECHEA SERVICIOS,65.109.088-1,1377068,LO BARNECHEA SERVICIOS,,"Av. La Dehesa 1844, Of. 712, piso 7, Lo Barnechea",Lo Barnechea,Región Metropolitana de Santiago,CL,María Jesús Achondo Villaseca ,,,,27693,EDENRED CHILE SOCIEDAD ANONIMA,"RESTAURANTES| OTROS TIPOS DE INTERMEDIACION MONETARIA N.C.P.| SOCIEDADES DE INVERSION Y RENTISTAS DE CAPITALES MOBILIARIOS EN GENERA| COMPRA, VENTA Y ALQUILER (EXCEPTO AMOBLADOS) DE INMUEBLES PROPIOS O AR| OTRAS ACTIVIDADES EMPRESARIALES N.C.P.",27623,EDENRED CHILE S.A.,96.781.350-8,"Avenida Andres Bello # 2687, piso 13.",,,CL,,Contacto,,,1,"[{'Correlativo': 1, 'CodigoCategoria': 0, 'Categoria': '', 'CodigoProducto': 0, 'Producto': 'VESTUARIO Y CALZADO -  ', 'EspecificacionComprador': '(1964922) VESTUARIO Y CALZADO -  ', 'EspecificacionProveedor': '(1964922) VESTUARIO Y CALZADO -   ; Región Metropolitana de Santiago; Santiago; Direccion no aplica a productos virtuales; DESCUENTO 12,0%', 'Cantidad': 1.0, 'Unidad': None, 'Moneda': 'CLP', 'PrecioNeto': 20000.0, 'TotalCargos': 0.0, 'TotalDescuentos': 0.0, 'TotalImpuestos': 0.0, 'Total': 20000.0}]",VESTUARIO_Y_CALZADO,2026-03-05T16:17:08.690707,,,,,,,,,,,,,,
1511-286-CM26,"O.C CARGA DE TARJETA ALIMENTACION PARA FUNCIONARIOS Y FUNCIONARIAS DEL HOSPITAL DE CONSTITUCION EN CALIDAD DE TITULAR, CONTRATA Y REEMPLAZOS CORRESPONDIENTES FEBRERO 2026(REEMPLAZOS) Y MARZO 2026 (TITULARES Y CONTRATAS)1511-284-CM26 1511-286-CM26",6,27693,2026-03-05,"O.C CARGA DE TARJETA ALIMENTACION PARA FUNCIONARIOS Y FUNCIONARIAS DEL HOSPITAL DE CONSTITUCION EN CALIDAD DE TITULAR, CONTRATA Y REEMPLAZOS CORRESPONDIENTES FEBRERO 2026(REEMPLAZOS) Y MARZO 2026 (TITULARES Y CONTRATAS)1511-284-CM26 1511-286-CM26",4,Enviada a proveedor,,Orden de Compra codigo: 1511-286-CM26 dirigida a EDENRED CHILE SOCIEDAD ANONIMA,9,CM,CLP,1,Nueva orden de compra,1,4.767676767676767,99,916189.0,0.0,18323782.0,19.0,3307443.0,20715036.0,,CL,12,2,2026-03-04T14:37:49.777,2026-03-05T08:57:26.91,,,2026-03-04T15:08:00,7277,Hospital de Constitución,61.606.911-k,2507,Hospital de Constitución,HOSPITALES Y CLINICAS,Hospital N° 200,Constitución,Región del Maule ,CL,Paola Fuentes Garrido,,,,27693,EDENRED CHILE SOCIEDAD ANONIMA,"RESTAURANTES| OTROS TIPOS DE INTERMEDIACION MONETARIA N.C.P.| SOCIEDADES DE INVERSION Y RENTISTAS DE CAPITALES MOBILIARIOS EN GENERA| COMPRA, VENTA Y ALQUILER (EXCEPTO AMOBLADOS) DE INMUEBLES PROPIOS O AR| OTRAS ACTIVIDADES EMPRESARIALES N.C.P.",27623,EDENRED CHILE S.A.,96.781.350-8,"Avenida Andres Bello # 2687, piso 13.",,,CL,,Contacto,,,1,"[{'Correlativo': 1, 'CodigoCategoria': 0, 'Categoria': '', 'CodigoProducto': 0, 'Producto': 'ALIMENTACIÓN -  ', 'EspecificacionComprador': '(1964920) ALIMENTACIÓN -  ', 'EspecificacionProveedor': '(1964920) ALIMENTACIÓN -   ; Región Metropolitana de Santiago; Santiago; Direccion no aplica a productos virtuales; DESCUENTO 5,0%', 'Cantidad': 1.0, 'Unidad': None, 'Moneda': 'CLP', 'PrecioNeto': 18323782.0, 'TotalCargos': 0.0, 'TotalDescuentos': 0.0, 'TotalImpuestos': 0.0, 'Total': 18323782.0}]",ALIMENTACION,2026-03-05T12:19:04.409695,,,,,,,,,,,,,,
1529-58-CM26,BENEFICIO CARGA DE ALIMENTACION FUNCIONARIOS MES DE FEBRERO 2026,12,27693,2026-03-05,BENEFICIO CARGA DE ALIMENTACION FUNCIONARIOS MES DE FEBRERO 2026,12,Recepción Conforme,,"Orden de Compra codigo: 1529-58-CM26 dirigida a EDENRED CHILE SOCIEDAD ANONIMA
Beneficio Carga de alimentación funcionarios mes de Febrero 2026, solicitado en memorándum N°042 de recursos humanos, por Marcia
Díaz.
Saldo real a cargar: $ 47.669.348",9,CM,CLP,7,Recepción Conforme,1,4.767676767676767,99,2002914.0,0.0,40058276.0,19.0,7230519.0,45285881.0,884,CL,12,2,2026-02-26T08:16:48.747,2026-02-26T15:47:05.803,2026-02-26T16:36:44.087,,2026-02-26T15:36:00,7440,SERVICIO DE SALUD HOSPITAL DE RENGO,61.602.140-0,2525,Hospital de Rengo,HOSPITALES Y CLINICAS,Av. Dr. Renato Correa Labra Nº 210,,,CL,Camila Larenas Banda,,,,27693,EDENRED CHILE SOCIEDAD ANONIMA,"RESTAURANTES| OTROS TIPOS DE INTERMEDIACION MONETARIA N.C.P.| SOCIEDADES DE INVERSION Y RENTISTAS DE CAPITALES MOBILIARIOS EN GENERA| COMPRA, VENTA Y ALQUILER (EXCEPTO AMOBLADOS) DE INMUEBLES PROPIOS O AR| OTRAS ACTIVIDADES EMPRESARIALES N.C.P.",27623,EDENRED CHILE S.A.,96.781.350-8,"Avenida Andres Bello # 2687, piso 13.",,,CL,,Contacto,,,1,"[{'Correlativo': 1, 'CodigoCategoria': 0, 'Categoria': '', 'CodigoProducto': 0, 'Producto': 'ALIMENTACIÓN -  ', 'EspecificacionComprador': '(1964920) ALIMENTACIÓN -  ', 'EspecificacionProveedor': '(1964920) ALIMENTACIÓN -   ; Región Metropolitana de Santiago; Santiago; Direccion no aplica a productos virtuales; DESCUENTO 5,0%', 'Cantidad': 1.0, 'Unidad': None, 'Moneda': 'CLP', 'PrecioNeto': 40058276.0, 'TotalCargos': 0.0, 'TotalDescuentos': 0.0, 'TotalImpuestos': 0.0, 'Total': 40058276.0}]",ALIMENTACION,2026-03-05T14:17:06.062157,,,,,,,,,,,,,,
1952-279-SE26,1952-209-LR24 RECARGA EDENRED MES DICIEMBRE 2025,12,27693,2026-03-05,1952-209-LR24 RECARGA EDENRED MES DICIEMBRE 2025,12,Recepción Conforme,,"RES EXENTA N° 269/20.01.2026 HOSPITAL DE VILLARRICA.
SE DEBE ACEPTAR OC ANTES DE FACTURAR, INDICAR N° DE OC EN CAMPO 801 DEL DTE, ENVIAR DTE A CASILLA DIPRESRECEPCION@CUSTODIUM.COM EN FORMATO XML, VERIFICAR QUE EL MONTO DE FACTURA NO SUPERE EL MONTO DE OC.

OC GENERADO POR: GLORIA POBLETE G.",8,SE,CLP,7,Recepción Conforme,1,4.767676767676767,99,3069687.0,0.0,63292500.0,19.0,11442335.0,71665148.0,,CL,7,2,2026-01-20T15:43:37.88,2026-01-23T07:34:53.413,2026-01-23T11:18:13.64,,2026-01-23T07:50:00,7132,Hospital Villarrica,61.602.248-2,2947,Hospital Villarrica,Salud,San Martín 460,Villarrica,Región de la Araucanía ,CL,GLORIA IVONNE POBLETE GUTIERREZ,ADMINISTRATIVO ABASTECIMIENTO,,,27693,EDENRED CHILE SOCIEDAD ANONIMA,RESTAURANTES| OTROS TIPOS DE INTERMEDIACION MONETA,27623,EDENRED CHILE S.A.,96.781.350-8,"Avenida Andres Bello # 2687, piso 13.",Las Condes,Región Metropolitana de Santiago,CL,YASMIN GUERRA,ADMINISTRATIVA MERCADO PUBLICO,,,1,"[{'Correlativo': 1, 'CodigoCategoria': 93131600, 'Categoria': 'Organizaciones y consultorías políticas, demográficas, económicas, sociales y de administración pública / Ayuda y asistencia humanitaria / Política, planificación y programas de alimentación y nutrición', 'CodigoProducto': 93131608, 'Producto': 'Servicios de suministro de alimentos', 'EspecificacionComprador': 'SERVICIO RECARGA TARJETAS DE ALIMENTACION HOSPITAL VILLARRICA.\r\nCORRESPONDIENTE AL PERIODO DICIEMBRE DEL 2025\r\n\r\nSOLICITUD EXTRAODINARIA 2026-121121-13-359', 'EspecificacionProveedor': 'RECARGA TARJETAS ALIMENTACION HOSPITAL VILLARICA\r\nse incluye dscto 4,85% sobre valor total OC ', 'Cantidad': 14065.0, 'Unidad': None, 'Moneda': 'CLP', 'PrecioNeto': 4500.0, 'TotalCargos': 0.0, 'TotalDescuentos': 0.0, 'TotalImpuestos': 0.0, 'Total': 63292500.0}]",ALIMENTACION,2026-03-05T12:19:04.409695,,,,,,,,,,,,,,
3172-44-CM26,"RECARGA ALIMENTACIÓN PERSONAL DEPARTAMENTO CUARTELES L.1, MES DE FEBRERO 2026",6,27693,2026-03-05,"RECARGA ALIMENTACIÓN PERSONAL DEPARTAMENTO CUARTELES L.1, MES DE FEBRERO 2026",6,Aceptada,,,9,CM,CLP,4,Aceptada,1,4.767676767676767,99,110924.0,0.0,2218487.0,19.0,400437.0,2508000.0,22.01.001.002,CL,12,2,2026-03-03T11:56:25.01,2026-03-04T18:49:36.71,2026-03-05T11:32:05.2,,2026-03-04T17:56:00,113812,DIRECCION DE LOGISTICA DE CARABINEROS,61.938.500-4,4093,Depto.Cuarteles L.1,,"Av. Bernardo O'higgins Nº 1196, Pis",Santiago Centro,Región Metropolitana de Santiago,CL,Alvaro Torres Villar,,,,27693,EDENRED CHILE SOCIEDAD ANONIMA,"RESTAURANTES| OTROS TIPOS DE INTERMEDIACION MONETARIA N.C.P.| SOCIEDADES DE INVERSION Y RENTISTAS DE CAPITALES MOBILIARIOS EN GENERA| COMPRA, VENTA Y ALQUILER (EXCEPTO AMOBLADOS) DE INMUEBLES PROPIOS O AR| OTRAS ACTIVIDADES EMPRESARIALES N.C.P.",27623,EDENRED CHILE S.A.,96.781.350-8,"Avenida Andres Bello # 2687, piso 13.",,,CL,,Contacto,,,1,"[{'Correlativo': 1, 'CodigoCategoria': 0, 'Categoria': '', 'CodigoProducto': 0, 'Producto': 'ALIMENTACIÓN -  ', 'EspecificacionComprador': '(1964920) ALIMENTACIÓN -  ', 'EspecificacionProveedor': '(1964920) ALIMENTACIÓN -   ; Región Metropolitana de Santiago; Santiago; Direccion no aplica a productos virtuales; DESCUENTO 5,0%', 'Cantidad': 1.0, 'Unidad': None, 'Moneda': 'CLP', 'PrecioNeto': 2218487.0, 'TotalCargos': 0.0, 'TotalDescuentos': 0.0, 'TotalImpuestos': 0.0, 'Total': 2218487.0}]",ALIMENTACION,2026-03-05T16:17:08.690707,,,,,,,,,,,,,,
3950-335-CM26,Carga Beneficio Alimentación Funcionarios CLJ Mes Enero:   3950-335-CM26,6,27693,2026-03-05,Carga Beneficio Alimentación Funcionarios CLJ Mes Enero:   3950-335-CM26,4,Enviada a proveedor,,Orden de Compra codigo: 3950-335-CM26 dirigida a EDENRED CHILE SOCIEDAD ANONIMA,9,CM,CLP,1,Nueva orden de compra,1,4.767676767676767,99,218046.0,0.0,4360924.0,19.0,787147.0,4930025.0,,CL,12,2,2026-03-02T15:51:00.283,2026-03-05T10:12:17.15,,,2026-03-02T15:58:00,118628,DIRECCION SALUD RURAL,61.974.600-7,4870,Dirección de Salud Rural,,Diego Portales N º 61,Coyhaique,Región Aysén del General Carlos Ibáñez del Campo,CL,MARCOS ALONSO BOBADILLA GUTIERREZ,,,,27693,EDENRED CHILE SOCIEDAD ANONIMA,"RESTAURANTES| OTROS TIPOS DE INTERMEDIACION MONETARIA N.C.P.| SOCIEDADES DE INVERSION Y RENTISTAS DE CAPITALES MOBILIARIOS EN GENERA| COMPRA, VENTA Y ALQUILER (EXCEPTO AMOBLADOS) DE INMUEBLES PROPIOS O AR| OTRAS ACTIVIDADES EMPRESARIALES N.C.P.",27623,EDENRED CHILE S.A.,96.781.350-8,"Avenida Andres Bello # 2687, piso 13.",,,CL,,Contacto,,,1,"[{'Correlativo': 1, 'CodigoCategoria': 0, 'Categoria': '', 'CodigoProducto': 0, 'Producto': 'ALIMENTACIÓN -  ', 'EspecificacionComprador': '(1964920) ALIMENTACIÓN -  ', 'EspecificacionProveedor': '(1964920) ALIMENTACIÓN -   ; Región Metropolitana de Santiago; Santiago; Direccion no aplica a productos virtuales; DESCUENTO 5,0%', 'Cantidad': 1.0, 'Unidad': None, 'Moneda': 'CLP', 'PrecioNeto': 4360924.0, 'TotalCargos': 0.0, 'TotalDescuentos': 0.0, 'TotalImpuestos': 0.0, 'Total': 4360924.0}]",ALIMENTACION,2026-03-05T14:17:06.062157,,,,,,,,,,,,,,
605-93-CM26,Orden de Compra: 605-93-CM26,12,27693,2026-03-05,Orden de Compra: 605-93-CM26,12,Recepción Conforme,,Orden de Compra codigo: 605-93-CM26 dirigida a EDENRED CHILE SOCIEDAD ANONIMA. IP: 22.02.002; SIAG:171 UD:DAF,9,CM,CLP,7,Recepción Conforme,1,4.767676767676767,99,1598400.0,0.0,13320000.0,0.0,0.0,11721600.0,,CL,12,2,2026-02-20T14:17:22.647,2026-02-24T09:08:19.273,2026-02-24T14:32:04.447,,2026-02-24T09:08:00,6933,Consejo de Defensa del Estado,61.006.000-5,1601,Consejo de Defensa del Estado,,"Agustinas 1225, piso 4.",Santiago,Región Metropolitana de Santiago,CL,Felipe  Burgos,,,,27693,EDENRED CHILE SOCIEDAD ANONIMA,"RESTAURANTES| OTROS TIPOS DE INTERMEDIACION MONETARIA N.C.P.| SOCIEDADES DE INVERSION Y RENTISTAS DE CAPITALES MOBILIARIOS EN GENERA| COMPRA, VENTA Y ALQUILER (EXCEPTO AMOBLADOS) DE INMUEBLES PROPIOS O AR| OTRAS ACTIVIDADES EMPRESARIALES N.C.P.",27623,EDENRED CHILE S.A.,96.781.350-8,"Avenida Andres Bello # 2687, piso 13.",,,CL,,Contacto,,,1,"[{'Correlativo': 1, 'CodigoCategoria': 0, 'Categoria': '', 'CodigoProducto': 0, 'Producto': 'VESTUARIO Y CALZADO -  ', 'EspecificacionComprador': '(1964922) VESTUARIO Y CALZADO -  ', 'EspecificacionProveedor': '(1964922) VESTUARIO Y CALZADO -   ; Región Metropolitana de Santiago; Santiago; Direccion no aplica a productos virtuales; DESCUENTO 12,0%', 'Cantidad': 1.0, 'Unidad': None, 'Moneda': 'CLP', 'PrecioNeto': 13320000.0, 'TotalCargos': 0.0, 'TotalDescuentos': 0.0, 'TotalImpuestos': 0.0, 'Total': 13320000.0}]",VESTUARIO_Y_CALZADO,2026-03-05T14:17:06.062157,,,,,,,,,,,,,,
651-35-CM26,tarjetas vestuarios auxiliares serviu,4,27693,2026-03-05,tarjetas vestuarios auxiliares serviu,4,Enviada a proveedor,,"Orden de Compra codigo: 651-35-CM26 dirigida a EDENRED CHILE SOCIEDAD ANONIMA

gitfcard auxiliares serviu: albero jimenez y patricio flores, conductores. ",9,CM,CLP,1,Nueva orden de compra,1,4.767676767676767,99,60000.0,0.0,500000.0,0.0,0.0,440000.0,Subtitulo 22 ,CL,12,2,2026-03-05T10:06:11.71,2026-03-05T10:48:30.72,,,2026-03-05T10:47:00,6975,SERVICIO DE VIVIENDA Y URBANIZACION III REGION,61.815.000-3,1647,SERVICIOS GENERALES,SERVICIO PUBLICO,Chacabuco 520 Piso 3,Copiapó,Región de Atacama ,CL,ANDRES PARRA,,,,27693,EDENRED CHILE SOCIEDAD ANONIMA,"RESTAURANTES| OTROS TIPOS DE INTERMEDIACION MONETARIA N.C.P.| SOCIEDADES DE INVERSION Y RENTISTAS DE CAPITALES MOBILIARIOS EN GENERA| COMPRA, VENTA Y ALQUILER (EXCEPTO AMOBLADOS) DE INMUEBLES PROPIOS O AR| OTRAS ACTIVIDADES EMPRESARIALES N.C.P.",27623,EDENRED CHILE S.A.,96.781.350-8,"Avenida Andres Bello # 2687, piso 13.",,,CL,,Contacto,,,1,"[{'Correlativo': 1, 'CodigoCategoria': 0, 'Categoria': '', 'CodigoProducto': 0, 'Producto': 'VESTUARIO Y CALZADO -  ', 'EspecificacionComprador': '(1964922) VESTUARIO Y CALZADO -  ', 'EspecificacionProveedor': '(1964922) VESTUARIO Y CALZADO -   ; Región Metropolitana de Santiago; Santiago; Direccion no aplica a productos virtuales; DESCUENTO 12,0%', 'Cantidad': 1.0, 'Unidad': None, 'Moneda': 'CLP', 'PrecioNeto': 500000.0, 'TotalCargos': 0.0, 'TotalDescuentos': 0.0, 'TotalImpuestos': 0.0, 'Total': 500000.0}]",VESTUARIO_Y_CALZADO,2026-03-05T14:17:06.062157,,,,,,,,,,,,,,
651-37-SE26,sala cuna periodo febrero 2026,6,27693,2026-03-05,sala cuna periodo febrero 2026,4,Enviada a proveedor,651-8-LE22,sala cuna periodo febrero 2026,8,SE,CLP,1,Nueva orden de compra,1,4.767676767676767,99,0.0,0.0,3782.0,19.0,719.0,4501.0,Subtitulo 22 ,CL,7,2,2026-03-05T10:15:04.907,2026-03-05T10:26:08.52,,,2026-03-05T10:24:00,6975,SERVICIO DE VIVIENDA Y URBANIZACION III REGION,61.815.000-3,1647,SERVICIOS GENERALES,SERVICIO PUBLICO,"CHACABUCO 520, PISO 3",Alto Del Carmen,Región de Atacama ,CL,JIMMY BORDOLI,EJECUTIVO ADQUISICIONES,,,27693,EDENRED CHILE SOCIEDAD ANONIMA,RESTAURANTES| OTROS TIPOS DE INTERMEDIACION MONETA,27623,EDENRED CHILE S.A.,96.781.350-8,"Avenida Andres Bello # 2687, piso 13.",Las Condes,Región Metropolitana de Santiago,CL,YASMIN GUERRA,ADMINISTRATIVA MERCADO PUBLICO,,,1,"[{'Correlativo': 1, 'CodigoCategoria': 91111900, 'Categoria': 'Servicios de cuidado personal y domésticos / Servicio doméstico y de cuidados / Cuidado de niños, personas enfermas y ancianos', 'CodigoProducto': 91111901, 'Producto': 'Jardines infantiles o salas cunas', 'EspecificacionComprador': '', 'EspecificacionProveedor': 'sala cuna periodo febrero 2026', 'Cantidad': 1.0, 'Unidad': None, 'Moneda': 'CLP', 'PrecioNeto': 3782.0, 'TotalCargos': 0.0, 'TotalDescuentos': 0.0, 'TotalImpuestos': 0.0, 'Total': 3782.0}]",SALA CUNA,2026-03-05T14:17:06.062157,,,,,,,,,,,,,,
651-38-SE26,sala cuna febrero 2026,6,27693,2026-03-05,sala cuna febrero 2026,4,Enviada a proveedor,651-8-LE22,servicios sala cuna periodo febrero 2026,8,SE,CLP,1,Nueva orden de compra,1,4.767676767676767,99,0.0,0.0,450000.0,0.0,0.0,450000.0,Subtitulo 22 ,CL,7,2,2026-03-05T10:15:23.5,2026-03-05T10:26:04.513,,,2026-03-05T10:21:00,6975,SERVICIO DE VIVIENDA Y URBANIZACION III REGION,61.815.000-3,1647,SERVICIOS GENERALES,SERVICIO PUBLICO,"CHACABUCO 520, PISO 3",Copiapó,Región de Atacama ,CL,JIMMY BORDOLI,EJECUTIVO ADQUISICIONES,,,27693,EDENRED CHILE SOCIEDAD ANONIMA,RESTAURANTES| OTROS TIPOS DE INTERMEDIACION MONETA,27623,EDENRED CHILE S.A.,96.781.350-8,"Avenida Andres Bello # 2687, piso 13.",Las Condes,Región Metropolitana de Santiago,CL,YASMIN GUERRA,ADMINISTRATIVA MERCADO PUBLICO,,,1,"[{'Correlativo': 1, 'CodigoCategoria': 91111900, 'Categoria': 'Servicios de cuidado personal y domésticos / Servicio doméstico y de cuidados / Cuidado de niños, personas enfermas y ancianos', 'CodigoProducto': 91111901, 'Producto': 'Jardines infantiles o salas cunas', 'EspecificacionComprador': '', 'EspecificacionProveedor': 'mensualidad sala cuna periodo febrero 2026', 'Cantidad': 1.0, 'Unidad': None, 'Moneda': 'CLP', 'PrecioNeto': 450000.0, 'TotalCargos': 0.0, 'TotalDescuentos': 0.0, 'TotalImpuestos': 0.0, 'Total': 450000.0}]",SALA CUNA,2026-03-05T14:17:06.062157,,,,,,,,,,,,,,
688-20-CM26,Orden de Compra: 688-20-CM26,12,27693,2026-03-05,Orden de Compra: 688-20-CM26,4,Enviada a proveedor,,"Solicitud N° 35/2026.
TARJETA GIFTCARD VESTUARIO Y CALZADO PARA REPORTEROS DE MERCADO.
Orden de Compra codigo: 688-20-CM26 dirigida a EDENRED CHILE SOCIEDAD ANONIMA",9,CM,CLP,1,Nueva orden de compra,1,4.767676767676767,99,1277999.0,0.0,10649990.0,0.0,0.0,9371991.0,71,CL,12,2,2026-03-04T10:56:02.22,2026-03-04T12:19:24.177,,,2026-03-04T11:07:00,7005,OFICINA DE ESTUDIOS Y POLITICAS AGRARIAS,61.301.100-5,1684,OFICINA DE ESTUDIOS Y POLITICAS AGRARIAS,GOBIERNO CENTRAL Y ADMINISTRACION PUBLICA,"TEATINOS N° 40, PISO 8°",Santiago Centro,Región Metropolitana de Santiago,CL,Carlos Seguel Celis,,,,27693,EDENRED CHILE SOCIEDAD ANONIMA,"RESTAURANTES| OTROS TIPOS DE INTERMEDIACION MONETARIA N.C.P.| SOCIEDADES DE INVERSION Y RENTISTAS DE CAPITALES MOBILIARIOS EN GENERA| COMPRA, VENTA Y ALQUILER (EXCEPTO AMOBLADOS) DE INMUEBLES PROPIOS O AR| OTRAS ACTIVIDADES EMPRESARIALES N.C.P.",27623,EDENRED CHILE S.A.,96.781.350-8,"Avenida Andres Bello # 2687, piso 13.",,,CL,,Contacto,,,1,"[{'Correlativo': 1, 'CodigoCategoria': 0, 'Categoria': '', 'CodigoProducto': 0, 'Producto': 'VESTUARIO Y CALZADO -  ', 'EspecificacionComprador': '(1964922) VESTUARIO Y CALZADO -  ', 'EspecificacionProveedor': '(1964922) VESTUARIO Y CALZADO -   ; Región Metropolitana de Santiago; Santiago; Direccion no aplica a productos virtuales; DESCUENTO 12,0%', 'Cantidad': 1.0, 'Unidad': None, 'Moneda': 'CLP', 'PrecioNeto': 10649990.0, 'TotalCargos': 0.0, 'TotalDescuentos': 0.0, 'TotalImpuestos': 0.0, 'Total': 10649990.0}]",VESTUARIO_Y_CALZADO,2026-03-04T16:12:16.344803,,,,,,,,,,,,,,
732434-4-CM26,Adq. beneficio de alimentación 2026,12,27693,2026-03-05,Adq. beneficio de alimentación 2026,12,Recepción Conforme,,"S-COM-13591
2201001002 Funcionarios
Monto colación diaria según lineamientos de la DSSC: $ 5.412",9,CM,CLP,7,Recepción Conforme,1,4.767676767676767,99,2026912.0,0.0,40538245.0,19.0,7317153.0,45828486.0,,CL,12,2,2026-01-09T08:19:17.303,2026-01-19T08:40:48.677,2026-01-19T15:11:18.97,,2026-01-16T11:51:00,7205,SERVICIO DE SALUD CONCEPCION,65.913.720-8,732434,Centro de Sangre,Salud,"Barros Arana 1111, Concepción",Concepción,Región del Biobío ,CL,Miguel Ángel Aravena Contreras,,,,27693,EDENRED CHILE SOCIEDAD ANONIMA,"RESTAURANTES| OTROS TIPOS DE INTERMEDIACION MONETARIA N.C.P.| SOCIEDADES DE INVERSION Y RENTISTAS DE CAPITALES MOBILIARIOS EN GENERA| COMPRA, VENTA Y ALQUILER (EXCEPTO AMOBLADOS) DE INMUEBLES PROPIOS O AR| OTRAS ACTIVIDADES EMPRESARIALES N.C.P.",27623,EDENRED CHILE S.A.,96.781.350-8,"Avenida Andres Bello # 2687, piso 13.",,,CL,,Contacto,,,1,"[{'Correlativo': 1, 'CodigoCategoria': 0, 'Categoria': '', 'CodigoProducto': 0, 'Producto': 'ALIMENTACIÓN -  ', 'EspecificacionComprador': '(1964920) ALIMENTACIÓN -  ', 'EspecificacionProveedor': '(1964920) ALIMENTACIÓN -   ; Región Metropolitana de Santiago; Santiago; Direccion no aplica a productos virtuales; DESCUENTO 5,0%', 'Cantidad': 1.0, 'Unidad': None, 'Moneda': 'CLP', 'PrecioNeto': 40538245.0, 'TotalCargos': 0.0, 'TotalDescuentos': 0.0, 'TotalImpuestos': 0.0, 'Total': 40538245.0}]",ALIMENTACION,2026-03-05T14:17:06.062157,,,,,,,,,,,,,,
952946-22-CM26,ADQUISICIÓN DE TARJETAS DE ALIMENTACIÓN,12,27693,2026-03-05,ADQUISICIÓN DE TARJETAS DE ALIMENTACIÓN,12,Recepción Conforme,,"ADQUISICIÓN DE TARJETAS DE ALIMENTACIÓN, SIC N° 340633, OC SIGLE N°333772, 22.01.001 FUNC-GAFU-AFAD-46 (Plazo de entrega 5 días hábiles)",9,CM,CLP,7,Recepción Conforme,1,4.767676767676767,99,66342.0,0.0,1326846.0,19.0,239496.0,1499999.0,,CL,12,2,2026-03-02T15:39:52.833,2026-03-04T16:12:32.68,2026-03-04T17:20:06.213,,2026-03-04T16:12:00,111870,DIVISION LOGISTICA DEL EJERCITO,65.127.823-6,952946,Jef Adm y Logística - Campo Militar Valdivia,Defensa,Coronel Santiago Bueras N° 1679,Valdivia,Región de Los Ríos,CL,Cristian Andres Bustamante Bustamante,,,,27693,EDENRED CHILE SOCIEDAD ANONIMA,"RESTAURANTES| OTROS TIPOS DE INTERMEDIACION MONETARIA N.C.P.| SOCIEDADES DE INVERSION Y RENTISTAS DE CAPITALES MOBILIARIOS EN GENERA| COMPRA, VENTA Y ALQUILER (EXCEPTO AMOBLADOS) DE INMUEBLES PROPIOS O AR| OTRAS ACTIVIDADES EMPRESARIALES N.C.P.",27623,EDENRED CHILE S.A.,96.781.350-8,"Avenida Andres Bello # 2687, piso 13.",,,CL,,Contacto,,,1,"[{'Correlativo': 1, 'CodigoCategoria': 0, 'Categoria': '', 'CodigoProducto': 0, 'Producto': 'ALIMENTACIÓN -  ', 'EspecificacionComprador': '(1964920) ALIMENTACIÓN -  ', 'EspecificacionProveedor': '(1964920) ALIMENTACIÓN -   ; Región Metropolitana de Santiago; Santiago; Direccion no aplica a productos virtuales; DESCUENTO 5,0%', 'Cantidad': 1.0, 'Unidad': None, 'Moneda': 'CLP', 'PrecioNeto': 1326846.0, 'TotalCargos': 0.0, 'TotalDescuentos': 0.0, 'TotalImpuestos': 0.0, 'Total': 1326846.0}]",ALIMENTACION,2026-03-05T16:17:08.690707,,,,,,,,,,,,,,
1057370-155-CM26, RECARGA TARJETA COLACIONES NOCTURNA FUNCIONARIOS MARZO 2026,4,27693,2026-03-06, RECARGA TARJETA COLACIONES NOCTURNA FUNCIONARIOS MARZO 2026,4,Enviada a proveedor,,"ES IMPRESCINDIBLE PARA PROCEDER AL PAGO QUE:
1. La OC debe ser aceptada.
2. Indicar N° OC en campo 801 de la factura.
3. Enviar a dipresrecepcion@custodium.com archivo *.XML de la factura, dentro de las 72 horas de emitida la factura.
",9,CM,CLP,1,Nueva orden de compra,1,4.767676767676767,99,500000.0,0.0,10000000.0,19.0,1805000.0,11305000.0,,CL,12,2,2026-03-04T14:31:06.223,2026-03-06T12:21:53.56,,,2026-03-04T14:38:00,1216633,HOSPITAL PSIQUIATRICO DR. PHILIPPE PINEL PUTAENDO,61.602.040-4,1057370,Bienes y Servicios,Servicio Público,José Antonio Salinas Nº 2.500,Putaendo,Región de Valparaíso ,CL,Joceline Daniela Silva Bruna,,,,27693,EDENRED CHILE SOCIEDAD ANONIMA,"RESTAURANTES| OTROS TIPOS DE INTERMEDIACION MONETARIA N.C.P.| SOCIEDADES DE INVERSION Y RENTISTAS DE CAPITALES MOBILIARIOS EN GENERA| COMPRA, VENTA Y ALQUILER (EXCEPTO AMOBLADOS) DE INMUEBLES PROPIOS O AR| OTRAS ACTIVIDADES EMPRESARIALES N.C.P.",27623,EDENRED CHILE S.A.,96.781.350-8,"Avenida Andres Bello # 2687, piso 13.",,,CL,,Contacto,,,1,"[{'Correlativo': 1, 'CodigoCategoria': 0, 'Categoria': '', 'CodigoProducto': 0, 'Producto': 'ALIMENTACIÓN -  ', 'EspecificacionComprador': '(1964920) ALIMENTACIÓN -  ', 'EspecificacionProveedor': '(1964920) ALIMENTACIÓN -   ; Región Metropolitana de Santiago; Santiago; Direccion no aplica a productos virtuales; DESCUENTO 5,0%', 'Cantidad': 1.0, 'Unidad': None, 'Moneda': 'CLP', 'PrecioNeto': 10000000.0, 'TotalCargos': 0.0, 'TotalDescuentos': 0.0, 'TotalImpuestos': 0.0, 'Total': 10000000.0}]",ALIMENTACION,2026-03-06T16:11:55.462366,,,,,,,,,,,,,,
1057384-209-CM26,Orden de Compra: 1057384-209-CM26,4,27693,2026-03-06,Orden de Compra: 1057384-209-CM26,4,Enviada a proveedor,,Orden de Compra codigo: 1057384-209-CM26 dirigida a EDENRED CHILE SOCIEDAD ANONIMA. BENEFICIO DE ALIMENTACIÓN PARA FUNCIONARIOS DEL HOSPITAL DE TOCOPILLA CORRESPONDIENTE AL MES DE MARZO DE 2026.- RESOL. 991. SOLICITUD 435 AMBAS DER FECHA 06 DE MARZO DE 20,9,CM,CLP,1,Nueva orden de compra,1,4.767676767676767,99,1317087.0,0.0,26341741.0,19.0,4754684.0,29779338.0,976,CL,12,2,2026-03-06T12:21:06.797,2026-03-06T12:32:46.41,,,2026-03-06T12:33:00,7385,SERVICIO DE SALUD ANTOFAGASTA HOSPITAL M,61.606.203-4,1057384,Bienes y Servicios,Servicio Público,Calle Santa Rosa S/N°,Tocopilla,Región de Antofagasta ,CL,EVELYN BARRERA,,,,27693,EDENRED CHILE SOCIEDAD ANONIMA,"RESTAURANTES| OTROS TIPOS DE INTERMEDIACION MONETARIA N.C.P.| SOCIEDADES DE INVERSION Y RENTISTAS DE CAPITALES MOBILIARIOS EN GENERA| COMPRA, VENTA Y ALQUILER (EXCEPTO AMOBLADOS) DE INMUEBLES PROPIOS O AR| OTRAS ACTIVIDADES EMPRESARIALES N.C.P.",27623,EDENRED CHILE S.A.,96.781.350-8,"Avenida Andres Bello # 2687, piso 13.",,,CL,,Contacto,,,1,"[{'Correlativo': 1, 'CodigoCategoria': 0, 'Categoria': '', 'CodigoProducto': 0, 'Producto': 'ALIMENTACIÓN -  ', 'EspecificacionComprador': '(1964920) ALIMENTACIÓN -  ', 'EspecificacionProveedor': '(1964920) ALIMENTACIÓN -   ; Región Metropolitana de Santiago; Santiago; Direccion no aplica a productos virtuales; DESCUENTO 5,0%', 'Cantidad': 1.0, 'Unidad': None, 'Moneda': 'CLP', 'PrecioNeto': 26341741.0, 'TotalCargos': 0.0, 'TotalDescuentos': 0.0, 'TotalImpuestos': 0.0, 'Total': 26341741.0}]",ALIMENTACION,2026-03-06T16:11:55.462366,,,,,,,,,,,,,,
1057389-1374-CM26,Recarga tarjeta alimentación febrero,6,27693,2026-03-06,Recarga tarjeta alimentación febrero,4,Enviada a proveedor,,"Campo 801 “Folio de Referencia"" informar OC sin anteponer números ni palabras: xxxxxxx-xx-xx26
Enviar archivo XML a la casilla de intercambio: dipresrecepcion@custodium.com 
N° Tarea: 8680
Observación: Recarga tarjeta alimentación Febrero",9,CM,CLP,1,Nueva orden de compra,1,4.767676767676767,99,2774460.0,0.0,55489200.0,19.0,10015801.0,62730541.0,,CL,12,2,2026-03-05T16:45:29.057,2026-03-06T08:19:20.233,,,2026-03-05T16:49:00,7288,SERVICIO SALUD ARAUCANIA NORTE HOSPITAL VICTORIA,61.602.229-6,1057389,Bienes y Servicios,Bienes y Servicios,Avda Dartnell N°1100,Victoria,Región de la Araucanía ,CL,Maria  Arevalo Cantero,,,,27693,EDENRED CHILE SOCIEDAD ANONIMA,"RESTAURANTES| OTROS TIPOS DE INTERMEDIACION MONETARIA N.C.P.| SOCIEDADES DE INVERSION Y RENTISTAS DE CAPITALES MOBILIARIOS EN GENERA| COMPRA, VENTA Y ALQUILER (EXCEPTO AMOBLADOS) DE INMUEBLES PROPIOS O AR| OTRAS ACTIVIDADES EMPRESARIALES N.C.P.",27623,EDENRED CHILE S.A.,96.781.350-8,"Avenida Andres Bello # 2687, piso 13.",,,CL,,Contacto,,,1,"[{'Correlativo': 1, 'CodigoCategoria': 0, 'Categoria': '', 'CodigoProducto': 0, 'Producto': 'ALIMENTACIÓN -  ', 'EspecificacionComprador': '(1964920) ALIMENTACIÓN -  ', 'EspecificacionProveedor': '(1964920) ALIMENTACIÓN -   ; Región Metropolitana de Santiago; Santiago; Direccion no aplica a productos virtuales; DESCUENTO 5,0%', 'Cantidad': 1.0, 'Unidad': None, 'Moneda': 'CLP', 'PrecioNeto': 55489200.0, 'TotalCargos': 0.0, 'TotalDescuentos': 0.0, 'TotalImpuestos': 0.0, 'Total': 55489200.0}]",ALIMENTACION,2026-03-06T12:16:09.491589,,,,,,,,,,,,,,
1057512-163-CM26,ALIMENTACION MARZO 2026,12,27693,2026-03-06,ALIMENTACION MARZO 2026,12,Recepción Conforme,,"Orden de Compra codigo: 1057512-163-CM26 dirigida a EDENRED CHILE SOCIEDAD ANONIMA.
ITEM: FUNCIONARIOS
USO: BENEFICIO TARJETA ALIMENTACION
A SOLICITUD RECURSOS HUMANOS.",9,CM,CLP,7,Recepción Conforme,1,4.767676767676767,99,742500.0,0.0,14850000.0,19.0,2680425.0,16787925.0,,CL,12,2,2026-02-18T10:37:45.227,2026-02-18T10:41:33.697,2026-02-18T11:31:13.277,,2026-02-18T10:41:00,7053,SERVICIO DE SALUD NUBLE HOSPITAL DE YUNG,61.607.004-5,1057512,Bienes y Servicios,Servicio Público,Angamos 658 Yungay,Yungay,Región del Ñuble,CL,IGNACIA BERMEDO,,,,27693,EDENRED CHILE SOCIEDAD ANONIMA,"RESTAURANTES| OTROS TIPOS DE INTERMEDIACION MONETARIA N.C.P.| SOCIEDADES DE INVERSION Y RENTISTAS DE CAPITALES MOBILIARIOS EN GENERA| COMPRA, VENTA Y ALQUILER (EXCEPTO AMOBLADOS) DE INMUEBLES PROPIOS O AR| OTRAS ACTIVIDADES EMPRESARIALES N.C.P.",27623,EDENRED CHILE S.A.,96.781.350-8,"Avenida Andres Bello # 2687, piso 13.",,,CL,,Contacto,,,1,"[{'Correlativo': 1, 'CodigoCategoria': 0, 'Categoria': '', 'CodigoProducto': 0, 'Producto': 'ALIMENTACIÓN -  ', 'EspecificacionComprador': '(1964920) ALIMENTACIÓN -  ', 'EspecificacionProveedor': '(1964920) ALIMENTACIÓN -   ; Región Metropolitana de Santiago; Santiago; Direccion no aplica a productos virtuales; DESCUENTO 5,0%', 'Cantidad': 1.0, 'Unidad': None, 'Moneda': 'CLP', 'PrecioNeto': 14850000.0, 'TotalCargos': 0.0, 'TotalDescuentos': 0.0, 'TotalImpuestos': 0.0, 'Total': 14850000.0}]",ALIMENTACION,2026-03-06T16:11:55.462366,,,,,,,,,,,,,,
1057544-28198-SE25,ORDEN DE COMPRA DESDE GRAN COMPRA 78834,12,27693,2026-03-06,ORDEN DE COMPRA DESDE GRAN COMPRA 78834,12,Recepción Conforme,,"TIPO:SERVICIO
TIPO:GLOBAL
CONTRATACIÓN DE SERVICIOS DE ADMINISTRACIÓN TARJETA DE ALIMENTACIÓN PARA FUNCIONARIOS DEL HLH, DESDE GRAN COMPRA 78.834, cargar en TRI 43629
VIGENTE A CONTAR DEL 01-12-2025 DURANTE 4 MESES",8,SE,CLP,7,Recepción Conforme,1,4.767676767676767,99,42016807.0,0.0,840336134.0,19.0,151680672.0,950000000.0,31189,CL,12,2,2025-12-05T15:53:07.153,2025-12-12T08:21:21.047,2025-12-12T09:15:20.21,,2026-02-04T08:36:00,7419,SERVICIO DE SALUD DE TALCAHUANO HOSPITAL,61.607.202-1,1057544,Bienes y Servicios,Servicio Público,"Avenida Alto Horno, 777 Las Higueras",Talcahuano,Región del Biobío ,CL,Marianne Francisca Ignacia Barril Troncoso,Profesional de Insumos No Clínicos,,,27693,EDENRED CHILE SOCIEDAD ANONIMA,RESTAURANTES| OTROS TIPOS DE INTERMEDIACION MONETA,27623,EDENRED CHILE S.A.,96.781.350-8,"Avenida Andres Bello # 2687, piso 13.",Las Condes,Región Metropolitana de Santiago,CL,YASMIN GUERRA,ADMINISTRATIVA MERCADO PUBLICO,,,1,"[{'Correlativo': 1, 'CodigoCategoria': 93131600, 'Categoria': 'Organizaciones y consultorías políticas, demográficas, económicas, sociales y de administración pública / Ayuda y asistencia humanitaria / Política, planificación y programas de alimentación y nutrición', 'CodigoProducto': 93131608, 'Producto': 'Servicios de suministro de alimentos', 'EspecificacionComprador': '096-0006\r\nTARJETAS DE ALIMENTACIÓN', 'EspecificacionProveedor': 'TARJETAS DE ALIMENTACION', 'Cantidad': 1.0, 'Unidad': None, 'Moneda': 'CLP', 'PrecioNeto': 840336134.5, 'TotalCargos': 0.0, 'TotalDescuentos': 0.0, 'TotalImpuestos': 0.0, 'Total': 840336134.5}]",ALIMENTACION,2026-03-06T14:13:09.147204,,,,,,,,,,,,,,
1079969-44-CM26,BENEFICIO RECARGA TARJETA DE ALIMENTACIÓN MES FEBRERO POR UN VALOR TOTAL DE $585.000 PARA LA PM ZOSEPCAR ,12,27693,2026-03-06,BENEFICIO RECARGA TARJETA DE ALIMENTACIÓN MES FEBRERO POR UN VALOR TOTAL DE $585.000 PARA LA PM ZOSEPCAR ,12,Recepción Conforme,,"TIPO DE RACION 

RACIONES OPERATIVOS $ 27.000 
RACIONES ADMINISTRATIVAS  $ 552.000 
COLACIONES $ 6.000 

TOTAL $ 585.000 
",9,CM,CLP,7,Recepción Conforme,1,4.767676767676767,99,24580.0,0.0,491597.0,19.0,88733.0,555750.0,,CL,12,2,2026-03-04T14:34:00.84,2026-03-04T15:21:52.067,2026-03-04T17:19:25.817,,2026-03-04T15:22:00,113812,DIRECCION DE LOGISTICA DE CARABINEROS,61.944.800-6,1079969,SECCIÓN COMPRAS ZONA SEG PRIV CONTROL ARMAS Y EXPL,COMPRAS SECCIÓN SEG PRIV CONT ARMAS Y EXPLOSIVOS,PASEO HUERFANOS N° 540 SANTIAGO,,,CL,Nicol Priscila Paisil Marin,,,,27693,EDENRED CHILE SOCIEDAD ANONIMA,"RESTAURANTES| OTROS TIPOS DE INTERMEDIACION MONETARIA N.C.P.| SOCIEDADES DE INVERSION Y RENTISTAS DE CAPITALES MOBILIARIOS EN GENERA| COMPRA, VENTA Y ALQUILER (EXCEPTO AMOBLADOS) DE INMUEBLES PROPIOS O AR| OTRAS ACTIVIDADES EMPRESARIALES N.C.P.",27623,EDENRED CHILE S.A.,96.781.350-8,"Avenida Andres Bello # 2687, piso 13.",,,CL,,Contacto,,,1,"[{'Correlativo': 1, 'CodigoCategoria': 0, 'Categoria': '', 'CodigoProducto': 0, 'Producto': 'ALIMENTACIÓN -  ', 'EspecificacionComprador': '(1964920) ALIMENTACIÓN -  ', 'EspecificacionProveedor': '(1964920) ALIMENTACIÓN -   ; Región Metropolitana de Santiago; Santiago; Direccion no aplica a productos virtuales; DESCUENTO 5,0%', 'Cantidad': 1.0, 'Unidad': None, 'Moneda': 'CLP', 'PrecioNeto': 491597.0, 'TotalCargos': 0.0, 'TotalDescuentos': 0.0, 'TotalImpuestos': 0.0, 'Total': 491597.0}]",ALIMENTACION,2026-03-06T16:11:55.462366,,,,,,,,,,,,,,
1157285-2-CM26,Giftcard,4,27693,2026-03-06,,,,,,,,,,,,,,,,,,,,,,,,,,,,,,,,,,,,,,,,,,,,,,,,,,,,,,,,,,,,,,,,,,,,,,,,,,
1242121-124-SE26,ORDEN DE COMPRA DESDE 1242121-26-LR23,12,27693,2026-03-06,ORDEN DE COMPRA DESDE 1242121-26-LR23,4,Enviada a proveedor,1242121-26-LR23,"CONVENIO DE BENEFICIO DE ALIMENTACIÓN DESDE 1242121-26-LR23
C.COSTO: PERSONAL
OBS: SE SOLICITA UNA VEZ REVISADA LA ORDEN DE COMPRA, DEJAR EN ESTADO ACEPTADA EN PORTAL MERCADO PUBLICO PARA ASÍ TENER UN DEVENGO OPORTUNO DE FACTURAS.
SE INFORMA QUE LA DISPONIBILIDAD PRESUPUESTARIA, ASOCIADA AL FOLIO DE COMPROMISO SIGFE, TIENE VIGENCIA DE 30 DÍAS CORRIDOS, DESDE ENVIADA LA ORDEN DE COMPRA TRANSCURRIDO ESTE PLAZO, SIN DESPACHO DE BIENES Y/O PRESTACIÓN DE SERVICIOS, FORMALIZADOS CON SU RESPECTIVA FACTURA, SE PROCEDERÁ A CANCELAR EN EL SISTEMA DE COMPRAS PÚBLICAS WWW.MERCADOPUBLICO.CL LA ORDEN DE COMPRA Y RECHAZAR TODO DOCUMENTO TRIBUTARIO ASOCIADO A ESTA.
 
ENTREGA: BODEGA ABASTECIMIENTO DE LUNES A VIERNES DE 08:00-14:00 HRS. INGRESO POR CALLE TALHUEN TUQUI SECTOR DE URGENCIAS ENVIAR FACTURA DE MANERA VISIBLE “NO” SE ACEPTARÁN GUIAS DE DESPACHO. 
 
FACTURAS ELECTRÓNICAS ENVIAR A CORREO: dipresrecepcion@custodium.com
FONO PAGO PROVEEDORES (53) 2 421 047
",8,SE,CLP,1,Nueva orden de compra,1,4.767676767676767,99,10116401.0,0.0,194546166.0,19.0,35041655.0,219471420.0,,CL,7,2,2026-03-05T08:56:10.813,2026-03-05T09:46:10.207,,,2026-03-05T09:00:00,7417,SERVICIO DE SALUD COQUIMBO HOSPITAL DE O,61.606.404-5,1242121,Insumos Generales,Servicio Público,Avenida Manuel Peñafiel 1550,Ovalle,Región de Coquimbo ,CL,Michelle Paz Carvajal Antiquera,Compradora,,,27693,EDENRED CHILE SOCIEDAD ANONIMA,RESTAURANTES| OTROS TIPOS DE INTERMEDIACION MONETA,27623,EDENRED CHILE S.A.,96.781.350-8,"Avenida Andres Bello # 2687, piso 13.",Las Condes,Región Metropolitana de Santiago,CL,YASMIN GUERRA,ADMINISTRATIVA MERCADO PUBLICO,,,1,"[{'Correlativo': 1, 'CodigoCategoria': 14111800, 'Categoria': 'Productos de papel / Productos de papel / Papeles comerciales', 'CodigoProducto': 14111815, 'Producto': 'Tarjetas promocionales', 'EspecificacionComprador': 'Beneficio de Alimentación para funcionarios\r\n20201111000004', 'EspecificacionProveedor': 'CARGA TARJETA DE ALIMENTACION PARA FUNCIONARIOS EN EL HOSPITAL DE OVALLE. \r\nDESCUENTO DE 5.2% SEGUN CONVENIO \r\n20201111000004', 'Cantidad': 1.0, 'Unidad': None, 'Moneda': 'CLP', 'PrecioNeto': 194546166.0, 'TotalCargos': 0.0, 'TotalDescuentos': 0.0, 'TotalImpuestos': 0.0, 'Total': 194546166.0}]",ALIMENTACION,2026-03-05T14:17:06.062157,,,,,,,,,,,,,,
1288819-10-CM26,Vestuario DRA Orden de Compra: 1288819-10-CM26,6,27693,2026-03-06,Vestuario DRA Orden de Compra: 1288819-10-CM26,6,Aceptada,,Orden de Compra codigo: 1288819-10-CM26 dirigida a EDENRED CHILE SOCIEDAD ANONIMA,9,CM,CLP,4,Aceptada,1,4.767676767676767,99,864000.0,0.0,7200000.0,0.0,0.0,6336000.0,44,CL,12,2,2026-03-04T13:36:13.86,2026-03-06T09:47:39.637,2026-03-06T10:22:17.527,,2026-03-06T08:56:00,7011,SERVICIO NACIONAL DEL PATRIMONIO CULTURAL,60.905.000-4,1288819,DIRECCIÓN REGIONAL DE LA ARAUCANÍA,PATRIMONIO CULTURAL,"Diego Portales 479, Temuco ",Temuco,Región de la Araucanía ,CL,Pilar Hermosilla Valdebenito,,,,27693,EDENRED CHILE SOCIEDAD ANONIMA,"RESTAURANTES| OTROS TIPOS DE INTERMEDIACION MONETARIA N.C.P.| SOCIEDADES DE INVERSION Y RENTISTAS DE CAPITALES MOBILIARIOS EN GENERA| COMPRA, VENTA Y ALQUILER (EXCEPTO AMOBLADOS) DE INMUEBLES PROPIOS O AR| OTRAS ACTIVIDADES EMPRESARIALES N.C.P.",27623,EDENRED CHILE S.A.,96.781.350-8,"Avenida Andres Bello # 2687, piso 13.",,,CL,,Contacto,,,1,"[{'Correlativo': 1, 'CodigoCategoria': 0, 'Categoria': '', 'CodigoProducto': 0, 'Producto': 'VESTUARIO Y CALZADO -  ', 'EspecificacionComprador': '(1964922) VESTUARIO Y CALZADO -  ', 'EspecificacionProveedor': '(1964922) VESTUARIO Y CALZADO -   ; Región Metropolitana de Santiago; Santiago; Direccion no aplica a productos virtuales; DESCUENTO 12,0%', 'Cantidad': 1.0, 'Unidad': None, 'Moneda': 'CLP', 'PrecioNeto': 7200000.0, 'TotalCargos': 0.0, 'TotalDescuentos': 0.0, 'TotalImpuestos': 0.0, 'Total': 7200000.0}]",VESTUARIO_Y_CALZADO,2026-03-06T14:13:09.147204,,,,,,,,,,,,,,
1288819-9-CM26,Orden de Compra: 1288819-9-CM26,6,27693,2026-03-06,Orden de Compra: 1288819-9-CM26,6,Aceptada,,Orden de Compra codigo: 1288819-9-CM26 dirigida a EDENRED CHILE SOCIEDAD ANONIMA,9,CM,CLP,4,Aceptada,1,4.767676767676767,99,216000.0,0.0,1800000.0,0.0,0.0,1584000.0,45,CL,12,2,2026-03-04T13:34:54.02,2026-03-06T09:47:51.317,2026-03-06T10:23:57.273,,2026-03-06T08:58:00,7011,SERVICIO NACIONAL DEL PATRIMONIO CULTURAL,60.905.000-4,1288819,DIRECCIÓN REGIONAL DE LA ARAUCANÍA,PATRIMONIO CULTURAL,"Diego Portales 479, Temuco ",Temuco,Región de la Araucanía ,CL,Pilar Hermosilla Valdebenito,,,,27693,EDENRED CHILE SOCIEDAD ANONIMA,"RESTAURANTES| OTROS TIPOS DE INTERMEDIACION MONETARIA N.C.P.| SOCIEDADES DE INVERSION Y RENTISTAS DE CAPITALES MOBILIARIOS EN GENERA| COMPRA, VENTA Y ALQUILER (EXCEPTO AMOBLADOS) DE INMUEBLES PROPIOS O AR| OTRAS ACTIVIDADES EMPRESARIALES N.C.P.",27623,EDENRED CHILE S.A.,96.781.350-8,"Avenida Andres Bello # 2687, piso 13.",,,CL,,Contacto,,,1,"[{'Correlativo': 1, 'CodigoCategoria': 0, 'Categoria': '', 'CodigoProducto': 0, 'Producto': 'VESTUARIO Y CALZADO -  ', 'EspecificacionComprador': '(1964922) VESTUARIO Y CALZADO -  ', 'EspecificacionProveedor': '(1964922) VESTUARIO Y CALZADO -   ; Región Metropolitana de Santiago; Santiago; Direccion no aplica a productos virtuales; DESCUENTO 12,0%', 'Cantidad': 1.0, 'Unidad': None, 'Moneda': 'CLP', 'PrecioNeto': 1800000.0, 'TotalCargos': 0.0, 'TotalDescuentos': 0.0, 'TotalImpuestos': 0.0, 'Total': 1800000.0}]",VESTUARIO_Y_CALZADO,2026-03-06T14:13:09.147204,,,,,,,,,,,,,,
1602-17-SE23,Servicio Administración del beneficio de sala cuna,12,27693,2026-03-06,Servicio Administración del beneficio de sala cuna,12,Recepción Conforme,1602-4-LE23,"Contratación del Servicio de administración del beneficio de sala cuna a nivel nacional para las funcionarias/os de la Dirección General de
Aeronáutica Civil.

LA ORDEN DE COMPRA DEBE ESTAR EN ESTADO ""ACEPTADA"" ANTES DE LA ENTREGA DE LOS BIENES. ESTA INSTITUCIÓN RETIENE POR TODAS LAS COMPRAS UN IMPUESTO DEL 2% DEL TOTAL FACTURADO (ART. 37 DE LA LEY 16.752).

LA FACTURA DEBERÁ EMITIRSE SOLO CUANDO LOS BIENES Y/O SERVICIOS HAYAN SIDO RECIBIDOS A PLENA CONFORMIDAD, DE LO CONTRARIO SERÁ RECHAZADA.
FACTURACIÓN ELECTRÓNICA, UNA VEZ VALIDADA POR SII, DEBERÁ HACERLA LLEGAR AL MAIL dte.recepción@dgac.gob.cl Y DEBE INDICAR EL NUMERO DE ORDEN DE COMPRA.",8,SE,CLP,7,Recepción Conforme,1,4.767676767676767,99,0.0,0.0,7563025.0,19.0,1436975.0,9000000.0,28827,CL,7,2,2023-02-22T14:42:01.17,2023-02-24T09:56:31.657,2023-02-24T13:20:05.647,,2023-02-24T09:54:00,7202,DIRECCION GENERAL DE AERONAUTICA CIVIL,61.104.000-8,2598,UNIDAD DE COMPRA SERVICIOS GENERALES,GOBIERNO CENTRAL Y ADMINISTRACION PUBLICA,Miguel Claro 1314,Providencia,Región Metropolitana de Santiago,CL,JUAN ANDRES GONZALEZ SAAVEDRA,,,,27693,EDENRED CHILE SOCIEDAD ANONIMA,RESTAURANTES| OTROS TIPOS DE INTERMEDIACION MONETA,27623,EDENRED CHILE S.A.,96.781.350-8,"Avenida Andres Bello # 2687, piso 13.",Las Condes,Región Metropolitana de Santiago,CL,YASMIN GUERRA,ADMINISTRATIVA MERCADO PUBLICO,,,1,"[{'Correlativo': 1, 'CodigoCategoria': 91111900, 'Categoria': 'Servicios de cuidado personal y domésticos / Servicio doméstico y de cuidados / Cuidado de niños, personas enfermas y ancianos', 'CodigoProducto': 91111901, 'Producto': 'Jardines infantiles o salas cunas', 'EspecificacionComprador': 'PORCENTAJE DE COMISIÓN DE ADMINISTRACIÓN', 'EspecificacionProveedor': 'Monto adjunto corresponde solo al % de comisión de acuerdo a la oferta económica de dicha Licitación, por concepto de comisión por administración del servicio beneficio de administración', 'Cantidad': 1.0, 'Unidad': None, 'Moneda': 'CLP', 'PrecioNeto': 7563025.0, 'TotalCargos': 0.0, 'TotalDescuentos': 0.0, 'TotalImpuestos': 0.0, 'Total': 7563025.0}]",SALA CUNA,2026-03-06T16:11:55.462366,,,,,,,,,,,,,,
1626-31-CM26,Beneficio de alimentación febrero,12,27693,2026-03-06,Beneficio de alimentación febrero,4,Enviada a proveedor,,"Destinado a funcionarios planta y contrata. Distribuido por administrador de cuenta empresa, según nómina entregada por Unidad Personal.",9,CM,CLP,1,Nueva orden de compra,1,4.767676767676767,99,233941.0,0.0,4678814.0,19.0,844526.0,5289399.0,203,CL,12,2,2026-03-04T09:06:05.42,2026-03-04T09:25:57.233,,,2026-03-04T09:09:00,7447,Hospital de Lolol,61.602.150-8,2622,Hospital de Lolol,,Los Alerces 35,Lolol,Región del Libertador General Bernardo O´Higgins,CL,Nicolás Galaz Maldonado,,,,27693,EDENRED CHILE SOCIEDAD ANONIMA,"RESTAURANTES| OTROS TIPOS DE INTERMEDIACION MONETARIA N.C.P.| SOCIEDADES DE INVERSION Y RENTISTAS DE CAPITALES MOBILIARIOS EN GENERA| COMPRA, VENTA Y ALQUILER (EXCEPTO AMOBLADOS) DE INMUEBLES PROPIOS O AR| OTRAS ACTIVIDADES EMPRESARIALES N.C.P.",27623,EDENRED CHILE S.A.,96.781.350-8,"Avenida Andres Bello # 2687, piso 13.",,,CL,,Contacto,,,1,"[{'Correlativo': 1, 'CodigoCategoria': 0, 'Categoria': '', 'CodigoProducto': 0, 'Producto': 'ALIMENTACIÓN -  ', 'EspecificacionComprador': '(1964920) ALIMENTACIÓN -  ', 'EspecificacionProveedor': '(1964920) ALIMENTACIÓN -   ; Región Metropolitana de Santiago; Santiago; Direccion no aplica a productos virtuales; DESCUENTO 5,0%', 'Cantidad': 1.0, 'Unidad': None, 'Moneda': 'CLP', 'PrecioNeto': 4678814.0, 'TotalCargos': 0.0, 'TotalDescuentos': 0.0, 'TotalImpuestos': 0.0, 'Total': 4678814.0}]",ALIMENTACION,2026-03-04T14:14:39.233990,,,,,,,,,,,,,,
1655-44-SE26,FOLIO Nº18 + 1331709-1-LR25 + MTR,12,27693,2026-03-06,FOLIO Nº18 + 1331709-1-LR25 + MTR,12,Recepción Conforme,,TARJETAS ELECTRÓNICAS DE ALIMENTACIÓN,8,SE,CLP,7,Recepción Conforme,1,4.767676767676767,99,137190857.0,0.0,2988907563.0,19.0,541826174.0,3393542880.0,276,Other,22,2,2026-02-16T17:08:46.27,2026-02-18T15:52:30.637,2026-02-18T17:20:27.16,,2026-02-18T15:43:00,7466,SERVICIO DE SALUD METROPOLI CENTRAL DIRECCION DE ATENCION PRIMARIA,61.608.605-7,2651,Subdirección de Atención Primaria,Salud,Sin dirección Registrada para Unidad de Compra,Santiago,Región Metropolitana de Santiago,Other,Matias Toloza Reyes,Jefe (S) Unidad Gestión de Compras DAP,,,27693,EDENRED CHILE SOCIEDAD ANONIMA,RESTAURANTES| OTROS TIPOS DE INTERMEDIACION MONETA,27623,EDENRED CHILE S.A.,96.781.350-8,"Avenida Andres Bello # 2687, piso 13.",Las Condes,Región Metropolitana de Santiago,CL,YASMIN GUERRA,ADMINISTRATIVA MERCADO PUBLICO,,,1,"[{'Correlativo': 1, 'CodigoCategoria': 93151500, 'Categoria': 'Organizaciones y consultorías políticas, demográficas, económicas, sociales y de administración pública / Administración y finanzas públicas / Administración pública', 'CodigoProducto': 93151507, 'Producto': 'Procedimientos o servicios administrativos', 'EspecificacionComprador': 'SERVICIO DE TARJETAS ELECTRÓNICAS DE ALIMENTACIÓN PARA FUNCIONARIOS', 'EspecificacionProveedor': 'SERVICIO DE TARJETAS ELECTRÓNICAS DE ALIMENTACIÓN PARA FUNCIONARIOS', 'Cantidad': 1.0, 'Unidad': None, 'Moneda': 'CLP', 'PrecioNeto': 2988907563.0, 'TotalCargos': 0.0, 'TotalDescuentos': 0.0, 'TotalImpuestos': 0.0, 'Total': 2988907563.0}]",ALIMENTACION,2026-03-06T14:13:09.147204,,,,,,,,,,,,,,
1681-156-CM26,BENEFICIO ALIMENTACIÓN PROFESIONALES Y MÉDICOS MAR/2026,12,27693,2026-03-06,BENEFICIO ALIMENTACIÓN PROFESIONALES Y MÉDICOS MAR/2026,12,Recepción Conforme,,Orden de Compra codigo: 1681-156-CM26 dirigida a EDENRED CHILE SOCIEDAD ANONIMA,9,CM,CLP,7,Recepción Conforme,1,4.767676767676767,99,1418639.0,0.0,28372774.0,19.0,5121286.0,32075421.0,,CL,12,2,2026-02-25T15:12:32.637,2026-02-26T17:02:03.327,2026-02-27T11:07:09.5,,2026-02-26T12:41:00,7258,SERVICIO DE SALUD DEL MAULE HOSPITAL DE LINARES,61.606.917-9,2677,ABASTECIMIENTO HBL,HOSPITAL,"Avenida Brasil 753, Linares",,,CL,YESICA MUÑOZ GARRIDO,,,,27693,EDENRED CHILE SOCIEDAD ANONIMA,"RESTAURANTES| OTROS TIPOS DE INTERMEDIACION MONETARIA N.C.P.| SOCIEDADES DE INVERSION Y RENTISTAS DE CAPITALES MOBILIARIOS EN GENERA| COMPRA, VENTA Y ALQUILER (EXCEPTO AMOBLADOS) DE INMUEBLES PROPIOS O AR| OTRAS ACTIVIDADES EMPRESARIALES N.C.P.",27623,EDENRED CHILE S.A.,96.781.350-8,"Avenida Andres Bello # 2687, piso 13.",,,CL,,Contacto,,,1,"[{'Correlativo': 1, 'CodigoCategoria': 0, 'Categoria': '', 'CodigoProducto': 0, 'Producto': 'ALIMENTACIÓN -  ', 'EspecificacionComprador': '(1964920) ALIMENTACIÓN -  ', 'EspecificacionProveedor': '(1964920) ALIMENTACIÓN -   ; Región Metropolitana de Santiago; Santiago; Direccion no aplica a productos virtuales; DESCUENTO 5,0%', 'Cantidad': 1.0, 'Unidad': None, 'Moneda': 'CLP', 'PrecioNeto': 28372774.0, 'TotalCargos': 0.0, 'TotalDescuentos': 0.0, 'TotalImpuestos': 0.0, 'Total': 28372774.0}]",ALIMENTACION,2026-03-06T16:11:55.462366,,,,,,,,,,,,,,
1681-159-CM26,"BENEFICIO ALIMENTACIÓN TÉCNICOS, ADMINIST. Y AUXILIARES MAR/2026",12,27693,2026-03-06,,,,,,,,,,,,,,,,,,,,,,,,,,,,,,,,,,,,,,,,,,,,,,,,,,,,,,,,,,,,,,,,,,,,,,,,,,
2215-1948-TD25,Orden de Compra generada por Trato Directo ID 2215-129-FTD25,12,27693,2026-03-06,Orden de Compra generada por Trato Directo ID 2215-129-FTD25,12,Recepción Conforme,,Requerido de la unidad de Gestión y Desarrollo de las Personas,16,TD,CLP,7,Recepción Conforme,1,4.767676767676767,99,0.0,0.0,362647059.0,19.0,68902941.0,431550000.0,,Other,7,2,2025-12-02T16:59:30,2025-12-02T17:21:56.323,2025-12-03T14:59:08.54,,2026-01-15T09:12:00,7494,SERVICIO DE SALUD ANTOFAGASTA HOSP C CIS,61.606.202-6,3210,Hospital Carlos Cisternas de Calama,HOSPITALES Y CLINICAS,,Antofagasta,Región de Antofagasta ,Other,Claudia Isabel Araya Perez,Analista de Compras,,,27693,EDENRED CHILE SOCIEDAD ANONIMA,"RESTAURANTES| OTROS TIPOS DE INTERMEDIACION MONETARIA N.C.P.| SOCIEDADES DE INVERSION Y RENTISTAS DE CAPITALES MOBILIARIOS EN GENERA| COMPRA, VENTA Y ALQUILER (EXCEPTO AMOBLADOS) DE INMUEBLES PROPIOS O AR| OTRAS ACTIVIDADES EMPRESARIALES N.C.P.",27623,EDENRED CHILE S.A.,96.781.350-8,"Avenida Andres Bello # 2687, piso 13.",María Elena,Región Metropolitana de Santiago,Other,YASMIN GUERRA,ADMINISTRATIVA MERCADO PUBLICO,,,1,"[{'Correlativo': 1, 'CodigoCategoria': 93151500, 'Categoria': 'Organizaciones y consultorías políticas, demográficas, económicas, sociales y de administración pública / Administración y finanzas públicas / Administración pública', 'CodigoProducto': 93151507, 'Producto': 'Procedimientos o servicios administrativos', 'EspecificacionComprador': 'tarjeta de alimentacion ', 'EspecificacionProveedor': 'tarjeta de alimentacion ', 'Cantidad': 1.0, 'Unidad': None, 'Moneda': 'CLP', 'PrecioNeto': 378151261.0, 'TotalCargos': 0.0, 'TotalDescuentos': 15504202.0, 'TotalImpuestos': 0.0, 'Total': 0.0}]",ALIMENTACION,2026-03-06T14:13:09.147204,,,,,,,,,,,,,,
2215-205-SE26,BENEFICIO DE ALIMENTACION (RECARGA),12,27693,2026-03-06,BENEFICIO DE ALIMENTACION (RECARGA),12,Recepción Conforme,,BENEFICIO DE ALIMENTACION (RECARGA) PROVENIENTE DE GRAN COMPRA ID 81133,8,SE,CLP,7,Recepción Conforme,1,4.767676767676767,99,73109244.0,0.0,1462184874.0,19.0,263924370.0,1653000000.0,,CL,7,2,2026-02-26T16:14:56.813,2026-02-26T17:07:14.497,2026-02-26T17:20:34.06,,2026-02-26T16:26:00,7494,SERVICIO DE SALUD ANTOFAGASTA HOSP C CIS,61.606.202-6,3210,Hospital Carlos Cisternas de Calama,HOSPITALES Y CLINICAS,"AVDA GRAU 1490, CALAMA",Calama,Región de Antofagasta ,CL,Susan Esther Aguilera Garcia,Secretaria,,,27693,EDENRED CHILE SOCIEDAD ANONIMA,RESTAURANTES| OTROS TIPOS DE INTERMEDIACION MONETA,27623,EDENRED CHILE S.A.,96.781.350-8,"Avenida Andres Bello # 2687, piso 13.",Las Condes,Región Metropolitana de Santiago,CL,YASMIN GUERRA,ADMINISTRATIVA MERCADO PUBLICO,,,1,"[{'Correlativo': 1, 'CodigoCategoria': 93151500, 'Categoria': 'Organizaciones y consultorías políticas, demográficas, económicas, sociales y de administración pública / Administración y finanzas públicas / Administración pública', 'CodigoProducto': 93151507, 'Producto': 'Procedimientos o servicios administrativos', 'EspecificacionComprador': 'ALIMENTACION ID 1964920(BENEFICIO DE ALIMENTACION)', 'EspecificacionProveedor': 'ALIMENTACION ID 1964920 (BENEFICIO DE ALIMENTACION)', 'Cantidad': 1.0, 'Unidad': None, 'Moneda': 'CLP', 'PrecioNeto': 1462184874.0, 'TotalCargos': 0.0, 'TotalDescuentos': 0.0, 'TotalImpuestos': 0.0, 'Total': 1462184874.0}]",ALIMENTACION,2026-03-06T14:13:09.147204,,,,,,,,,,,,,,
3409-30-CM26,ADQUISICION DE RECARGA DE TARJETA DE ALIMENTACION,12,27693,2026-03-06,ADQUISICION DE RECARGA DE TARJETA DE ALIMENTACION,12,Recepción Conforme,,"Que existe la necesidad de ADQUIRIR RECARGA DE TARJETA DE ALIMENTACION del Destacamento (RES. TTE. D. SEPULVEDA P)
(SIC 339653 OC SIGLE 333169). ",9,CM,CLP,7,Recepción Conforme,1,4.767676767676767,99,88456.0,0.0,1769128.0,19.0,319328.0,1999999.0,,CL,12,2,2026-02-19T16:11:57.517,2026-02-19T16:25:22.803,2026-02-19T16:41:10.987,,2026-02-19T16:24:00,111870,DIVISION LOGISTICA DEL EJERCITO,61.101.455-4,4330,Destacamento Motorizado Nº 11 Caupolicán,-,Manuel Señoret S/N,Porvenir,Región de Magallanes y de la Antártica,CL,MATIAS  SANTANA,,,,27693,EDENRED CHILE SOCIEDAD ANONIMA,"RESTAURANTES| OTROS TIPOS DE INTERMEDIACION MONETARIA N.C.P.| SOCIEDADES DE INVERSION Y RENTISTAS DE CAPITALES MOBILIARIOS EN GENERA| COMPRA, VENTA Y ALQUILER (EXCEPTO AMOBLADOS) DE INMUEBLES PROPIOS O AR| OTRAS ACTIVIDADES EMPRESARIALES N.C.P.",27623,EDENRED CHILE S.A.,96.781.350-8,"Avenida Andres Bello # 2687, piso 13.",,,CL,,Contacto,,,1,"[{'Correlativo': 1, 'CodigoCategoria': 0, 'Categoria': '', 'CodigoProducto': 0, 'Producto': 'ALIMENTACIÓN -  ', 'EspecificacionComprador': '(1964920) ALIMENTACIÓN -  ', 'EspecificacionProveedor': '(1964920) ALIMENTACIÓN -   ; Región Metropolitana de Santiago; Santiago; Direccion no aplica a productos virtuales; DESCUENTO 5,0%', 'Cantidad': 1.0, 'Unidad': None, 'Moneda': 'CLP', 'PrecioNeto': 1769128.0, 'TotalCargos': 0.0, 'TotalDescuentos': 0.0, 'TotalImpuestos': 0.0, 'Total': 1769128.0}]",ALIMENTACION,2026-03-06T16:11:55.462366,,,,,,,,,,,,,,
3474-134-CM26,RECARGA DE TARJETA DE ALIMENTACION ASPIRANTES A OFICIALES DAC 4TO. ESCUADRON ,4,27693,2026-03-06,RECARGA DE TARJETA DE ALIMENTACION ASPIRANTES A OFICIALES DAC 4TO. ESCUADRON ,4,Enviada a proveedor,,Orden de Compra codigo: 3474-134-CM26 dirigida a EDENRED CHILE SOCIEDAD ANONIMA,9,CM,CLP,1,Nueva orden de compra,1,4.767676767676767,99,529832.0,0.0,10596638.0,19.0,1912693.0,11979499.0,,CL,12,2,2026-03-06T10:25:27.797,2026-03-06T12:16:02.317,,,2026-03-06T10:28:00,113812,DIRECCION DE LOGISTICA DE CARABINEROS,61.979.960-7,4395,Escuela de Carabineros,,"Calle Irarrazaval N° 4250, Ñuñoa",Ñuñoa,Región Metropolitana de Santiago,CL,CAROLINA  MARTINEZ,,,,27693,EDENRED CHILE SOCIEDAD ANONIMA,"RESTAURANTES| OTROS TIPOS DE INTERMEDIACION MONETARIA N.C.P.| SOCIEDADES DE INVERSION Y RENTISTAS DE CAPITALES MOBILIARIOS EN GENERA| COMPRA, VENTA Y ALQUILER (EXCEPTO AMOBLADOS) DE INMUEBLES PROPIOS O AR| OTRAS ACTIVIDADES EMPRESARIALES N.C.P.",27623,EDENRED CHILE S.A.,96.781.350-8,"Avenida Andres Bello # 2687, piso 13.",,,CL,,Contacto,,,1,"[{'Correlativo': 1, 'CodigoCategoria': 0, 'Categoria': '', 'CodigoProducto': 0, 'Producto': 'ALIMENTACIÓN -  ', 'EspecificacionComprador': '(1964920) ALIMENTACIÓN -  ', 'EspecificacionProveedor': '(1964920) ALIMENTACIÓN -   ; Región Metropolitana de Santiago; Santiago; Direccion no aplica a productos virtuales; DESCUENTO 5,0%', 'Cantidad': 1.0, 'Unidad': None, 'Moneda': 'CLP', 'PrecioNeto': 10596638.0, 'TotalCargos': 0.0, 'TotalDescuentos': 0.0, 'TotalImpuestos': 0.0, 'Total': 10596638.0}]",ALIMENTACION,2026-03-06T16:11:55.462366,,,,,,,,,,,,,,
3483-70-CM26,FI_TARJETA DE SUPERMERCADO ,12,27693,2026-03-06,FI_TARJETA DE SUPERMERCADO ,4,Enviada a proveedor,,"FONDOS INTERNOS 
ADQUISICION DE TARJETA DE SUPERMERCADO

FONDOS INTERNOS
ITEM 22.01.001 ""PARA PERSONAS""
OC SIGLE: 333768",9,CM,CLP,1,Nueva orden de compra,1,4.767676767676767,99,184713.0,0.0,3184713.0,0.0,0.0,3000000.0,,CL,12,2,2026-03-03T10:15:42.52,2026-03-05T12:17:03.127,,,2026-03-05T10:08:00,111870,DIVISION LOGISTICA DEL EJERCITO,65.286.830-4,4404,"Regimiento Logístico N° 6 ""Pisagua""",,Oscar Quina 1333,Arica,Región de Arica y Parinacota,CL,JACOB ANDRES LE BLANC GALLEGUILLOS,,,,27693,EDENRED CHILE SOCIEDAD ANONIMA,"RESTAURANTES| OTROS TIPOS DE INTERMEDIACION MONETARIA N.C.P.| SOCIEDADES DE INVERSION Y RENTISTAS DE CAPITALES MOBILIARIOS EN GENERA| COMPRA, VENTA Y ALQUILER (EXCEPTO AMOBLADOS) DE INMUEBLES PROPIOS O AR| OTRAS ACTIVIDADES EMPRESARIALES N.C.P.",27623,EDENRED CHILE S.A.,96.781.350-8,"Avenida Andres Bello # 2687, piso 13.",,,CL,,Contacto,,,1,"[{'Correlativo': 1, 'CodigoCategoria': 0, 'Categoria': '', 'CodigoProducto': 0, 'Producto': 'SUPERMERCADO -  ', 'EspecificacionComprador': '(1964921) SUPERMERCADO -  ', 'EspecificacionProveedor': '(1964921) SUPERMERCADO -   ; Región Metropolitana de Santiago; Santiago; Direccion no aplica a productos virtuales; DESCUENTO 5,8%', 'Cantidad': 1.0, 'Unidad': None, 'Moneda': 'CLP', 'PrecioNeto': 3184713.0042463, 'TotalCargos': 0.0, 'TotalDescuentos': 0.0, 'TotalImpuestos': 0.0, 'Total': 3184713.0042463}]",SUPERMERCADO,2026-03-05T16:17:08.690707,,,,,,,,,,,,,,
3849-3-CM26,RECARGA ALIMENTACION FISCAL MES ENERO Y FEBRERO,4,27693,2026-03-06,RECARGA ALIMENTACION FISCAL MES ENERO Y FEBRERO,4,Enviada a proveedor,,Orden de Compra codigo: 3849-3-CM26 dirigida a EDENRED CHILE SOCIEDAD ANONIMA,9,CM,CLP,1,Nueva orden de compra,1,4.767676767676767,99,132647.0,0.0,2652941.0,19.0,478856.0,2999150.0,,CL,12,2,2026-03-05T17:33:57.6,2026-03-06T12:17:45.383,,,2026-03-05T17:41:00,113812,DIRECCION DE LOGISTICA DE CARABINEROS,60.505.000-K,4769,Depto.Comunicaciones,,Av.Lib.B.O'higgins Nº 1196,Santiago,Región Metropolitana de Santiago,CL,Noemi Paola Cea Rojas,,,,27693,EDENRED CHILE SOCIEDAD ANONIMA,"RESTAURANTES| OTROS TIPOS DE INTERMEDIACION MONETARIA N.C.P.| SOCIEDADES DE INVERSION Y RENTISTAS DE CAPITALES MOBILIARIOS EN GENERA| COMPRA, VENTA Y ALQUILER (EXCEPTO AMOBLADOS) DE INMUEBLES PROPIOS O AR| OTRAS ACTIVIDADES EMPRESARIALES N.C.P.",27623,EDENRED CHILE S.A.,96.781.350-8,"Avenida Andres Bello # 2687, piso 13.",,,CL,,Contacto,,,1,"[{'Correlativo': 1, 'CodigoCategoria': 0, 'Categoria': '', 'CodigoProducto': 0, 'Producto': 'ALIMENTACIÓN -  ', 'EspecificacionComprador': '(1964920) ALIMENTACIÓN -  ', 'EspecificacionProveedor': '(1964920) ALIMENTACIÓN -   ; Región Metropolitana de Santiago; Santiago; Direccion no aplica a productos virtuales; DESCUENTO 5,0%', 'Cantidad': 1.0, 'Unidad': None, 'Moneda': 'CLP', 'PrecioNeto': 2652941.0, 'TotalCargos': 0.0, 'TotalDescuentos': 0.0, 'TotalImpuestos': 0.0, 'Total': 2652941.0}]",ALIMENTACION,2026-03-06T16:11:55.462366,,,,,,,,,,,,,,
4055-68-AG26,ADQUISICIÓN DE GIFT CARD DE VESTUARIOS 4055-47-COT26,6,27693,2026-03-06,ADQUISICIÓN DE GIFT CARD DE VESTUARIOS 4055-47-COT26,6,Aceptada,,Adquisición de Gift Card de vestuario y calzado para premiación de la corrida San Sebastián. FAP N°154. 4055-68-AG26 dirigida a EDENRED CHILE SOCIEDAD ANONIMA,13,AG,CLP,4,Aceptada,1,4.767676767676767,99,0.0,0.0,6800000.0,0.0,0.0,6800000.0,24.01.008.003.001,Other,7,2,2026-03-03T16:26:53.78,2026-03-03T17:27:35.013,2026-03-06T12:05:05.277,,2026-03-03T16:35:00,120004,I MUNICIPALIDAD DE YUMBEL,69.150.900-1,4975,Municipalidad de Yumbel,"OTROS TIPOS DE HOSPEDAJE TEMPORAL (CAMPING, ALBERGUES, POSADAS)| OTRAS ACTIVIDADES EMPRESARIALES N.C.P.| GOBIERNO CENTRAL Y ADMINISTRACION PUBLICA| MUNICIPALIDADES| OTRAS ACTIVIDADES DE SERVICIOS PERSONALES N.C.P.",,Yumbel,Región del Biobío ,Other,LISSETH ESPINOZA,ADQUISICIONES,,,27693,EDENRED CHILE SOCIEDAD ANONIMA,"RESTAURANTES| OTROS TIPOS DE INTERMEDIACION MONETARIA N.C.P.| SOCIEDADES DE INVERSION Y RENTISTAS DE CAPITALES MOBILIARIOS EN GENERA| COMPRA, VENTA Y ALQUILER (EXCEPTO AMOBLADOS) DE INMUEBLES PROPIOS O AR| OTRAS ACTIVIDADES EMPRESARIALES N.C.P.",27623,EDENRED CHILE S.A.,96.781.350-8,"Avenida Andres Bello # 2687, piso 13.",Las Condes,Región Metropolitana de Santiago,Other,YASMIN GUERRA,ADMINISTRATIVA MERCADO PUBLICO,,,1,"[{'Correlativo': 1, 'CodigoCategoria': 14111600, 'Categoria': 'Productos de papel / Productos de papel / Papel fantasía', 'CodigoProducto': 14111608, 'Producto': 'Cupón de regalo', 'EspecificacionComprador': 'ADQUISICION DE GIF CARD DE VESTUARIO Y CALZADO PARA CORRIDA SAN SEBASTIAN, SEGÚN FORMULARIO ADJUNTO. LOS COTOS DE DESPACHO SON CARGO DEL PROVEEDOR.', 'EspecificacionProveedor': None, 'Cantidad': 1.0, 'Unidad': None, 'Moneda': 'CLP', 'PrecioNeto': 6800000.0, 'TotalCargos': 0.0, 'TotalDescuentos': 0.0, 'TotalImpuestos': 0.0, 'Total': 0.0}]",ALIMENTACION,2026-03-06T16:11:55.462366,,,,,,,,,,,,,,
4146-3-CM26,ADQUISICIÓN DEL BENEFICIO DE RECARGO DE ALIMENTACIÓN PARA EL PERSONAL MES DE MARZO,12,27693,2026-03-06,ADQUISICIÓN DEL BENEFICIO DE RECARGO DE ALIMENTACIÓN PARA EL PERSONAL MES DE MARZO,12,Recepción Conforme,,"FACTURACIÓN: DIRECCIÓN GENERAL DE CARABINEROS DE CHILE.
RUT: 60.505.000-K
DIRECCIÓN: AV. LIBERTADOR BERNARDO O´HIGGINS N°1196, PISO 10.
GIRO: ADMINISTRACIÓN PÚBLICA – DEFENSA.

ENVIAR CON GUÍA DE DESPACHO, CONFORME A NORMATIVA VIGENTE. 
EMISIÓN DE FACTURA",9,CM,CLP,7,Recepción Conforme,1,4.767676767676767,99,806302.0,0.0,16126050.0,19.0,2910752.0,18230500.0,,CL,12,2,2026-01-30T18:02:04.253,2026-02-25T17:52:14.557,2026-02-26T10:40:19.29,,2026-02-25T18:00:00,113812,DIRECCION DE LOGISTICA DE CARABINEROS,60.505.000-K,5066,DEPARTAMENTO GESTIÓN TÉCNICA,Comprador,Av. Lib. Bdo. O'higgins 1196,Santiago Centro,Región Metropolitana de Santiago,CL,Deissa  Olivero Jofré,,,,27693,EDENRED CHILE SOCIEDAD ANONIMA,"RESTAURANTES| OTROS TIPOS DE INTERMEDIACION MONETARIA N.C.P.| SOCIEDADES DE INVERSION Y RENTISTAS DE CAPITALES MOBILIARIOS EN GENERA| COMPRA, VENTA Y ALQUILER (EXCEPTO AMOBLADOS) DE INMUEBLES PROPIOS O AR| OTRAS ACTIVIDADES EMPRESARIALES N.C.P.",27623,EDENRED CHILE S.A.,96.781.350-8,"Avenida Andres Bello # 2687, piso 13.",,,CL,,Contacto,,,1,"[{'Correlativo': 1, 'CodigoCategoria': 0, 'Categoria': '', 'CodigoProducto': 0, 'Producto': 'ALIMENTACIÓN -  ', 'EspecificacionComprador': '(1964920) ALIMENTACIÓN -  ', 'EspecificacionProveedor': '(1964920) ALIMENTACIÓN -   ; Región Metropolitana de Santiago; Santiago; Direccion no aplica a productos virtuales; DESCUENTO 5,0%', 'Cantidad': 1.0, 'Unidad': None, 'Moneda': 'CLP', 'PrecioNeto': 16126050.0, 'TotalCargos': 0.0, 'TotalDescuentos': 0.0, 'TotalImpuestos': 0.0, 'Total': 16126050.0}]",ALIMENTACION,2026-03-06T14:13:09.147204,,,,,,,,,,,,,,
5078-3-SE26,SALA CUNA ENE 2026,6,27693,2026-03-06,SALA CUNA ENE 2026,6,Aceptada,,"OC N°2023060035,38 por Servicio de Sala Cuna mes de FEBRERO, beneficiarias: R.D y proporcional de M.S. valor exento ambas. Resolución Exenta VAF N°0.197/2024. La acept. OC. constit. Declarar que proveedor no es func. UTA y no está afecto prohib. contenidas en inc. 6art.4° Ley 19886. Y conoce y da cumplimiento a Norma Ley 21369. Manual Decr.U. 369/21 y Cod. EticaDecr.U.360/21 y Decr. U.630/22.-",8,SE,CLP,4,Aceptada,1,4.767676767676767,99,0.0,0.0,573600.0,0.0,0.0,573600.0,2025030038,CL,7,2,2026-02-23T11:47:43.37,2026-03-06T09:24:48.413,2026-03-06T09:39:13.197,,2026-03-06T09:22:00,204439,UNIVERSIDAD DE TARAPACA,70.770.800-k,5991,Bienestar del Personal,UNIVERSIDADES,Velasquez 1775,Arica,Región de Arica y Parinacota,CL,Victor Saavedra,Encargado de Pagos,,,27693,EDENRED CHILE SOCIEDAD ANONIMA,RESTAURANTES| OTROS TIPOS DE INTERMEDIACION MONETA,27623,EDENRED CHILE S.A.,96.781.350-8,"Avenida Andres Bello # 2687, piso 13.",Las Condes,Región Metropolitana de Santiago,CL,YASMIN GUERRA,ADMINISTRATIVA MERCADO PUBLICO,,,1,"[{'Correlativo': 1, 'CodigoCategoria': 91111900, 'Categoria': 'Servicios de cuidado personal y domésticos / Servicio doméstico y de cuidados / Cuidado de niños, personas enfermas y ancianos', 'CodigoProducto': 91111901, 'Producto': 'Jardines infantiles o salas cunas', 'EspecificacionComprador': 'Servicio de Sala cuna Universidad de Tarapacá O.C. interna N°2026030035,38 mes de FEBRERO, Res. Exenta VAF 197/2024, para funcionaria Sras. M.S.y R.D.', 'EspecificacionProveedor': 'Servicio de Sala cuna Universidad de Tarapacá O.C. interna N°2026030035,38 mes de FEBRERO, Res. Exenta VAF 197/2024, para funcionaria Sras. M.S.y R.D.', 'Cantidad': 1.0, 'Unidad': None, 'Moneda': 'CLP', 'PrecioNeto': 573600.0, 'TotalCargos': 0.0, 'TotalDescuentos': 0.0, 'TotalImpuestos': 0.0, 'Total': 573600.0}]",SALA CUNA,2026-03-06T14:13:09.147204,,,,,,,,,,,,,,
5078-4-SE26,COMISION S.CUNA  FEB 2026,6,27693,2026-03-06,,,,,,,,,,,,,,,,,,,,,,,,,,,,,,,,,,,,,,,,,,,,,,,,,,,,,,,,,,,,,,,,,,,,,,,,,,
5701-12-CM26,ADQUISICION ALIMENTACION FEBRERO 2026 ,6,27693,2026-03-06,ADQUISICION ALIMENTACION FEBRERO 2026 ,4,Enviada a proveedor,,Orden de Compra codigo: 5701-12-CM26 dirigida a EDENRED CHILE SOCIEDAD ANONIMA,9,CM,CLP,1,Nueva orden de compra,1,4.767676767676767,99,824370.0,0.0,16487395.0,19.0,2975975.0,18639000.0,79,CL,12,2,2026-03-04T12:40:48.493,2026-03-05T11:24:22.92,,,2026-03-04T12:43:00,113812,DIRECCION DE LOGISTICA DE CARABINEROS,60.505.000-K,286974,Secc. Desarr. Profesional,,Av. L. B. O'higgins 1196,Santiago Centro,Región Metropolitana de Santiago,CL,Dayna Madelaine Castro Fernandez,,,,27693,EDENRED CHILE SOCIEDAD ANONIMA,"RESTAURANTES| OTROS TIPOS DE INTERMEDIACION MONETARIA N.C.P.| SOCIEDADES DE INVERSION Y RENTISTAS DE CAPITALES MOBILIARIOS EN GENERA| COMPRA, VENTA Y ALQUILER (EXCEPTO AMOBLADOS) DE INMUEBLES PROPIOS O AR| OTRAS ACTIVIDADES EMPRESARIALES N.C.P.",27623,EDENRED CHILE S.A.,96.781.350-8,"Avenida Andres Bello # 2687, piso 13.",,,CL,,Contacto,,,1,"[{'Correlativo': 1, 'CodigoCategoria': 0, 'Categoria': '', 'CodigoProducto': 0, 'Producto': 'ALIMENTACIÓN -  ', 'EspecificacionComprador': '(1964920) ALIMENTACIÓN -  ', 'EspecificacionProveedor': '(1964920) ALIMENTACIÓN -   ; Región Metropolitana de Santiago; Santiago; Direccion no aplica a productos virtuales; DESCUENTO 5,0%', 'Cantidad': 1.0, 'Unidad': None, 'Moneda': 'CLP', 'PrecioNeto': 16487395.0, 'TotalCargos': 0.0, 'TotalDescuentos': 0.0, 'TotalImpuestos': 0.0, 'Total': 16487395.0}]",ALIMENTACION,2026-03-05T16:17:08.690707,,,,,,,,,,,,,,
5751-39-CM26,Orden de Compra: 5751-39-CM26,12,27693,2026-03-06,Orden de Compra: 5751-39-CM26,12,Recepción Conforme,,"ADQUISICION DE ROPA PARA CONDUCTORES X 03
DETALLE REQUERIMIENTO N°027/2026-SSGG

Orden de Compra codigo: 5751-39-CM26 dirigida a EDENRED CHILE SOCIEDAD ANONIMA",9,CM,CLP,7,Recepción Conforme,1,4.767676767676767,99,126000.0,0.0,1050000.0,0.0,0.0,924000.0,150,CL,12,2,2026-02-12T12:48:29.313,2026-02-24T07:57:31.35,2026-02-24T09:49:40.673,,2026-02-12T12:51:00,285964,SERVICIO DE VIVIENDA Y URBANIZACION DE V,61.818.002-6,287024,Serviu Región de Los Ríos - Valdivia,,Av. Alemania 799,Valdivia,Región de Los Ríos,CL,Marcela Maripangue Iturriaga,,,,27693,EDENRED CHILE SOCIEDAD ANONIMA,"RESTAURANTES| OTROS TIPOS DE INTERMEDIACION MONETARIA N.C.P.| SOCIEDADES DE INVERSION Y RENTISTAS DE CAPITALES MOBILIARIOS EN GENERA| COMPRA, VENTA Y ALQUILER (EXCEPTO AMOBLADOS) DE INMUEBLES PROPIOS O AR| OTRAS ACTIVIDADES EMPRESARIALES N.C.P.",27623,EDENRED CHILE S.A.,96.781.350-8,"Avenida Andres Bello # 2687, piso 13.",,,CL,,Contacto,,,1,"[{'Correlativo': 1, 'CodigoCategoria': 0, 'Categoria': '', 'CodigoProducto': 0, 'Producto': 'VESTUARIO Y CALZADO -  ', 'EspecificacionComprador': '(1964922) VESTUARIO Y CALZADO -  ', 'EspecificacionProveedor': '(1964922) VESTUARIO Y CALZADO -   ; Región Metropolitana de Santiago; Santiago; Direccion no aplica a productos virtuales; DESCUENTO 12,0%', 'Cantidad': 1.0, 'Unidad': None, 'Moneda': 'CLP', 'PrecioNeto': 1050000.0, 'TotalCargos': 0.0, 'TotalDescuentos': 0.0, 'TotalImpuestos': 0.0, 'Total': 1050000.0}]",VESTUARIO_Y_CALZADO,2026-03-06T12:16:09.491589,,,,,,,,,,,,,,
626788-6-CM26,Adquisición de recarga de tarjetas de alimentación. FONDOS PRESUPUESTARIOS,4,27693,2026-03-06,Adquisición de recarga de tarjetas de alimentación. FONDOS PRESUPUESTARIOS,4,Enviada a proveedor,,"Adquisición de recargas de tarjetas de alimentación, las que serán empleadas en jornadas extraordinarias del personal de esta ESCAVE. Sic N° 339657, OC Sigle N°333842 Est. Prog 46, ítem 2201001.",9,CM,CLP,1,Nueva orden de compra,1,4.767676767676767,99,17912.0,0.0,358248.0,19.0,64664.0,404999.0,,CL,12,2,2026-03-03T12:38:36.937,2026-03-06T11:17:49.853,,,2026-03-06T11:16:00,111870,DIVISION LOGISTICA DEL EJERCITO,61.980.040-0,626788,Escuela de Aviacion del Ejercito - ESCAVE,Defensa,Baquedano 768,Rancagua,Región del Libertador General Bernardo O´Higgins,CL,Erwin Esteban Fuentes Pererira,,,,27693,EDENRED CHILE SOCIEDAD ANONIMA,"RESTAURANTES| OTROS TIPOS DE INTERMEDIACION MONETARIA N.C.P.| SOCIEDADES DE INVERSION Y RENTISTAS DE CAPITALES MOBILIARIOS EN GENERA| COMPRA, VENTA Y ALQUILER (EXCEPTO AMOBLADOS) DE INMUEBLES PROPIOS O AR| OTRAS ACTIVIDADES EMPRESARIALES N.C.P.",27623,EDENRED CHILE S.A.,96.781.350-8,"Avenida Andres Bello # 2687, piso 13.",,,CL,,Contacto,,,1,"[{'Correlativo': 1, 'CodigoCategoria': 0, 'Categoria': '', 'CodigoProducto': 0, 'Producto': 'ALIMENTACIÓN -  ', 'EspecificacionComprador': '(1964920) ALIMENTACIÓN -  ', 'EspecificacionProveedor': '(1964920) ALIMENTACIÓN -   ; Región Metropolitana de Santiago; Santiago; Direccion no aplica a productos virtuales; DESCUENTO 5,0%', 'Cantidad': 1.0, 'Unidad': None, 'Moneda': 'CLP', 'PrecioNeto': 358248.0, 'TotalCargos': 0.0, 'TotalDescuentos': 0.0, 'TotalImpuestos': 0.0, 'Total': 358248.0}]",ALIMENTACION,2026-03-06T16:11:55.462366,,,,,,,,,,,,,,
776-1179-SE25,VGT - SERVICIO DE ADMINISTRACIÓN DE SALA CUNA Y JARDÍN INFANTIL PARA LOSAS HIJOSAS DE LOSAS FUNCIONARIOSAS DE LA PRESIDENCIA DE LA REPÚBLICA DESDE 776-35-LP25,12,27693,2026-03-06,VGT - SERVICIO DE ADMINISTRACIÓN DE SALA CUNA Y JARDÍN INFANTIL PARA LOSAS HIJOSAS DE LOSAS FUNCIONARIOSAS DE LA PRESIDENCIA DE LA REPÚBLICA DESDE 776-35-LP25,12,Recepción Conforme,776-35-LP25,SERVICIO DE ADMINISTRACIÓN DE SALA CUNA Y JARDÍN INFANTIL PARA LOSAS HIJOSAS DE LOSAS FUNCIONARIOSAS DE LA PRESIDENCIA DE LA REPÚBLICA DESDE 776-35-LP25,8,SE,CLP,7,Recepción Conforme,1,4.767676767676767,99,0.0,0.0,300000000.0,0.0,0.0,300000000.0,85,CL,22,2,2025-12-19T17:38:00.787,2026-01-15T17:41:26.263,2026-01-16T09:13:05.23,,2026-01-15T11:48:00,7238,PRESIDENCIA DE LA REPUBLICA,60.000.000-4,1772,Presidencia de la República,,"Palacio de la Moneda, Puerta Norte",Santiago,Región Metropolitana de Santiago,CL,Valentina Gutierrez,Analista Sección Compras,,,27693,EDENRED CHILE SOCIEDAD ANONIMA,RESTAURANTES| OTROS TIPOS DE INTERMEDIACION MONETA,27623,EDENRED CHILE S.A.,96.781.350-8,"Avenida Andres Bello # 2687, piso 13.",Las Condes,Región Metropolitana de Santiago,CL,YASMIN GUERRA,ADMINISTRATIVA MERCADO PUBLICO,,,1,"[{'Correlativo': 1, 'CodigoCategoria': 91111900, 'Categoria': 'Servicios de cuidado personal y domésticos / Servicio doméstico y de cuidados / Cuidado de niños, personas enfermas y ancianos', 'CodigoProducto': 91111901, 'Producto': 'Jardines infantiles o salas cunas', 'EspecificacionComprador': 'SERVICIO DE ADMINISTRACIÓN DE SALA CUNA Y JARDÍN INFANTIL PARA LOS/AS HIJOS/AS DE LOS/AS FUNCIONARIOS/AS DE LA PRESIDENCIA DE LA REPÚBLICA', 'EspecificacionProveedor': 'Se presenta oferta Edenred Chile S.A. conforme a las bases administrativas y técnicas de la licitación. Se ingresa monto del presupuesto total considerando la naturaleza de los servicios', 'Cantidad': 1.0, 'Unidad': None, 'Moneda': 'CLP', 'PrecioNeto': 300000000.0, 'TotalCargos': 0.0, 'TotalDescuentos': 0.0, 'TotalImpuestos': 0.0, 'Total': 300000000.0}]",ALIMENTACION,2026-03-06T16:11:55.462366,,,,,,,,,,,,,,
885-154-CM26,Tarjetas de alimentación 2026,4,27693,2026-03-06,Tarjetas de alimentación 2026,4,Enviada a proveedor,,"Adquisición de tarjetas de alimentación por el período 2026 para los funcionarios de la Contraloría General de la República.

GI N°4/2026
Proveniente de Gran Compra ID 80293",9,CM,CLP,1,Nueva orden de compra,1,4.767676767676767,99,0.0,0.0,124743500.0,19.0,23701265.0,148444765.0,,CL,12,2,2026-03-02T09:57:16.683,2026-03-06T11:44:54.973,,,2026-03-06T11:42:00,7231,CONTRALORIA GENERAL DE LA REPUBLICA,60.400.000-9,1881,Contraloría General de la República,GOBIERNO CENTRAL,Teatinos N° 56,Santiago,Región Metropolitana de Santiago,CL,Tania Cornejo,Analista del Departamento de Abastecimiento,,,27693,EDENRED CHILE SOCIEDAD ANONIMA,RESTAURANTES| OTROS TIPOS DE INTERMEDIACION MONETA,27623,EDENRED CHILE S.A.,96.781.350-8,"Avenida Andres Bello # 2687, piso 13.",Las Condes,Región Metropolitana de Santiago,CL,Javiera Aguilera,Gestor de Licitaciones,,,1,"[{'Correlativo': 1, 'CodigoCategoria': 93151500, 'Categoria': 'Organizaciones y consultorías políticas, demográficas, económicas, sociales y de administración pública / Administración y finanzas públicas / Administración pública', 'CodigoProducto': 93151507, 'Producto': 'Procedimientos administrativos', 'EspecificacionComprador': '(1964920) ALIMENTACIÓN -   1964920', 'EspecificacionProveedor': '(1964920) ALIMENTACIÓN -  ; Código: ;Región : RM\r\n', 'Cantidad': 350.0, 'Unidad': None, 'Moneda': 'CLP', 'PrecioNeto': 356410.0, 'TotalCargos': 0.0, 'TotalDescuentos': 0.0, 'TotalImpuestos': 0.0, 'Total': 124743500.0}]",ALIMENTACION,2026-03-06T16:11:55.462366,,,,,,,,,,,,,,
952946-21-CM26,ADQUISICIÓN DE TARJETA DE SUPERMERCADO,12,27693,2026-03-06,ADQUISICIÓN DE TARJETA DE SUPERMERCADO,6,Aceptada,,"ADQUISICIÓN DE TARJETA DE SUPERMERCADO, SIC N° 340230, OC SIGLE N° 333390. C/C 1100035011 (Plazo de entrega 5 días hábiles)",9,CM,CLP,4,Aceptada,1,4.767676767676767,99,123142.0,0.0,2123142.0,0.0,0.0,2000000.0,,CL,12,2,2026-02-26T15:38:18.74,2026-02-26T17:14:42.043,2026-03-02T10:42:31.443,,2026-02-26T17:14:00,111870,DIVISION LOGISTICA DEL EJERCITO,65.127.823-6,952946,Jef Adm y Logística - Campo Militar Valdivia,Defensa,Coronel Santiago Bueras N° 1679,Valdivia,Región de Los Ríos,CL,Pamela Mardones Herrera,,,,27693,EDENRED CHILE SOCIEDAD ANONIMA,"RESTAURANTES| OTROS TIPOS DE INTERMEDIACION MONETARIA N.C.P.| SOCIEDADES DE INVERSION Y RENTISTAS DE CAPITALES MOBILIARIOS EN GENERA| COMPRA, VENTA Y ALQUILER (EXCEPTO AMOBLADOS) DE INMUEBLES PROPIOS O AR| OTRAS ACTIVIDADES EMPRESARIALES N.C.P.",27623,EDENRED CHILE S.A.,96.781.350-8,"Avenida Andres Bello # 2687, piso 13.",,,CL,,Contacto,,,1,"[{'Correlativo': 1, 'CodigoCategoria': 0, 'Categoria': '', 'CodigoProducto': 0, 'Producto': 'SUPERMERCADO -  ', 'EspecificacionComprador': '(1964921) SUPERMERCADO -  ', 'EspecificacionProveedor': '(1964921) SUPERMERCADO -   ; Región Metropolitana de Santiago; Santiago; Direccion no aplica a productos virtuales; DESCUENTO 5,8%', 'Cantidad': 1.0, 'Unidad': None, 'Moneda': 'CLP', 'PrecioNeto': 2123141.9957537, 'TotalCargos': 0.0, 'TotalDescuentos': 0.0, 'TotalImpuestos': 0.0, 'Total': 2123141.9957537}]",SUPERMERCADO,2026-03-02T14:16:32.946401,,,,,,,,,,,,,,
1704-4966-SE25,TARJETAS DE ALIMETACION PARA FUNCIONARIO CM 774647,12,27693,2026-03-07,TARJETAS DE ALIMETACION PARA FUNCIONARIO CM 774647,12,Recepción Conforme,,"TARJETAS DE ALIMETACION PARA FUNCIONARIOS, ID GRAN COMPRA 774647
(APLICA DESCUENTO DEL 5%)",8,SE,CLP,7,Recepción Conforme,1,4.767676767676767,99,70828782.0,0.0,1416575630.0,19.0,255691901.0,1601438750.0,10480,Other,12,2,2025-09-04T11:52:17.08,2025-09-04T12:32:14.28,2025-09-04T15:25:14.523,,2025-09-04T12:21:00,7345,SERVICIO DE SALUD VINA DEL MAR QUILLOTA,61.606.608-0,2700,Hospital San Martín de Quillota,OTRAS ACTIVIDADES DE SERVICIOS PERSONALES N.C.P.,Sin dirección Registrada para Unidad de Compra,Quillota,Región de Valparaíso ,Other,YANINA JOAQUINA PIZARRO LARROSA,PROFESIONAL,,,27693,EDENRED CHILE SOCIEDAD ANONIMA,RESTAURANTES| OTROS TIPOS DE INTERMEDIACION MONETA,27623,EDENRED CHILE S.A.,96.781.350-8,"Avenida Andres Bello # 2687, piso 13.",Las Condes,Región Metropolitana de Santiago,CL,YASMIN GUERRA,ADMINISTRATIVA MERCADO PUBLICO,,,1,"[{'Correlativo': 1, 'CodigoCategoria': 93151500, 'Categoria': 'Organizaciones y consultorías políticas, demográficas, económicas, sociales y de administración pública / Administración y finanzas públicas / Administración pública', 'CodigoProducto': 93151507, 'Producto': 'Procedimientos o servicios administrativos', 'EspecificacionComprador': 'TARJETAS DE ALIMETACION PARA FUNCIONARIOS, ID GRAN COMPRA 77647 (APLICA DESCUENTO DEL 5%)', 'EspecificacionProveedor': 'TARJETAS DE ALIMETACION PARA FUNCIONARIOS, ID GRAN COMPRA 77647 (APLICA DESCUENTO DEL 5%)', 'Cantidad': 25000.0, 'Unidad': None, 'Moneda': 'CLP', 'PrecioNeto': 56663.02521, 'TotalCargos': 0.0, 'TotalDescuentos': 0.0, 'TotalImpuestos': 0.0, 'Total': 1416575630.25}]",SIN CLASIFICAR,2026-03-07T14:04:03.773462,,,,,,,,,,,,,,
1057390-107-SE26,RECARGA ALIMENTACIÓN FUNCIONARIOS DSSAN-SAMU MARZO,12,27693,2026-03-09,RECARGA ALIMENTACIÓN FUNCIONARIOS DSSAN-SAMU MARZO,12,Recepción Conforme,,"RECARGA ALIMENTACION FUNCIONARIOS DSSAN-SAMU 
SERVICIO DE ALIMENTACION PROCESO GRAN COMPRA 72342
RES. EX. N°2005 DEL 09.08.2024 ""APRUEBA SELECCION""
RES. EX. N°2402 DEL 24.09.2024 ""ACDO. COMP""
RES 564 DEL 22.12.2025 ""PRÓRROGA
ENCARGADO DE CONTRATO: LORENA LOPEZ RIVEROS - CLAUDIA AGUILERA ASTETE

CONVENIO HASTA EL 20-06-2026 (DESCUENTO DE 5,0%) PRÓRROGA
CDP 43
ITEM 2201001002

SOLICITUD REALIZADA POR CLAUDIA AGUILERA
(rafael.oryan@araucanianorte.cl)
FECHA DE SOLICITUD 25 DE FEBRERO 2026

FACTURACIÓN MENSUAL SEGÚN LO EFECTIVAMENTE CARGADO POR INSTRUCCIÓN ENCARGADOS DE CONTRATO.

OBS.:
1. CAMPO 801 ""FOLIO DE REFERENCIA"" INFORMAR OC SIN ANTEPONER NÚMEROS NI PALABRAS 1057390-XX-SE25
2. ENVIAR ARCHIVO CML A LA CASILLA DE INTERCAMBIO: dipresrecepcion@custodium.com

* PARA EFECTOS DE PAGO ES NECESARIO QUE EL PROVEEDOR ENVÍE LOS SIG. DATOS:
- RUT PROVEEDOR
- RAZÓN SOCIAL
- NOMBRE DE BANCO
- TIPO DE CUENTA
- Nº DE CUENTA
- CORREO ELECTRÓNICO

AL SIGUIENTE CORREO",8,SE,CLP,7,Recepción Conforme,1,4.767676767676767,99,1638655.0,0.0,32773109.0,19.0,5915546.0,37050000.0,,CL,7,2,2026-02-25T17:04:55.02,2026-02-26T15:43:54.46,2026-02-26T16:54:44.73,,2026-02-25T17:21:00,7302,SERVICIO DE SALUD ARAUCANIA NORTE,61.955.100-1,1057390,Bienes y Servicios,Servicio Público,ILABACA 752,Angol,Región de la Araucanía ,CL,Juan Pablo Rodríguez Riquelme,Profesional de Adquisiciones,,,27693,EDENRED CHILE SOCIEDAD ANONIMA,RESTAURANTES| OTROS TIPOS DE INTERMEDIACION MONETA,27623,EDENRED CHILE S.A.,96.781.350-8,"Avenida Andres Bello # 2687, piso 13.",Las Condes,Región Metropolitana de Santiago,CL,YASMIN GUERRA,ADMINISTRATIVA MERCADO PUBLICO,,,1,"[{'Correlativo': 1, 'CodigoCategoria': 93151500, 'Categoria': 'Organizaciones y consultorías políticas, demográficas, económicas, sociales y de administración pública / Administración y finanzas públicas / Administración pública', 'CodigoProducto': 93151507, 'Producto': 'Procedimientos o servicios administrativos', 'EspecificacionComprador': 'SERVICIO DE ALIMENTACIÓN ', 'EspecificacionProveedor': 'SERVICIO DE ALIMENTACIÓN\r\nFEBRERO 2026', 'Cantidad': 1.0, 'Unidad': None, 'Moneda': 'CLP', 'PrecioNeto': 32773109.0, 'TotalCargos': 0.0, 'TotalDescuentos': 0.0, 'TotalImpuestos': 0.0, 'Total': 32773109.0}]",ALIMENTACION,2026-03-09T16:25:27.992380,,,,,,,,,,,,,,
1057420-116-CM26,CM- RECARGA DE TARJETAS DE ALIMENTACION MES DE ENERO 2026 ITEM 22.01.001.002 HFCH50052 (ism),12,27693,2026-03-09,CM- RECARGA DE TARJETAS DE ALIMENTACION MES DE ENERO 2026 ITEM 22.01.001.002 HFCH50052 (ism),12,Recepción Conforme,,"ADQUISICION SERVICIO DE RECARGA TARJETAS DE ALIMENTACIÓN MES DE ENERO 2026 PARA FUNCIONARIOS DEL HOSPITAL DE LA FAMILIA Y LA COMUNIDAD DE HUÉPIL.
SEGÚN SOLICITUD DE ADQUISICION HFCH50052
ITEM PRESUPUESTARIO 22.01.001.002 ALIMENTACION FUNCIONARIOS",9,CM,CLP,7,Recepción Conforme,1,4.767676767676767,99,952966.0,0.0,19059328.0,19.0,3440209.0,21546570.0,,CL,12,2,2026-02-17T09:26:58.997,2026-02-17T10:31:08.797,2026-02-17T15:23:01.943,,2026-02-18T12:12:00,7389,SERVICIO DE SALUD BIO BIO HOSPITAL DE HU,61.607.305-2,1057420,Bienes y Servicios,Servicio Público,Bienes y Servicios,Tucapel,Región del Biobío ,CL,Isabel  Sandoval Molina ,,,,27693,EDENRED CHILE SOCIEDAD ANONIMA,"RESTAURANTES| OTROS TIPOS DE INTERMEDIACION MONETARIA N.C.P.| SOCIEDADES DE INVERSION Y RENTISTAS DE CAPITALES MOBILIARIOS EN GENERA| COMPRA, VENTA Y ALQUILER (EXCEPTO AMOBLADOS) DE INMUEBLES PROPIOS O AR| OTRAS ACTIVIDADES EMPRESARIALES N.C.P.",27623,EDENRED CHILE S.A.,96.781.350-8,"Avenida Andres Bello # 2687, piso 13.",,,CL,,Contacto,,,1,"[{'Correlativo': 1, 'CodigoCategoria': 0, 'Categoria': '', 'CodigoProducto': 0, 'Producto': 'ALIMENTACIÓN -  ', 'EspecificacionComprador': '(1964920) ALIMENTACIÓN -  ', 'EspecificacionProveedor': '(1964920) ALIMENTACIÓN -   ; Región Metropolitana de Santiago; Santiago; Direccion no aplica a productos virtuales; DESCUENTO 5,0%', 'Cantidad': 1.0, 'Unidad': None, 'Moneda': 'CLP', 'PrecioNeto': 19059328.0, 'TotalCargos': 0.0, 'TotalDescuentos': 0.0, 'TotalImpuestos': 0.0, 'Total': 19059328.0}]",ALIMENTACION,2026-03-09T16:25:27.992380,,,,,,,,,,,,,,
1057496-173-CM26,Adquisición vales de alimentación funcionarios Enero,12,27693,2026-03-09,Adquisición vales de alimentación funcionarios Enero,12,Recepción Conforme,,Orden de Compra codigo: 1057496-173-CM26 dirigida a EDENRED CHILE SOCIEDAD ANONIMA,9,CM,CLP,7,Recepción Conforme,1,4.767676767676767,99,222701.0,0.0,4454018.0,19.0,803950.0,5035267.0,,CL,12,2,2026-01-23T10:20:46.52,2026-01-27T11:45:34.05,2026-01-27T12:22:53.997,,2026-01-27T11:42:00,7405,SERVICIO DE SALUD SUR HOSPITAL SAN LUIS,61.608.105-5,1057496,Bienes y Servicios,Servicio Público,Calle Arturo Prat 250,Buin,Región Metropolitana de Santiago,CL,Natalia Perez,,,,27693,EDENRED CHILE SOCIEDAD ANONIMA,"RESTAURANTES| OTROS TIPOS DE INTERMEDIACION MONETARIA N.C.P.| SOCIEDADES DE INVERSION Y RENTISTAS DE CAPITALES MOBILIARIOS EN GENERA| COMPRA, VENTA Y ALQUILER (EXCEPTO AMOBLADOS) DE INMUEBLES PROPIOS O AR| OTRAS ACTIVIDADES EMPRESARIALES N.C.P.",27623,EDENRED CHILE S.A.,96.781.350-8,"Avenida Andres Bello # 2687, piso 13.",,,CL,,Contacto,,,1,"[{'Correlativo': 1, 'CodigoCategoria': 0, 'Categoria': '', 'CodigoProducto': 0, 'Producto': 'ALIMENTACIÓN -  ', 'EspecificacionComprador': '(1964920) ALIMENTACIÓN -  ', 'EspecificacionProveedor': '(1964920) ALIMENTACIÓN -   ; Región Metropolitana de Santiago; Santiago; Direccion no aplica a productos virtuales; DESCUENTO 5,0%', 'Cantidad': 1.0, 'Unidad': None, 'Moneda': 'CLP', 'PrecioNeto': 4454018.0, 'TotalCargos': 0.0, 'TotalDescuentos': 0.0, 'TotalImpuestos': 0.0, 'Total': 4454018.0}]",ALIMENTACION,2026-03-09T13:31:10.234797,,,,,,,,,,,,,,
1057500-771-SE24,SERVICIO DE BENEFICIO INSTITUCIONAL DE ALIMENTACIÓN DESDE 1057500-80-LR24,12,27693,2026-03-09,SERVICIO DE BENEFICIO INSTITUCIONAL DE ALIMENTACIÓN DESDE 1057500-80-LR24,12,Recepción Conforme,1057500-80-LR24,"LICITACIÓN PÚBLICA ORIENTADA A LA CONTRATACIÓN DEL SERVICIO DE BENEFICIO INSTITUCIONAL DE ALIMENTACIÓN PARA FUNCIONARIOS DE LA DIRECCIÓN DEL SSMSO DESDE 1057500-80-LR24, SEGÚN RES. EXENTA N°2034/2024 APRUEBA CONTRATO.
REFERENTE TÉCNICO: SEBASTIAN CABRERA FUENTES. 
TELÉFONO: (+562) 26122395
MAIL: sebastian.cabrera@ssmso.cl
La entrega de factura debe enviarla al correo electrónico ssmsorecepcion@custodium.com debe ser en formato XML y en facturacion@ssmso.cl es en PDF. ",8,SE,CLP,7,Recepción Conforme,1,4.767676767676767,99,0.0,0.0,770378151.0,19.0,146371849.0,916750000.0,3665,CL,12,2,2024-10-18T09:26:00.153,2024-11-08T09:49:49.187,2024-11-08T14:27:20.99,,2024-11-08T15:20:00,7203,SERVICIO DE SALUD METROPOLITANO SUR ORIENTE,61.608.500-K,1057500,Bienes y Servicios,Hospitales y Clínicas,Av. Concha y Toro Nº 3459,Puente Alto,Región Metropolitana de Santiago,CL,Mauricio Claudio Muñoz Garcia,Profesional Compras,,,27693,EDENRED CHILE SOCIEDAD ANONIMA,RESTAURANTES| OTROS TIPOS DE INTERMEDIACION MONETA,27623,EDENRED CHILE S.A.,96.781.350-8,"Avenida Andres Bello # 2687, piso 13.",Las Condes,Región Metropolitana de Santiago,CL,YASMIN GUERRA,ADMINISTRATIVA MERCADO PUBLICO,,,1,"[{'Correlativo': 1, 'CodigoCategoria': 80111500, 'Categoria': 'Servicios profesionales, administrativos y consultorías de gestión empresarial / Servicios de recursos humanos / Consultorías para el desarrollo de recursos humanos', 'CodigoProducto': 80111502, 'Producto': 'Planificación de compensaciones o beneficios', 'EspecificacionComprador': 'SERVICIO DE ADMINISTRACIÓN DE BENEFICIO INSTITUCIONAL DE ALIMENTACIÓN PARA FUNCIONARIOS DE LA DIRECCIÓN DEL SERVICIO DE SALUD METROPOLITANO SUR ORIENTE, SEGÚN BASES, APROBADAS POR RES. EXENTA N°1475/2024.', 'EspecificacionProveedor': 'SERVICIO DE ADMINISTRACIÓN DE BENEFICIO INSTITUCIONAL DE ALIMENTACIÓN PARA FUNCIONARIOS DE LA DIRECCIÓN DEL SERVICIO DE SALUD METROPOLITANO SUR ORIENTE, SEGÚN BASES, APROBADAS POR RES. EXENTA N°1475/2024.', 'Cantidad': 1.0, 'Unidad': None, 'Moneda': 'CLP', 'PrecioNeto': 770378151.4, 'TotalCargos': 0.0, 'TotalDescuentos': 0.0, 'TotalImpuestos': 0.0, 'Total': 770378151.4}]",ALIMENTACION,2026-03-09T15:22:52.786209,,,,,,,,,,,,,,
1057531-99-CM26,Carga Tarjetas Alimentación HRN febrero 2026 con Dcto ENERO 2026,4,27693,2026-03-09,Carga Tarjetas Alimentación HRN febrero 2026 con Dcto ENERO 2026,4,Enviada a proveedor,,Orden de Compra codigo: 1057531-99-CM26 dirigida a EDENRED CHILE SOCIEDAD ANONIMA,9,CM,CLP,1,Nueva orden de compra,1,4.767676767676767,99,486510.0,0.0,9730208.0,19.0,1756303.0,11000000.0,,CL,12,2,2026-03-09T11:27:59.007,2026-03-09T12:04:49.927,,,2026-03-09T12:05:00,7470,SERVICIO NACIONAL DE SALUD HOSPITAL DE RIO NEGRO,61.602.262-8,1057531,Bienes y Servicios,Servicio Público,Arturo Prat 791 ,Río Negro,Región de los Lagos ,CL,Carlos Canales,,,,27693,EDENRED CHILE SOCIEDAD ANONIMA,"RESTAURANTES| OTROS TIPOS DE INTERMEDIACION MONETARIA N.C.P.| SOCIEDADES DE INVERSION Y RENTISTAS DE CAPITALES MOBILIARIOS EN GENERA| COMPRA, VENTA Y ALQUILER (EXCEPTO AMOBLADOS) DE INMUEBLES PROPIOS O AR| OTRAS ACTIVIDADES EMPRESARIALES N.C.P.",27623,EDENRED CHILE S.A.,96.781.350-8,"Avenida Andres Bello # 2687, piso 13.",,,CL,,Contacto,,,1,"[{'Correlativo': 1, 'CodigoCategoria': 0, 'Categoria': '', 'CodigoProducto': 0, 'Producto': 'ALIMENTACIÓN -  ', 'EspecificacionComprador': '(1964920) ALIMENTACIÓN -  ', 'EspecificacionProveedor': '(1964920) ALIMENTACIÓN -   ; Región Metropolitana de Santiago; Santiago; Direccion no aplica a productos virtuales; DESCUENTO 5,0%', 'Cantidad': 1.0, 'Unidad': None, 'Moneda': 'CLP', 'PrecioNeto': 9730208.0, 'TotalCargos': 0.0, 'TotalDescuentos': 0.0, 'TotalImpuestos': 0.0, 'Total': 9730208.0}]",ALIMENTACION,2026-03-09T15:22:52.786209,,,,,,,,,,,,,,
1057532-207-CM26,F2-017-AVP//Adquisicion de Entrega de Beneficios Y Tarjetas de Beneficios Institucionales de Capacitación del Año 2026 para Funcionarios Ley 18834 .-,12,27693,2026-03-09,F2-017-AVP//Adquisicion de Entrega de Beneficios Y Tarjetas de Beneficios Institucionales de Capacitación del Año 2026 para Funcionarios Ley 18834 .-,12,Recepción Conforme,,Orden de Compra codigo: 1057532-207-CM26 dirigida a EDENRED CHILE SOCIEDAD ANONIMA//NOTA: NO SE PODRÁ EMITIR FACTURA SIN PREVIA RECEPCIÓN CONFORME DE O/C. //LA FACTURA DEBE INDICAR EL NÚMERO DE O/C ASOCIADA. DEBERAN: ENVIAR LOS DOCUMENTOS MERCANTILES EN A,9,CM,CLP,7,Recepción Conforme,1,4.767676767676767,99,45252.0,0.0,905044.0,19.0,163360.0,1023152.0,,CL,12,2,2026-02-10T11:21:46.42,2026-02-10T15:03:51.487,2026-02-11T13:38:42.973,,2026-02-10T14:36:00,7296,SERVICIO DE SALUD OSORNO,61.607.600-0,1057532,Bienes y Servicios,Servicio Público,"Av. Juan Mackenna N°825, Edificio Plaza Sur",Osorno,Región de los Lagos ,CL,Alicia Vidal Paredes,,,,27693,EDENRED CHILE SOCIEDAD ANONIMA,"RESTAURANTES| OTROS TIPOS DE INTERMEDIACION MONETARIA N.C.P.| SOCIEDADES DE INVERSION Y RENTISTAS DE CAPITALES MOBILIARIOS EN GENERA| COMPRA, VENTA Y ALQUILER (EXCEPTO AMOBLADOS) DE INMUEBLES PROPIOS O AR| OTRAS ACTIVIDADES EMPRESARIALES N.C.P.",27623,EDENRED CHILE S.A.,96.781.350-8,"Avenida Andres Bello # 2687, piso 13.",,,CL,,Contacto,,,1,"[{'Correlativo': 1, 'CodigoCategoria': 0, 'Categoria': '', 'CodigoProducto': 0, 'Producto': 'ALIMENTACIÓN -  ', 'EspecificacionComprador': '(1964920) ALIMENTACIÓN -  ', 'EspecificacionProveedor': '(1964920) ALIMENTACIÓN -   ; Región Metropolitana de Santiago; Santiago; Direccion no aplica a productos virtuales; DESCUENTO 5,0%', 'Cantidad': 1.0, 'Unidad': None, 'Moneda': 'CLP', 'PrecioNeto': 905044.0, 'TotalCargos': 0.0, 'TotalDescuentos': 0.0, 'TotalImpuestos': 0.0, 'Total': 905044.0}]",ALIMENTACION,2026-03-09T15:22:52.786209,,,,,,,,,,,,,,
1057532-288-SE26,CC-RUA/Beneficio Alimentación Febrero 2026,12,27693,2026-03-09,CC-RUA/Beneficio Alimentación Febrero 2026,12,Recepción Conforme,,"F3-103-RUA
GC 73778//Beneficio Alimentación para funcionarios.

NOTA: NO SE PODRÁ EMITIR FACTURA SIN PREVIA RECEPCIÓN CONFORME DE O/C LAS FACTURAS DEBEN INDICAR Nº O/C ASOCIADA Ley 20.727 del Enero 2014.  Enviar los documentos mercantiles en archivo xlms y pdf al correo dipresrecepcion@custodium.com           ",8,SE,CLP,7,Recepción Conforme,1,4.767676767676767,99,1755546.0,0.0,35110913.0,19.0,6337520.0,39692887.0,,CL,22,2,2026-02-26T14:36:37.037,2026-02-26T15:12:10.517,2026-02-27T11:24:18.32,,2026-02-26T15:09:00,7296,SERVICIO DE SALUD OSORNO,61.607.600-0,1057532,Bienes y Servicios,Servicio Público,"Av. Juan Mackenna N°825, Edificio Plaza Sur",Osorno,Región de los Lagos ,CL,Rubén Uribe,Administrativo,,,27693,EDENRED CHILE SOCIEDAD ANONIMA,RESTAURANTES| OTROS TIPOS DE INTERMEDIACION MONETA,27623,EDENRED CHILE S.A.,96.781.350-8,"Avenida Andres Bello # 2687, piso 13.",Las Condes,Región Metropolitana de Santiago,CL,YASMIN GUERRA,ADMINISTRATIVA MERCADO PUBLICO,,,1,"[{'Correlativo': 1, 'CodigoCategoria': 93151500, 'Categoria': 'Organizaciones y consultorías políticas, demográficas, económicas, sociales y de administración pública / Administración y finanzas públicas / Administración pública', 'CodigoProducto': 93151507, 'Producto': 'Procedimientos o servicios administrativos', 'EspecificacionComprador': 'Carga de 556 tarjetas de alimentación correspondiente al mes de febrero 2026', 'EspecificacionProveedor': 'Carga de tarjetas de alimentación para funcionarios // Intención de Compra N°73778 // Res. Exenta N°1565/31.01.2025 Aprueba Acuerdo Complementario // ', 'Cantidad': 1.0, 'Unidad': None, 'Moneda': 'CLP', 'PrecioNeto': 35110913.0, 'TotalCargos': 0.0, 'TotalDescuentos': 0.0, 'TotalImpuestos': 0.0, 'Total': 35110913.0}]",ALIMENTACION,2026-03-09T15:22:52.786209,,,,,,,,,,,,,,
1079967-77-CM26,Orden de Compra: 1079967-77-CM26 / Recarga alimentación Fiscal zona tarapacá.,6,27693,2026-03-09,,,,,,,,,,,,,,,,,,,,,,,,,,,,,,,,,,,,,,,,,,,,,,,,,,,,,,,,,,,,,,,,,,,,,,,,,,
1079967-80-CM26,Orden de Compra: 1079967-80-CM26 / ADQUISICION DE ALIMENTACION FISCAL DEL CAODI ZONA NORTE,4,27693,2026-03-09,Orden de Compra: 1079967-80-CM26 / ADQUISICION DE ALIMENTACION FISCAL DEL CAODI ZONA NORTE,4,Enviada a proveedor,,Orden de Compra codigo: 1079967-80-CM26 dirigida a EDENRED CHILE SOCIEDAD ANONIMA,9,CM,CLP,1,Nueva orden de compra,1,4.767676767676767,99,163067.0,0.0,3261344.0,19.0,588673.0,3686949.0,22.01.001.001 - 22.01.001.002 - 22.01.001.004,CL,12,2,2026-03-09T09:40:10.387,2026-03-09T09:45:20.103,,,2026-03-09T09:43:00,113812,DIRECCION DE LOGISTICA DE CARABINEROS,60.505.102-2,1079967,SECCIÓN COMPRAS ZONA DE CARABINEROS TARAPACA,COMPRAS I ZONA TARAPACÁ,"THOMPSON N° 191, CIUDAD IQUIQUE  IRA. REG. TARAPAC",Iquique,Región de Tarapacá  ,CL,FABIAN CARTES MANCILLA,,,,27693,EDENRED CHILE SOCIEDAD ANONIMA,"RESTAURANTES| OTROS TIPOS DE INTERMEDIACION MONETARIA N.C.P.| SOCIEDADES DE INVERSION Y RENTISTAS DE CAPITALES MOBILIARIOS EN GENERA| COMPRA, VENTA Y ALQUILER (EXCEPTO AMOBLADOS) DE INMUEBLES PROPIOS O AR| OTRAS ACTIVIDADES EMPRESARIALES N.C.P.",27623,EDENRED CHILE S.A.,96.781.350-8,"Avenida Andres Bello # 2687, piso 13.",,,CL,,Contacto,,,1,"[{'Correlativo': 1, 'CodigoCategoria': 0, 'Categoria': '', 'CodigoProducto': 0, 'Producto': 'ALIMENTACIÓN -  ', 'EspecificacionComprador': '(1964920) ALIMENTACIÓN -  ', 'EspecificacionProveedor': '(1964920) ALIMENTACIÓN -   ; Región Metropolitana de Santiago; Santiago; Direccion no aplica a productos virtuales; DESCUENTO 5,0%', 'Cantidad': 1.0, 'Unidad': None, 'Moneda': 'CLP', 'PrecioNeto': 3261344.0, 'TotalCargos': 0.0, 'TotalDescuentos': 0.0, 'TotalImpuestos': 0.0, 'Total': 3261344.0}]",ALIMENTACION,2026-03-09T13:31:10.234797,,,,,,,,,,,,,,
1178410-13-CM26,03 TARJETA DE ALIMENTACIÓN -  1178410-13-CM26,12,27693,2026-03-09,03 TARJETA DE ALIMENTACIÓN -  1178410-13-CM26,12,Recepción Conforme,,"DIPLINE
SIC SIGLE	: 
OC SIGLE	: 
ÍTEM PRESUPUESTARIO
FONDOS PRESUPUESTARIO CAP. 01 “

FACTURA:
NOMBRE: Dirección de Planificación de Informaciones de Ejército (DIPLINE)
GIRO	: ACTIVIDADES DE DEFENSA
RUT	: 62.000.900-8
PASEO BULNES N.° 129, SANTIAGO.

",9,CM,CLP,7,Recepción Conforme,1,4.767676767676767,99,16500.0,0.0,330000.0,19.0,59565.0,373065.0,,CL,12,2,2026-02-02T09:39:52.35,2026-02-04T17:12:17.173,2026-02-05T16:33:00.243,,2026-02-04T17:08:00,111870,DIVISION LOGISTICA DEL EJERCITO,62.000.900-8,1178410,Dirección de Planif de Inf del Ejército - DIPLINE,Defensa,Bulnes N° 129,Santiago,Región Metropolitana de Santiago,CL,Israel Cáceres Ortiz,,,,27693,EDENRED CHILE SOCIEDAD ANONIMA,"RESTAURANTES| OTROS TIPOS DE INTERMEDIACION MONETARIA N.C.P.| SOCIEDADES DE INVERSION Y RENTISTAS DE CAPITALES MOBILIARIOS EN GENERA| COMPRA, VENTA Y ALQUILER (EXCEPTO AMOBLADOS) DE INMUEBLES PROPIOS O AR| OTRAS ACTIVIDADES EMPRESARIALES N.C.P.",27623,EDENRED CHILE S.A.,96.781.350-8,"Avenida Andres Bello # 2687, piso 13.",,,CL,,Contacto,,,1,"[{'Correlativo': 1, 'CodigoCategoria': 0, 'Categoria': '', 'CodigoProducto': 0, 'Producto': 'ALIMENTACIÓN -  ', 'EspecificacionComprador': '(1964920) ALIMENTACIÓN -  ', 'EspecificacionProveedor': '(1964920) ALIMENTACIÓN -   ; Región Metropolitana de Santiago; Santiago; Direccion no aplica a productos virtuales; DESCUENTO 5,0%', 'Cantidad': 1.0, 'Unidad': None, 'Moneda': 'CLP', 'PrecioNeto': 330000.0, 'TotalCargos': 0.0, 'TotalDescuentos': 0.0, 'TotalImpuestos': 0.0, 'Total': 330000.0}]",ALIMENTACION,2026-03-09T15:22:52.786209,,,,,,,,,,,,,,
1288-103-SE26,RECARGA TARJETA ALIMENTACION MARZO (VCC),12,27693,2026-03-09,RECARGA TARJETA ALIMENTACION MARZO (VCC),12,Recepción Conforme,,"Gran Compra ID: 74904. CARGA PARCIALIZADA MES DE MARZO 2026, SEGUN SOLICITUD
REFERENTE TECNICO LILIAN ESCOBAR LILIAN.ESCOBAR@REDSALUD.GOB.CL
RECEPCION CONFORME: REFERENTE TECNICO
LA RECEPCIÓN DE DOCUMENTOS TRIBUTARIOS ELECTRÓNICOS EMITIDOS A PARTIR DEL 22/01/2018 SE REALIZARÁ A TRAVÉS
DEL PORTAL DE SII, POR LO CUAL NO SERÁ NECESARIO SU ENVÍO A OFICINA DE PARTES.
SERA OBLIGATORIO QUE EL PROVEEDOR REGISTRE EL ID DE LA ORDEN DE COMPRA EN LOS DOCUMENTOS TRIBUTARIOS
ELECTRÓNICOS EN LA SECCIÓN “DOCUMENTOS REFERENCIADOS”
EL PROVEEDOR DEBERÁ ACEPTAR LA ORDEN DE COMPRA EN UN PLAZO DE 72 HORAS
RECORDAMOS QUE EL CORREO DE ENLACE ES dipresrecepcion@custodium.com",8,SE,CLP,7,Recepción Conforme,1,4.767676767676767,99,1848740.0,0.0,36974790.0,19.0,6673950.0,41800000.0,,CL,22,2,2026-02-25T08:52:19.783,2026-02-26T15:40:57.703,2026-02-26T16:53:35.15,,2026-02-25T09:04:00,7029,SERVICIO SALUD METROPOLITANO OCCIDENTE,61.608.200-0,2284,Servicio de Salud Metropolitano Occidente,HOSPITALES Y CLINICAS,"Libertador Bernardo O´Higgnis N° 2429, Santiago",Santiago,Región Metropolitana de Santiago,CL,Viviana Curillán,EJECUTIVA DE COMPRAS,,,27693,EDENRED CHILE SOCIEDAD ANONIMA,RESTAURANTES| OTROS TIPOS DE INTERMEDIACION MONETA,27623,EDENRED CHILE S.A.,96.781.350-8,"Avenida Andres Bello # 2687, piso 13.",Las Condes,Región Metropolitana de Santiago,CL,YASMIN GUERRA,ADMINISTRATIVA MERCADO PUBLICO,,,1,"[{'Correlativo': 1, 'CodigoCategoria': 80111500, 'Categoria': 'Servicios profesionales, administrativos y consultorías de gestión empresarial / Servicios de recursos humanos / Consultorías para el desarrollo de recursos humanos', 'CodigoProducto': 80111502, 'Producto': 'Planificación de compensaciones o beneficios', 'EspecificacionComprador': 'RECARGA TARJETA ALIMENTACION FUNCIONARIOS MES DE MARZO 2026 - Proveniente de  Gran Compra ID: 74904', 'EspecificacionProveedor': 'RECARGA TARJETA ALIMENTACION FUNCIONARIOS MES DE MARZO 2026 - Proveniente de  Gran Compra ID: 74904', 'Cantidad': 1.0, 'Unidad': None, 'Moneda': 'CLP', 'PrecioNeto': 36974790.0, 'TotalCargos': 0.0, 'TotalDescuentos': 0.0, 'TotalImpuestos': 0.0, 'Total': 36974790.0}]",ALIMENTACION,2026-03-09T13:31:10.234797,,,,,,,,,,,,,,
1465-108-CM26,CM ALIMENTACIÓN FUNCIONARIA MES DE MARZO,12,27693,2026-03-09,CM ALIMENTACIÓN FUNCIONARIA MES DE MARZO,12,Recepción Conforme,,Orden de Compra codigo: 1465-108-CM26 dirigida a EDENRED CHILE SOCIEDAD ANONIMA,9,CM,CLP,7,Recepción Conforme,1,4.767676767676767,99,562975.0,0.0,11259496.0,19.0,2032339.0,12728860.0,336,CL,12,2,2026-03-02T16:42:20.723,2026-03-02T17:00:30.533,2026-03-03T15:33:17.817,,2026-03-02T17:03:00,7261,SERVICIO DE SALUD DEL MAULE HOSPITAL DE TENO,61.606.907-1,2461,Hospital Teno,Servicio Publico-Área Salud.,Arturo Prat N° 30,Teno,Región del Maule ,CL,Maria del Transito Aravena Aravena,,,,27693,EDENRED CHILE SOCIEDAD ANONIMA,"RESTAURANTES| OTROS TIPOS DE INTERMEDIACION MONETARIA N.C.P.| SOCIEDADES DE INVERSION Y RENTISTAS DE CAPITALES MOBILIARIOS EN GENERA| COMPRA, VENTA Y ALQUILER (EXCEPTO AMOBLADOS) DE INMUEBLES PROPIOS O AR| OTRAS ACTIVIDADES EMPRESARIALES N.C.P.",27623,EDENRED CHILE S.A.,96.781.350-8,"Avenida Andres Bello # 2687, piso 13.",,,CL,,Contacto,,,1,"[{'Correlativo': 1, 'CodigoCategoria': 0, 'Categoria': '', 'CodigoProducto': 0, 'Producto': 'ALIMENTACIÓN -  ', 'EspecificacionComprador': '(1964920) ALIMENTACIÓN -  ', 'EspecificacionProveedor': '(1964920) ALIMENTACIÓN -   ; Región Metropolitana de Santiago; Santiago; Direccion no aplica a productos virtuales; DESCUENTO 5,0%', 'Cantidad': 1.0, 'Unidad': None, 'Moneda': 'CLP', 'PrecioNeto': 11259496.0, 'TotalCargos': 0.0, 'TotalDescuentos': 0.0, 'TotalImpuestos': 0.0, 'Total': 11259496.0}]",ALIMENTACION,2026-03-09T14:21:40.256872,,,,,,,,,,,,,,
1663-172-CM26,Orden de Compra: 1663-172-CM26,4,27693,2026-03-09,,,,,,,,,,,,,,,,,,,,,,,,,,,,,,,,,,,,,,,,,,,,,,,,,,,,,,,,,,,,,,,,,,,,,,,,,,
1691-448-CM26,CAGM- SOL. EXTRAORDINARIA N°1118/2026 DE SUBDIRECCION DE GESTION DE LAS PERSONAS,6,27693,2026-03-09,,,,,,,,,,,,,,,,,,,,,,,,,,,,,,,,,,,,,,,,,,,,,,,,,,,,,,,,,,,,,,,,,,,,,,,,,,
1965-92-SE26,D.R -SERV. SALA CUNA MES FEBRERO,12,27693,2026-03-09,D.R -SERV. SALA CUNA MES FEBRERO,12,Recepción Conforme,1965-41-LE24,"D.R- SERVICIO DE ADMINISTRACIÓN DE SALA CUNA DESDE 1965-41-LE24
ENVIAR DTE A CASILLA:DIPRESRECEPCION@CUSTODIUM.COM",8,SE,CLP,7,Recepción Conforme,1,4.767676767676767,99,0.0,0.0,1907166.0,0.0,0.0,1907166.0,,CL,22,2,2026-03-04T17:26:59.783,2026-03-05T11:53:10.07,2026-03-05T12:48:55.14,,2026-03-06T16:33:00,6925,DIRECCION GENERAL DE GENDARMERIA DE CHIL,61.004.054-3,2960,Región de Magallanes,Gubernamental,Jorge Montt N°710,Punta Arenas,Región de Magallanes y de la Antártica,CL,ANDY DANESSA MARDONES FUENTEALBA,Operador de Compras,,,27693,EDENRED CHILE SOCIEDAD ANONIMA,RESTAURANTES| OTROS TIPOS DE INTERMEDIACION MONETA,27623,EDENRED CHILE S.A.,96.781.350-8,"Avenida Andres Bello # 2687, piso 13.",Las Condes,Región Metropolitana de Santiago,CL,YASMIN GUERRA,ADMINISTRATIVA MERCADO PUBLICO,,,5,"[{'Correlativo': 1, 'CodigoCategoria': 91111900, 'Categoria': 'Servicios de cuidado personal y domésticos / Servicio doméstico y de cuidados / Cuidado de niños, personas enfermas y ancianos', 'CodigoProducto': 91111901, 'Producto': 'Jardines infantiles o salas cunas', 'EspecificacionComprador': '', 'EspecificacionProveedor': 'MENSUALIDAD SALA CUNA HAPPY PLACE M.F.O', 'Cantidad': 1.0, 'Unidad': None, 'Moneda': 'CLP', 'PrecioNeto': 498000.0, 'TotalCargos': 0.0, 'TotalDescuentos': 0.0, 'TotalImpuestos': 0.0, 'Total': 498000.0}, {'Correlativo': 2, 'CodigoCategoria': 91111900, 'Categoria': 'Servicios de cuidado personal y domésticos / Servicio doméstico y de cuidados / Cuidado de niños, personas enfermas y ancianos', 'CodigoProducto': 91111901, 'Producto': 'Jardines infantiles o salas cunas', 'EspecificacionComprador': '', 'EspecificacionProveedor': 'MENSUALIDAD JARDIN INFANTIL TURRÓN P.O.C', 'Cantidad': 1.0, 'Unidad': None, 'Moneda': 'CLP', 'PrecioNeto': 352666.0, 'TotalCargos': 0.0, 'TotalDescuentos': 0.0, 'TotalImpuestos': 0.0, 'Total': 352666.0}, {'Correlativo': 3, 'CodigoCategoria': 91111900, 'Categoria': 'Servicios de cuidado personal y domésticos / Servicio doméstico y de cuidados / Cuidado de niños, personas enfermas y ancianos', 'CodigoProducto': 91111901, 'Producto': 'Jardines infantiles o salas cunas', 'EspecificacionComprador': '', 'EspecificacionProveedor': 'MENSUALIDAD JARDIN INFANTIL TURRÓN S.R.G', 'Cantidad': 1.0, 'Unidad': None, 'Moneda': 'CLP', 'PrecioNeto': 460000.0, 'TotalCargos': 0.0, 'TotalDescuentos': 0.0, 'TotalImpuestos': 0.0, 'Total': 460000.0}, {'Correlativo': 4, 'CodigoCategoria': 91111900, 'Categoria': 'Servicios de cuidado personal y domésticos / Servicio doméstico y de cuidados / Cuidado de niños, personas enfermas y ancianos', 'CodigoProducto': 91111901, 'Producto': 'Jardines infantiles o salas cunas', 'EspecificacionComprador': '', 'EspecificacionProveedor': 'MENSUALIDAD JARDIN INFANTIL TURRÓN B.R.C', 'Cantidad': 1.0, 'Unidad': None, 'Moneda': 'CLP', 'PrecioNeto': 460000.0, 'TotalCargos': 0.0, 'TotalDescuentos': 0.0, 'TotalImpuestos': 0.0, 'Total': 460000.0}, {'Correlativo': 5, 'CodigoCategoria': 91111900, 'Categoria': 'Servicios de cuidado personal y domésticos / Servicio doméstico y de cuidados / Cuidado de niños, personas enfermas y ancianos', 'CodigoProducto': 91111901, 'Producto': 'Jardines infantiles o salas cunas', 'EspecificacionComprador': '', 'EspecificacionProveedor': 'MENSUALIDAD SALA CUNA Y JARDIN INFANTIL PEQUEÑOS ARTISTAS ', 'Cantidad': 1.0, 'Unidad': None, 'Moneda': 'CLP', 'PrecioNeto': 136500.0, 'TotalCargos': 0.0, 'TotalDescuentos': 0.0, 'TotalImpuestos': 0.0, 'Total': 136500.0}]",SALA CUNA,2026-03-09T15:22:52.786209,,,,,,,,,,,,,,
2021-8-CM26,DAG N°10000/01 la Gran Compra: 80535 RECARGA DE TARJETAS ALIMENTACION ,12,27693,2026-03-09,DAG N°10000/01 la Gran Compra: 80535 RECARGA DE TARJETAS ALIMENTACION ,12,Recepción Conforme,,"EL DESCUENTO DEL 5% CORRESPONDIENDE AL PROCESO DE LA GRAN COMPRA ID: 80535, MONTO A CARGAR $ 219.740.000.
CONTACTO: SR. ALEJANDRO MORA FONO 223465384
AL FACTURAR INCLUIR DATOS PARA EL PAGO POR TRANSFERENCIA ELECTRÓNICA
ENVIAR FACTURA A FACTURASEMCO@EMCO.MIL.CL",9,CM,CLP,7,Recepción Conforme,1,4.767676767676767,99,0.0,0.0,175422689.0,19.0,33330311.0,208753000.0," 22-01-001,0004004141012426,227/1200/1600",CL,22,2,2026-02-09T16:33:04.93,2026-02-26T20:19:45.93,2026-02-27T13:44:29.017,,2026-02-27T10:39:00,7266,ESTADO MAYOR CONJUNTO,61.101.040-0,3016,Estado Mayor Conjunto,,"Zenteno N° 45, piso 8,ala sur",Santiago,Región Metropolitana de Santiago,CL,ALEJANDRO MORA,ENCARGADO,,,27693,EDENRED CHILE SOCIEDAD ANONIMA,RESTAURANTES| OTROS TIPOS DE INTERMEDIACION MONETA,27623,EDENRED CHILE S.A.,96.781.350-8,"Avenida Andres Bello # 2687, piso 13.",Las Condes,Región Metropolitana de Santiago,CL,YASMIN GUERRA,ADMINISTRATIVA MERCADO PUBLICO,,,1,"[{'Correlativo': 1, 'CodigoCategoria': 93151500, 'Categoria': 'Organizaciones y consultorías políticas, demográficas, económicas, sociales y de administración pública / Administración y finanzas públicas / Administración pública', 'CodigoProducto': 93151507, 'Producto': 'Procedimientos administrativos', 'EspecificacionComprador': '(1964920) ALIMENTACIÓN -   1964920', 'EspecificacionProveedor': '(1964920) ALIMENTACIÓN -  ; Código: ;Región : RM\r\n', 'Cantidad': 1.0, 'Unidad': None, 'Moneda': 'CLP', 'PrecioNeto': 175422689.0, 'TotalCargos': 0.0, 'TotalDescuentos': 0.0, 'TotalImpuestos': 0.0, 'Total': 175422689.0}]",ALIMENTACION,2026-03-09T14:21:40.256872,,,,,,,,,,,,,,
2115-185-SE26,SERV. SALA CUNA - 02/2026,4,27693,2026-03-09,,,,,,,,,,,,,,,,,,,,,,,,,,,,,,,,,,,,,,,,,,,,,,,,,,,,,,,,,,,,,,,,,,,,,,,,,,
2115-186-SE26,ADMIN. SALA CUNA - 02/2026,4,27693,2026-03-09,,,,,,,,,,,,,,,,,,,,,,,,,,,,,,,,,,,,,,,,,,,,,,,,,,,,,,,,,,,,,,,,,,,,,,,,,,
2202-330-CM26,Orden de Compra: 2202-330-CM26,12,27693,2026-03-09,Orden de Compra: 2202-330-CM26,12,Recepción Conforme,,Orden de Compra codigo: 2202-330-CM26 dirigida a EDENRED CHILE SOCIEDAD ANONIMA,9,CM,CLP,7,Recepción Conforme,1,4.767676767676767,99,735294.0,0.0,14705882.0,19.0,2654412.0,16625000.0,,CL,12,2,2026-03-05T13:11:28.113,2026-03-05T14:26:42.363,2026-03-05T15:56:46.51,,2026-03-05T13:13:00,7433,SERVICIO SALUD ARAUCANIA NORTE HOSPITAL CURACAUTIN,61.602.241-5,3197,SERVICIO SALUD ARAUCANIA NORTE HOSPITAL CURACAUTIN,salud,Serrano N° 350,Curacautín,Región de la Araucanía ,CL,Maria Guillermina Vergara Vergara,,,,27693,EDENRED CHILE SOCIEDAD ANONIMA,"RESTAURANTES| OTROS TIPOS DE INTERMEDIACION MONETARIA N.C.P.| SOCIEDADES DE INVERSION Y RENTISTAS DE CAPITALES MOBILIARIOS EN GENERA| COMPRA, VENTA Y ALQUILER (EXCEPTO AMOBLADOS) DE INMUEBLES PROPIOS O AR| OTRAS ACTIVIDADES EMPRESARIALES N.C.P.",27623,EDENRED CHILE S.A.,96.781.350-8,"Avenida Andres Bello # 2687, piso 13.",,,CL,,Contacto,,,1,"[{'Correlativo': 1, 'CodigoCategoria': 0, 'Categoria': '', 'CodigoProducto': 0, 'Producto': 'ALIMENTACIÓN -  ', 'EspecificacionComprador': '(1964920) ALIMENTACIÓN -  ', 'EspecificacionProveedor': '(1964920) ALIMENTACIÓN -   ; Región Metropolitana de Santiago; Santiago; Direccion no aplica a productos virtuales; DESCUENTO 5,0%', 'Cantidad': 1.0, 'Unidad': None, 'Moneda': 'CLP', 'PrecioNeto': 14705882.0, 'TotalCargos': 0.0, 'TotalDescuentos': 0.0, 'TotalImpuestos': 0.0, 'Total': 14705882.0}]",ALIMENTACION,2026-03-09T16:25:27.992380,,,,,,,,,,,,,,
3474-114-CM26,RECARGA DE TARJETA DE ALIMENTACION ASPOF DAC ESCUADRÓN EXTRAORDINARIO ,12,27693,2026-03-09,RECARGA DE TARJETA DE ALIMENTACION ASPOF DAC ESCUADRÓN EXTRAORDINARIO ,12,Recepción Conforme,,Orden de Compra codigo: 3474-114-CM26 dirigida a EDENRED CHILE SOCIEDAD ANONIMA,9,CM,CLP,7,Recepción Conforme,1,4.767676767676767,99,34454.0,0.0,689075.0,19.0,124378.0,778999.0,,CL,12,2,2026-02-20T12:33:28.83,2026-02-20T12:40:14.17,2026-02-23T08:52:13.463,,2026-03-09T12:08:00,113812,DIRECCION DE LOGISTICA DE CARABINEROS,61.979.960-7,4395,Escuela de Carabineros,,"Calle Irarrazaval N° 4250, Ñuñoa",Ñuñoa,Región Metropolitana de Santiago,CL,CAROLINA  MARTINEZ ,,,,27693,EDENRED CHILE SOCIEDAD ANONIMA,"RESTAURANTES| OTROS TIPOS DE INTERMEDIACION MONETARIA N.C.P.| SOCIEDADES DE INVERSION Y RENTISTAS DE CAPITALES MOBILIARIOS EN GENERA| COMPRA, VENTA Y ALQUILER (EXCEPTO AMOBLADOS) DE INMUEBLES PROPIOS O AR| OTRAS ACTIVIDADES EMPRESARIALES N.C.P.",27623,EDENRED CHILE S.A.,96.781.350-8,"Avenida Andres Bello # 2687, piso 13.",,,CL,,Contacto,,,1,"[{'Correlativo': 1, 'CodigoCategoria': 0, 'Categoria': '', 'CodigoProducto': 0, 'Producto': 'ALIMENTACIÓN -  ', 'EspecificacionComprador': '(1964920) ALIMENTACIÓN -  ', 'EspecificacionProveedor': '(1964920) ALIMENTACIÓN -   ; Región Metropolitana de Santiago; Santiago; Direccion no aplica a productos virtuales; DESCUENTO 5,0%', 'Cantidad': 1.0, 'Unidad': None, 'Moneda': 'CLP', 'PrecioNeto': 689075.0, 'TotalCargos': 0.0, 'TotalDescuentos': 0.0, 'TotalImpuestos': 0.0, 'Total': 689075.0}]",ALIMENTACION,2026-03-09T15:22:52.786209,,,,,,,,,,,,,,
3679-87-CM26,POR LA COMPRA DE GIFTCARD DE CALZADO PARA FUNCIONARIOS DEL CESFAM DE SAN ESTEBAN,4,27693,2026-03-09,POR LA COMPRA DE GIFTCARD DE CALZADO PARA FUNCIONARIOS DEL CESFAM DE SAN ESTEBAN,4,Enviada a proveedor,,POR LA COMPRA DE GIFTCARD DE CALZADO PARA FUNCIONARIOS DEL CESFAM DE SAN ESTEBAN,9,CM,CLP,1,Nueva orden de compra,1,4.767676767676767,99,1731600.0,0.0,14430000.0,0.0,0.0,12698400.0,,CL,12,2,2026-03-06T11:22:29.327,2026-03-09T12:02:31.767,,,2026-03-09T12:02:00,116226,I MUNICIPALIDAD DE SAN ESTEBAN,69.051.400-1,4599,Salud,,AVENIDA 26 DE DICIEMBRE 654 ,San Esteban,Región de Valparaíso ,CL,ESTEFANI SANTIS,,,,27693,EDENRED CHILE SOCIEDAD ANONIMA,"RESTAURANTES| OTROS TIPOS DE INTERMEDIACION MONETARIA N.C.P.| SOCIEDADES DE INVERSION Y RENTISTAS DE CAPITALES MOBILIARIOS EN GENERA| COMPRA, VENTA Y ALQUILER (EXCEPTO AMOBLADOS) DE INMUEBLES PROPIOS O AR| OTRAS ACTIVIDADES EMPRESARIALES N.C.P.",27623,EDENRED CHILE S.A.,96.781.350-8,"Avenida Andres Bello # 2687, piso 13.",,,CL,,Contacto,,,1,"[{'Correlativo': 1, 'CodigoCategoria': 0, 'Categoria': '', 'CodigoProducto': 0, 'Producto': 'VESTUARIO Y CALZADO -  ', 'EspecificacionComprador': '(1964922) VESTUARIO Y CALZADO -  ', 'EspecificacionProveedor': '(1964922) VESTUARIO Y CALZADO -   ; Región Metropolitana de Santiago; Santiago; Direccion no aplica a productos virtuales; DESCUENTO 12,0%', 'Cantidad': 1.0, 'Unidad': None, 'Moneda': 'CLP', 'PrecioNeto': 14430000.0, 'TotalCargos': 0.0, 'TotalDescuentos': 0.0, 'TotalImpuestos': 0.0, 'Total': 14430000.0}]",VESTUARIO_Y_CALZADO,2026-03-09T15:22:52.786209,,,,,,,,,,,,,,
3787-6-CM26,CARGA BENEFICIO ALIMENTACIÓN FEBRERO,12,27693,2026-03-09,CARGA BENEFICIO ALIMENTACIÓN FEBRERO,12,Recepción Conforme,,Orden de Compra codigo: 3787-6-CM26 dirigida a EDENRED CHILE SOCIEDAD ANONIMA,9,CM,CLP,7,Recepción Conforme,1,4.767676767676767,99,337983.0,0.0,6759664.0,19.0,1220119.0,7641800.0,,CL,12,2,2026-02-05T08:47:15.227,2026-02-05T18:04:59.707,2026-02-06T16:13:08.023,,2026-03-09T10:17:00,113812,DIRECCION DE LOGISTICA DE CARABINEROS,60.505.000-K,4707,Depto. Antidrogas O.S.7,Comprador,"Amunategui N°519, Piso 4",Providencia,Región Metropolitana de Santiago,CL,Makarena de los Angeles Guzman Riveros,,,,27693,EDENRED CHILE SOCIEDAD ANONIMA,"RESTAURANTES| OTROS TIPOS DE INTERMEDIACION MONETARIA N.C.P.| SOCIEDADES DE INVERSION Y RENTISTAS DE CAPITALES MOBILIARIOS EN GENERA| COMPRA, VENTA Y ALQUILER (EXCEPTO AMOBLADOS) DE INMUEBLES PROPIOS O AR| OTRAS ACTIVIDADES EMPRESARIALES N.C.P.",27623,EDENRED CHILE S.A.,96.781.350-8,"Avenida Andres Bello # 2687, piso 13.",,,CL,,Contacto,,,1,"[{'Correlativo': 1, 'CodigoCategoria': 0, 'Categoria': '', 'CodigoProducto': 0, 'Producto': 'ALIMENTACIÓN -  ', 'EspecificacionComprador': '(1964920) ALIMENTACIÓN -  ', 'EspecificacionProveedor': '(1964920) ALIMENTACIÓN -   ; Región Metropolitana de Santiago; Santiago; Direccion no aplica a productos virtuales; DESCUENTO 5,0%', 'Cantidad': 1.0, 'Unidad': None, 'Moneda': 'CLP', 'PrecioNeto': 6759664.0, 'TotalCargos': 0.0, 'TotalDescuentos': 0.0, 'TotalImpuestos': 0.0, 'Total': 6759664.0}]",ALIMENTACION,2026-03-09T13:31:10.234797,,,,,,,,,,,,,,
5052-255-SE26,CM/2201001002/TARJETAS DE ALIMENTACIÓN GRAN COMPRA/FEBRERO,4,27693,2026-03-09,,,,,,,,,,,,,,,,,,,,,,,,,,,,,,,,,,,,,,,,,,,,,,,,,,,,,,,,,,,,,,,,,,,,,,,,,,
752-51-CM26,Vestuario y Calzados para funcionarios Administrativos y Conductores,9,27693,2026-03-09,Vestuario y Calzados para funcionarios Administrativos y Conductores,9,Cancelada,,Orden de Compra codigo: 752-51-CM26 dirigida a EDENRED CHILE SOCIEDAD ANONIMA,9,CM,CLP,5,Cancelada,1,4.767676767676767,99,484380.0,0.0,4036500.0,0.0,0.0,3552120.0,,CL,12,2,2026-03-09T10:38:53.453,2026-03-09T10:44:14.713,,2026-03-09T10:48:28.22,2026-03-09T10:43:00,7207,GOBIERNO REGIONAL DECIMA REGION LOS LAGOS,72.221.800-0,1748,Gobierno Regional de Los Lagos,Administración Pública,"Avda. Décima Región #480, 4to Piso C.A.R.",Puerto Montt,Región de los Lagos ,CL,Néstor Ariel Maldonado Cárdenas,,,,27693,EDENRED CHILE SOCIEDAD ANONIMA,"RESTAURANTES| OTROS TIPOS DE INTERMEDIACION MONETARIA N.C.P.| SOCIEDADES DE INVERSION Y RENTISTAS DE CAPITALES MOBILIARIOS EN GENERA| COMPRA, VENTA Y ALQUILER (EXCEPTO AMOBLADOS) DE INMUEBLES PROPIOS O AR| OTRAS ACTIVIDADES EMPRESARIALES N.C.P.",27623,EDENRED CHILE S.A.,96.781.350-8,"Avenida Andres Bello # 2687, piso 13.",,,CL,,Contacto,,,1,"[{'Correlativo': 1, 'CodigoCategoria': 0, 'Categoria': '', 'CodigoProducto': 0, 'Producto': 'VESTUARIO Y CALZADO -  ', 'EspecificacionComprador': '(1964922) VESTUARIO Y CALZADO -  ', 'EspecificacionProveedor': '(1964922) VESTUARIO Y CALZADO -   ; Región Metropolitana de Santiago; Santiago; Direccion no aplica a productos virtuales; DESCUENTO 12,0%', 'Cantidad': 1.0, 'Unidad': None, 'Moneda': 'CLP', 'PrecioNeto': 4036500.0, 'TotalCargos': 0.0, 'TotalDescuentos': 0.0, 'TotalImpuestos': 0.0, 'Total': 4036500.0}]",VESTUARIO_Y_CALZADO,2026-03-09T14:21:40.256872,,,,,,,,,,,,,,
752-52-CM26,Giftcard de Vestuario y Calzado para funcionarios Administrativos,4,27693,2026-03-09,Giftcard de Vestuario y Calzado para funcionarios Administrativos,4,Enviada a proveedor,,Orden de Compra codigo: 752-52-CM26 dirigida a EDENRED CHILE SOCIEDAD ANONIMA,9,CM,CLP,1,Nueva orden de compra,1,4.767676767676767,99,484380.0,0.0,4036500.0,0.0,0.0,3552120.0,,CL,12,2,2026-03-09T10:55:28.567,2026-03-09T10:58:36.233,,,2026-03-09T10:58:00,7207,GOBIERNO REGIONAL DECIMA REGION LOS LAGOS,72.221.800-0,1748,Gobierno Regional de Los Lagos,Administración Pública,"Avda. Décima Región #480, 4to Piso C.A.R.",Puerto Montt,Región de los Lagos ,CL,Néstor Ariel Maldonado Cárdenas,,,,27693,EDENRED CHILE SOCIEDAD ANONIMA,"RESTAURANTES| OTROS TIPOS DE INTERMEDIACION MONETARIA N.C.P.| SOCIEDADES DE INVERSION Y RENTISTAS DE CAPITALES MOBILIARIOS EN GENERA| COMPRA, VENTA Y ALQUILER (EXCEPTO AMOBLADOS) DE INMUEBLES PROPIOS O AR| OTRAS ACTIVIDADES EMPRESARIALES N.C.P.",27623,EDENRED CHILE S.A.,96.781.350-8,"Avenida Andres Bello # 2687, piso 13.",,,CL,,Contacto,,,1,"[{'Correlativo': 1, 'CodigoCategoria': 0, 'Categoria': '', 'CodigoProducto': 0, 'Producto': 'VESTUARIO Y CALZADO -  ', 'EspecificacionComprador': '(1964922) VESTUARIO Y CALZADO -  ', 'EspecificacionProveedor': '(1964922) VESTUARIO Y CALZADO -   ; Región Metropolitana de Santiago; Santiago; Direccion no aplica a productos virtuales; DESCUENTO 12,0%', 'Cantidad': 1.0, 'Unidad': None, 'Moneda': 'CLP', 'PrecioNeto': 4036500.0, 'TotalCargos': 0.0, 'TotalDescuentos': 0.0, 'TotalImpuestos': 0.0, 'Total': 4036500.0}]",VESTUARIO_Y_CALZADO,2026-03-09T15:22:52.786209,,,,,,,,,,,,,,
837-111-SE26,SC 734 tarjetas Electronicas  ID 79925,12,27693,2026-03-09,SC 734 tarjetas Electronicas  ID 79925,12,Recepción Conforme,,"Tarjetas Electrónicas de Alimentación por 24 meses, DESIGNASE, Administrador de Contrato al funcionario de la Unidad de Bienestar de Victor Lopez V., proveniente de la Gran Compra 79925, incluye descuento 5% ofertado por el proveedor. estimado proveedor recuerde aceptar la OC para su correcto proceso y enviar su DTE al correo  presrecepcion@custodium.com, remplaza OC 837-13-CM26",8,SE,CLP,7,Recepción Conforme,1,4.767676767676767,99,20893950.0,0.0,417878992.0,19.0,75427158.0,472412200.0,758,CL,12,2,2026-02-25T08:19:18.393,2026-02-25T09:13:39.96,2026-02-25T12:46:09.797,,2026-02-25T08:40:00,7179,SERVICIO MEDICO LEGAL,61.003.000-9,1833,SERVICIO MEDICO LEGAL,,Lucia subercaseux N°116,Independencia,Región Metropolitana de Santiago,CL,José Javier Vargas Matus,Analista,,,27693,EDENRED CHILE SOCIEDAD ANONIMA,RESTAURANTES| OTROS TIPOS DE INTERMEDIACION MONETA,27623,EDENRED CHILE S.A.,96.781.350-8,"Avenida Andres Bello # 2687, piso 13.",Las Condes,Región Metropolitana de Santiago,CL,YASMIN GUERRA,ADMINISTRATIVA MERCADO PUBLICO,,,1,"[{'Correlativo': 1, 'CodigoCategoria': 93151500, 'Categoria': 'Organizaciones y consultorías políticas, demográficas, económicas, sociales y de administración pública / Administración y finanzas públicas / Administración pública', 'CodigoProducto': 93151507, 'Producto': 'Procedimientos o servicios administrativos', 'EspecificacionComprador': '(1964920) ALIMENTACIÓN - 1964920.\r\nRemplazo OC 837-13-CM26', 'EspecificacionProveedor': '(1964920) ALIMENTACIÓN - 1964920', 'Cantidad': 1.0, 'Unidad': None, 'Moneda': 'CLP', 'PrecioNeto': 417878992.0, 'TotalCargos': 0.0, 'TotalDescuentos': 0.0, 'TotalImpuestos': 0.0, 'Total': 417878992.0}]",ALIMENTACION,2026-03-09T15:22:52.786209,,,,,,,,,,,,,,
881-36-CM26,"OC 881-36-CM26, ROPA TRABAJO GORE ANTOFAGASTA 2026",6,27693,2026-03-09,"OC 881-36-CM26, ROPA TRABAJO GORE ANTOFAGASTA 2026",4,Enviada a proveedor,,Orden de Compra codigo: 881-36-CM26 dirigida a EDENRED CHILE SOCIEDAD ANONIMA,9,CM,CLP,1,Nueva orden de compra,1,4.767676767676767,99,360000.0,0.0,3000000.0,0.0,0.0,2640000.0,,CL,12,2,2026-03-09T08:38:23.69,2026-03-09T08:50:52.1,,,2026-03-09T08:50:00,7199,GOBIERNO REGIONAL DE ANTOFAGASTA,72.224.100-2,1877,GORE ANTOFAGASTA PROGRAMA 01 FUNCIONAMIENTO,,Arturo Prat 461 Piso 11 - Región de Antofagasta - ,,,CL,Carlos Hernán Carvajal Espinoza,,,,27693,EDENRED CHILE SOCIEDAD ANONIMA,"RESTAURANTES| OTROS TIPOS DE INTERMEDIACION MONETARIA N.C.P.| SOCIEDADES DE INVERSION Y RENTISTAS DE CAPITALES MOBILIARIOS EN GENERA| COMPRA, VENTA Y ALQUILER (EXCEPTO AMOBLADOS) DE INMUEBLES PROPIOS O AR| OTRAS ACTIVIDADES EMPRESARIALES N.C.P.",27623,EDENRED CHILE S.A.,96.781.350-8,"Avenida Andres Bello # 2687, piso 13.",,,CL,,Contacto,,,1,"[{'Correlativo': 1, 'CodigoCategoria': 0, 'Categoria': '', 'CodigoProducto': 0, 'Producto': 'VESTUARIO Y CALZADO -  ', 'EspecificacionComprador': '(1964922) VESTUARIO Y CALZADO -  ', 'EspecificacionProveedor': '(1964922) VESTUARIO Y CALZADO -   ; Región Metropolitana de Santiago; Santiago; Direccion no aplica a productos virtuales; DESCUENTO 12,0%', 'Cantidad': 1.0, 'Unidad': None, 'Moneda': 'CLP', 'PrecioNeto': 3000000.0, 'TotalCargos': 0.0, 'TotalDescuentos': 0.0, 'TotalImpuestos': 0.0, 'Total': 3000000.0}]",VESTUARIO_Y_CALZADO,2026-03-09T12:12:59.442317,,,,,,,,,,,,,,
