Codigo,Nombre,Tipo,Estado,CodigoOrganismoPublico,NombreOrganismoPublico,FechaCreacion,FechaCierre,CodigoProveedorConsultado,FechaConsulta
2085-172-CM26,recarga alimentacion,12,27693,27022026
1382-187-SE26,"RC 186, RECARGA TARJETAS ALIMENTACION DESDE 1175-209-",6,27693,27022026
1079694-46-CM26,"RECARGA DE TARJETAS DE ALIMENTACIÓN FISCAL DE LA ZONA DE CARABINEROS DE LOS RÍOS, CORRESPONDIENTE AL MES DE FEBRERO DEL 2026.",12,27693,27022026
1079969-231-CM24,BENEFICIO RECARGA TARJETA DE ALIMENTACIÓN MES DICIEMBRE POR UN VALOR TOTAL DE $897.500.- PARA LA PREFECTURA OS.11,12,27693,27022026
2170-185-CM26,TURNOS DIA (TURNANTES) MARZO 2026:,6,27693,27022026
1005498-24-CM26,Adquisición 69 tarjetas de vestuario y calzado para la CMF,6,27693,27022026
1057532-288-SE26,CC-RUA/Beneficio Alimentación Febrero 2026,6,27693,27022026
1099899-51-CM26,ALIMENTACIÓN FUNCIONARIOS FEBRERO QUICALCURA Orden de Compra: 1099899-51-CM26,6,27693,27022026
1681-159-CM26,"BENEFICIO ALIMENTACIÓN TÉCNICOS, ADMINIST. Y AUXILIARES MAR/2026",6,27693,27022026
1078177-51-CM26,ADQUISICIÓN DE RECARGA DE ALIMENTACIÓN FISCAL MES ENERO P.M. ZONA,12,27693,27022026
3355-56-CM26,TARJETAS DE ALIMENTACIÓN,6,27693,27022026
1057499-681-SE25,RECARGA TARJETA DE ALIMENTACIÓN GRAN COMPRA 79326,12,27693,27022026
1079639-95-CM26,"ALIMENTACION FISCAL MES DE FEBRERO, FALTANTE COLACIONES",12,27693,27022026
1079580-30-CM26,"ADQ. DE RACIONES FISCALES PARA LA ZONA DE CARABINEROS ÑUBLE, MES DE FEBRERO AÑO 2026. ",6,27693,27022026
1079639-81-CM26,"ALIMENTACION MES DE FEBRERO, PARA TOTALIDAD DE PREFECTURAS Y REPARTICIONES DEPENDIENTES ZONA LOS LAGOS",12,27693,27022026
594965-21-SE26,Servicio de Alimentación MARZO 2026,6,27693,27022026
635-197-CM26,ADMINISTRACION BENEFICIO DE ALIMENTACION,6,27693,27022026
1057415-2789-CM26,CM-BENEFICIO DE ALIMENTACION ENERO-REQ.1.22.01.001.002-HFCN44574-(cmv),12,27693,27022026
1099899-50-CM26,ALIMENTACIÓN FUNCIONARIOS MES DE FEBRERO COSAM LOS ANDES Orden de Compra: 1099899-50-CM26,6,27693,27022026
1605-436-SE23,LR-862 SERVICIO DE ADMINISTRACIÓN DE SALAS CUNAS ,12,27693,27022026
2045-63-CM26,Recarga tarjetas de alimentación mes de Marzo,6,27693,27022026
617807-1211-CM26,Orden de Compra: 617807-1211-CM26,6,27693,27022026
1620-47-CM26,Carga Tarjeta de Alimentación,12,27693,27022026
2021-8-CM26,DAG N°10000/01 la Gran Compra: 80535 RECARGA DE TARJETAS ALIMENTACION ,6,27693,27022026
1077908-39-CM26,SC N° 142 RECARGA DE TARJETAS PARA ENTREGA BENEFICIO DE ALIMENTACIÓN A FUNCIONARIOS DEL CENTRO ONCOLÓGICO DEL NORTE CORRESPONDIENTE AL MES DE MARZO DE 2026.,6,27693,27022026
1398-239-SE26,BENEFICIO ALIMENTACIÓN MES MARZO 2026,12,27693,27022026
1464-292-CM26,BENEFICIO DE ALIMENTACIÓN PARA FUNCIONARIOS DEL HOSPITAL DE PARRAL RECARGAS PARA EL MES DE MARZO 2026.,6,27693,27022026
1681-156-CM26,BENEFICIO ALIMENTACIÓN PROFESIONALES Y MÉDICOS MAR/2026,6,27693,27022026
2170-184-CM26,TURNOS NOCHE (J. ORDINARIA) FEBRERO 2025: (100*),6,27693,27022026
1063538-1676-SE26,ORDEN DE COMPRA DESDE 1063538-204-LR24,12,27693,27022026
2170-183-CM26,TURNOS NOCHE (TURNANTES) MARZO 2026: (1000*),6,27693,27022026
3868-4-CM26,"ADQUISICION RECARGA DE TARJETAS DE ALIMENTACION FISCAL MES DE FEBRERO PARA EL DEPTO CRIMINALISTICA, ZONA METROPOLITANA DE CARABINEROS RUT 61.978.700-5",6,27693,27022026
1079454-49-CM26,"ADQUISICION DE RANCHO PARA EL PERSONAL DE SERVICIO ANIVERSARIO ANTOIFAGASTA 11, 12 Y 13 DE FEBRERO 2026, SEGÚN N.C.U.:248410572. - Orden de Compra: 1079454-49-CM26",4,27693,27022026
1692-84-CM26,ADUISICIÓN DE 2141 RECARGAS PARA TARJETAS DE ALIMENTACIÓN DE 161 FUNCIONARIOS,12,27693,27022026
2170-182-CM26,ALIMENTACIÓN MARZO 2026 (235 D.Efectiva): (235*22),6,27693,27022026
2085-178-CM26,Recarga Alimentación funcionarios Marzo,12,27693,27022026
3951-45-CM26,Orden de Compra: 3951-45-CM26,12,27693,27022026
620279-15-CM26,GRUPAEROMONTT- Alimentación Contratada ,12,27693,01032026
620279-15-CM26,GRUPAEROMONTT- Alimentación Contratada ,12,27693,01032026
620279-15-CM26,GRUPAEROMONTT- Alimentación Contratada ,12,27693,2026-03-01
1622-288-CM26,BENEFICIO DE ALIMENTACIÓN FEBRERO 2026,4,27693,2026-03-02
1079454-49-CM26,"ADQUISICION DE RANCHO PARA EL PERSONAL DE SERVICIO ANIVERSARIO ANTOIFAGASTA 11, 12 Y 13 DE FEBRERO 2026, SEGÚN N.C.U.:248410572. - Orden de Compra: 1079454-49-CM26",6,27693,2026-03-02
1413-139-AG26, DIRREG LOS LAGOS REQUIERE ADQUIRIR GIF CARD DE ALIMENTACIÓN PROGRAMAS LICO Y PROGRAMA PAÍS. 1413-25-COT26,4,27693,2026-03-02
1622-288-CM26,BENEFICIO DE ALIMENTACIÓN FEBRERO 2026,4,27693,2026-03-02
4100-11-CM26,"ADQUISICIÓN RECARGAS ALIMENTACION FISCAL MES DE FEBRERO, PARA LA SECRET. GRAL. Y UNIDADES DEPENDIENTES.",12,27693,2026-03-02
952946-21-CM26,ADQUISICIÓN DE TARJETA DE SUPERMERCADO,6,27693,2026-03-02
1079454-49-CM26,"ADQUISICION DE RANCHO PARA EL PERSONAL DE SERVICIO ANIVERSARIO ANTOIFAGASTA 11, 12 Y 13 DE FEBRERO 2026, SEGÚN N.C.U.:248410572. - Orden de Compra: 1079454-49-CM26",6,27693,2026-03-02
1413-139-AG26, DIRREG LOS LAGOS REQUIERE ADQUIRIR GIF CARD DE ALIMENTACIÓN PROGRAMAS LICO Y PROGRAMA PAÍS. 1413-25-COT26,4,27693,2026-03-02
1622-288-CM26,BENEFICIO DE ALIMENTACIÓN FEBRERO 2026,6,27693,2026-03-02
2568-60-CM26,Orden de Compra: 2568-60-CM26,4,27693,2026-03-02
3413-3-CM26,"ADQUISICIÓN DE TARJETA DE ALIMENTACIÓN PARA LA COMPRA DE VIVERES EN SUPERMERCADO, SIN DESCUENTOS ADICIONALES NI BONIFICACIONES, PARA EL CASINO GUARNICIONAL HUAYQUIQUE",4,27693,2026-03-02
4100-11-CM26,"ADQUISICIÓN RECARGAS ALIMENTACION FISCAL MES DE FEBRERO, PARA LA SECRET. GRAL. Y UNIDADES DEPENDIENTES.",12,27693,2026-03-02
651-30-CM26,tarjetas de vestuario estamento auxiliar ,4,27693,2026-03-02
697202-120-CM25,ADQUISICIÓN DE VESTUARIO Y CALZADO,12,27693,2026-03-02
952946-21-CM26,ADQUISICIÓN DE TARJETA DE SUPERMERCADO,6,27693,2026-03-02
1079659-64-CM26,RANCHO FISCAL MES DE FEBRERO AÑO 2026,12,27693,2026-03-03
5052-147-SE26,CM/2201001002/TARJETAS DE ALIMENTACIÓN GRAN COMPRA/ENERO,12,27693,2026-03-03
1079659-64-CM26,RANCHO FISCAL MES DE FEBRERO AÑO 2026,12,27693,2026-03-03
1099402-96-CM26,OC DESDE 1099402-96-CM26 ALIMENTACIÓN MZ-26,12,27693,2026-03-03
1643-477-CM26,COLACIONES PERSONAL TURNO NOCHE ENERO 2026,12,27693,2026-03-03
2200-437-CM25, TARJETAS DE ALIMENTACIÓN PARA FUNCIONARIOS DE LA DIRECCIÓN DEL SSA - DDP Orden de Compra  generada por la Gran Compra: 79386 (REEMPLAZA OC 2200-419-CM25),12,27693,2026-03-03
2430-41-CM26,Orden de Compra: 2430-41-CM26,4,27693,2026-03-03
5052-147-SE26,CM/2201001002/TARJETAS DE ALIMENTACIÓN GRAN COMPRA/ENERO,12,27693,2026-03-03
507428-214-CM26,Orden de Compra: 507428-214-CM26,4,27693,2026-03-03
768-35-SE26,SERVICIO DE SALA CUNA,6,27693,2026-03-03
1057514-85-CM26,Orden de Compra: 1057514-85-CM26,12,27693,2026-03-03
1079659-64-CM26,RANCHO FISCAL MES DE FEBRERO AÑO 2026,12,27693,2026-03-03
1099402-96-CM26,OC DESDE 1099402-96-CM26 ALIMENTACIÓN MZ-26,12,27693,2026-03-03
1463-104-CM26,CARGA TARJETAS DE ALIMENTACION MARZO 2026,4,27693,2026-03-03
1643-477-CM26,COLACIONES PERSONAL TURNO NOCHE ENERO 2026,12,27693,2026-03-03
165-15-CM26,Beneficio vestuario Secretarias y Administrativos.,4,27693,2026-03-03
2200-437-CM25, TARJETAS DE ALIMENTACIÓN PARA FUNCIONARIOS DE LA DIRECCIÓN DEL SSA - DDP Orden de Compra  generada por la Gran Compra: 79386 (REEMPLAZA OC 2200-419-CM25),12,27693,2026-03-03
2430-41-CM26,Orden de Compra: 2430-41-CM26,4,27693,2026-03-03
3474-128-CM26,ADQUISICION DE CARGAS DE LAS TARJETAS DE ALIMENTACION 4TO. ESCUADRÓN ,6,27693,2026-03-03
5052-147-SE26,CM/2201001002/TARJETAS DE ALIMENTACIÓN GRAN COMPRA/ENERO,12,27693,2026-03-03
507428-214-CM26,Orden de Compra: 507428-214-CM26,4,27693,2026-03-03
5349-427-CM26,RECARGA ALIMENTACIÓN MES DE FEBRERO 2026,12,27693,2026-03-03
707428-29-SE26,SERVICIO DE ALIMENTACION MARZO 2026,4,27693,2026-03-03
768-35-SE26,SERVICIO DE SALA CUNA,12,27693,2026-03-03
1079969-42-CM26,BENEFICIO RECARGA TARJETA DE ALIMENTACIÓN MES FEBRERO POR UN VALOR TOTAL DE $204.000 PARA EL DEAOPERPOL,4,27693,2026-03-04
1623-91-CM26,Beneficio de Alimentación Funcionario Febrero 2026,4,27693,2026-03-04
1079969-42-CM26,BENEFICIO RECARGA TARJETA DE ALIMENTACIÓN MES FEBRERO POR UN VALOR TOTAL DE $204.000 PARA EL DEAOPERPOL,4,27693,2026-03-04
1079969-43-CM26,BENEFICIO RECARGA TARJETA DE ALIMENTACIÓN MES FEBRERO POR UN VALOR TOTAL DE $ 1.026.000 PARA LA 67º COMISARIA SEGURIDAD PRIVADA,4,27693,2026-03-04
1434-34-CM26,Orden de Compra: 1434-34-CM26,4,27693,2026-03-04
1462-45-CM26,Orden de Compra: 1462-45-CM26,12,27693,2026-03-04
1464-292-CM26,BENEFICIO DE ALIMENTACIÓN PARA FUNCIONARIOS DEL HOSPITAL DE PARRAL RECARGAS PARA EL MES DE MARZO 2026.,12,27693,2026-03-04
1623-91-CM26,Beneficio de Alimentación Funcionario Febrero 2026,4,27693,2026-03-04
1626-31-CM26,Beneficio de alimentación febrero,4,27693,2026-03-04
3251-1828-CM25,Orden de Compra: 3251-1828-CM25 Uniforme,12,27693,2026-03-04
1079969-42-CM26,BENEFICIO RECARGA TARJETA DE ALIMENTACIÓN MES FEBRERO POR UN VALOR TOTAL DE $204.000 PARA EL DEAOPERPOL,4,27693,2026-03-04
1079969-43-CM26,BENEFICIO RECARGA TARJETA DE ALIMENTACIÓN MES FEBRERO POR UN VALOR TOTAL DE $ 1.026.000 PARA LA 67º COMISARIA SEGURIDAD PRIVADA,4,27693,2026-03-04
1142-61-CM26,Vestuario Alta Montaña - Complejo Fronterizo Pehuenche,6,27693,2026-03-04
1413-139-AG26, DIRREG LOS LAGOS REQUIERE ADQUIRIR GIF CARD DE ALIMENTACIÓN PROGRAMAS LICO Y PROGRAMA PAÍS. 1413-25-COT26,6,27693,2026-03-04
1434-34-CM26,Orden de Compra: 1434-34-CM26,4,27693,2026-03-04
1462-45-CM26,Orden de Compra: 1462-45-CM26,12,27693,2026-03-04
1462-72-CM26,Orden de Compra: 1462-72-CM26,12,27693,2026-03-04
1464-292-CM26,BENEFICIO DE ALIMENTACIÓN PARA FUNCIONARIOS DEL HOSPITAL DE PARRAL RECARGAS PARA EL MES DE MARZO 2026.,12,27693,2026-03-04
1623-91-CM26,Beneficio de Alimentación Funcionario Febrero 2026,4,27693,2026-03-04
1626-31-CM26,Beneficio de alimentación febrero,4,27693,2026-03-04
1953-85-SE26,"501 SERVICIO ADM. SALAS CUNAS REGIÓN VALPO, FEBRERO 2026",6,27693,2026-03-04
3251-1828-CM25,Orden de Compra: 3251-1828-CM25 Uniforme,12,27693,2026-03-04
688-20-CM26,Orden de Compra: 688-20-CM26,4,27693,2026-03-04
707420-12-SE25,ORDEN DE COMPRA DESDE 707420-6-LQ24,12,27693,2026-03-04
769-4874-SE25,DESDE GRAN COMPRA 78273 ENTREGA DE BENEFICIOS Y TARJETA ALIMENTACION 4.1,12,27693,2026-03-04
1057536-376-CM26,CALZADOS SECRETARIAS SSDR,12,27693,2026-03-05
1511-286-CM26,"O.C CARGA DE TARJETA ALIMENTACION PARA FUNCIONARIOS Y FUNCIONARIAS DEL HOSPITAL DE CONSTITUCION EN CALIDAD DE TITULAR, CONTRATA Y REEMPLAZOS CORRESPONDIENTES FEBRERO 2026(REEMPLAZOS) Y MARZO 2026 (TITULARES Y CONTRATAS)1511-284-CM26 1511-286-CM26",4,27693,2026-03-05
1529-58-CM26,BENEFICIO CARGA DE ALIMENTACION FUNCIONARIOS MES DE FEBRERO 2026,12,27693,2026-03-05
1952-279-SE26,1952-209-LR24 RECARGA EDENRED MES DICIEMBRE 2025,12,27693,2026-03-05
1057536-376-CM26,CALZADOS SECRETARIAS SSDR,12,27693,2026-03-05
1242121-124-SE26,ORDEN DE COMPRA DESDE 1242121-26-LR23,4,27693,2026-03-05
1511-286-CM26,"O.C CARGA DE TARJETA ALIMENTACION PARA FUNCIONARIOS Y FUNCIONARIAS DEL HOSPITAL DE CONSTITUCION EN CALIDAD DE TITULAR, CONTRATA Y REEMPLAZOS CORRESPONDIENTES FEBRERO 2026(REEMPLAZOS) Y MARZO 2026 (TITULARES Y CONTRATAS)1511-284-CM26 1511-286-CM26",4,27693,2026-03-05
1529-58-CM26,BENEFICIO CARGA DE ALIMENTACION FUNCIONARIOS MES DE FEBRERO 2026,12,27693,2026-03-05
1952-279-SE26,1952-209-LR24 RECARGA EDENRED MES DICIEMBRE 2025,12,27693,2026-03-05
3950-335-CM26,Carga Beneficio Alimentación Funcionarios CLJ Mes Enero:   3950-335-CM26,4,27693,2026-03-05
605-93-CM26,Orden de Compra: 605-93-CM26,12,27693,2026-03-05
651-35-CM26,tarjetas vestuarios auxiliares serviu,4,27693,2026-03-05
651-37-SE26,sala cuna periodo febrero 2026,4,27693,2026-03-05
651-38-SE26,sala cuna febrero 2026,4,27693,2026-03-05
732434-4-CM26,Adq. beneficio de alimentación 2026,12,27693,2026-03-05
1057415-2819-CM26,CM-BENEFICIO DE ALIMENTACION FEBRERO-REQ.1.22.01.001.002-HFCN 45391 - (ecm),4,27693,2026-03-05
1057421-53-SE26,"GC - ADMINISTRACIÓN DE BENEFICIO DE ALIMENTACIÓN A TRAVES DE TARJETAS Y SISTEMA ELECTRONICO DE CANJE PARA FUNCIONARIOS DEL HOSPITAL DE LAJA, FOLIO N°48647 REQ. 9 ITEM 22.01.001.001 (llh)",12,27693,2026-03-05
1057536-376-CM26,CALZADOS SECRETARIAS SSDR,12,27693,2026-03-05
1057541-213-CM26," JSA, TARJETAS DE ALIMENTACION MARZO 2026",4,27693,2026-03-05
1075337-7202-CM26,rvv Compra Recarga tarjetas Alimentación funcionarios médicos ,6,27693,2026-03-05
1075337-7209-CM26,rvv Compra Recarga tarjetas Alimentación funcionarios contratos cortos Enero 2026,6,27693,2026-03-05
1078177-48-CM26,ADQUISICIÓN DE RECARGA DE ALIMENTACIÓN FISCAL MES ENERO PREF. MALLECO,12,27693,2026-03-05
1078177-53-CM26,ADQUISICIÓN DE ALIMENTACIÓN FISCAL MES ENERO PARA LA PREF. CAUTIN,12,27693,2026-03-05
1078177-61-CM26,ADQUISICIÓN DE ALIMENTACIÓN FISCAL MES ENERO PREF. VILLARRICA,12,27693,2026-03-05
1242121-124-SE26,ORDEN DE COMPRA DESDE 1242121-26-LR23,6,27693,2026-03-05
1377068-17-CM26,Orden de Compra: 1377068-17-CM26,6,27693,2026-03-05
1511-286-CM26,"O.C CARGA DE TARJETA ALIMENTACION PARA FUNCIONARIOS Y FUNCIONARIAS DEL HOSPITAL DE CONSTITUCION EN CALIDAD DE TITULAR, CONTRATA Y REEMPLAZOS CORRESPONDIENTES FEBRERO 2026(REEMPLAZOS) Y MARZO 2026 (TITULARES Y CONTRATAS)1511-284-CM26 1511-286-CM26",6,27693,2026-03-05
1529-58-CM26,BENEFICIO CARGA DE ALIMENTACION FUNCIONARIOS MES DE FEBRERO 2026,12,27693,2026-03-05
1952-279-SE26,1952-209-LR24 RECARGA EDENRED MES DICIEMBRE 2025,12,27693,2026-03-05
1965-92-SE26,D.R -SERV. SALA CUNA MES FEBRERO,6,27693,2026-03-05
3172-44-CM26,"RECARGA ALIMENTACIÓN PERSONAL DEPARTAMENTO CUARTELES L.1, MES DE FEBRERO 2026",6,27693,2026-03-05
3483-70-CM26,FI_TARJETA DE SUPERMERCADO ,4,27693,2026-03-05
3950-335-CM26,Carga Beneficio Alimentación Funcionarios CLJ Mes Enero:   3950-335-CM26,6,27693,2026-03-05
5701-12-CM26,ADQUISICION ALIMENTACION FEBRERO 2026 ,4,27693,2026-03-05
605-93-CM26,Orden de Compra: 605-93-CM26,12,27693,2026-03-05
651-35-CM26,tarjetas vestuarios auxiliares serviu,4,27693,2026-03-05
651-37-SE26,sala cuna periodo febrero 2026,6,27693,2026-03-05
651-38-SE26,sala cuna febrero 2026,6,27693,2026-03-05
688-20-CM26,Orden de Compra: 688-20-CM26,12,27693,2026-03-05
732434-4-CM26,Adq. beneficio de alimentación 2026,12,27693,2026-03-05
952946-22-CM26,ADQUISICIÓN DE TARJETAS DE ALIMENTACIÓN,12,27693,2026-03-05
1057389-1374-CM26,Recarga tarjeta alimentación febrero,4,27693,2026-03-06
5701-12-CM26,ADQUISICION ALIMENTACION FEBRERO 2026 ,6,27693,2026-03-06
5751-39-CM26,Orden de Compra: 5751-39-CM26,12,27693,2026-03-06
1057389-1374-CM26,Recarga tarjeta alimentación febrero,6,27693,2026-03-06
1057544-28198-SE25,ORDEN DE COMPRA DESDE GRAN COMPRA 78834,12,27693,2026-03-06
1288819-10-CM26,Vestuario DRA Orden de Compra: 1288819-10-CM26,6,27693,2026-03-06
1288819-9-CM26,Orden de Compra: 1288819-9-CM26,6,27693,2026-03-06
1626-31-CM26,Beneficio de alimentación febrero,12,27693,2026-03-06
1655-44-SE26,FOLIO Nº18 + 1331709-1-LR25 + MTR,12,27693,2026-03-06
2215-1948-TD25,Orden de Compra generada por Trato Directo ID 2215-129-FTD25,12,27693,2026-03-06
2215-205-SE26,BENEFICIO DE ALIMENTACION (RECARGA),12,27693,2026-03-06
3483-70-CM26,FI_TARJETA DE SUPERMERCADO ,12,27693,2026-03-06
4146-3-CM26,ADQUISICIÓN DEL BENEFICIO DE RECARGO DE ALIMENTACIÓN PARA EL PERSONAL MES DE MARZO,12,27693,2026-03-06
5078-3-SE26,SALA CUNA ENE 2026,6,27693,2026-03-06
5078-4-SE26,COMISION S.CUNA  FEB 2026,6,27693,2026-03-06
5701-12-CM26,ADQUISICION ALIMENTACION FEBRERO 2026 ,6,27693,2026-03-06
5751-39-CM26,Orden de Compra: 5751-39-CM26,12,27693,2026-03-06
1057370-155-CM26, RECARGA TARJETA COLACIONES NOCTURNA FUNCIONARIOS MARZO 2026,4,27693,2026-03-06
1057384-209-CM26,Orden de Compra: 1057384-209-CM26,4,27693,2026-03-06
1057389-1374-CM26,Recarga tarjeta alimentación febrero,6,27693,2026-03-06
1057512-163-CM26,ALIMENTACION MARZO 2026,12,27693,2026-03-06
1057544-28198-SE25,ORDEN DE COMPRA DESDE GRAN COMPRA 78834,12,27693,2026-03-06
1079969-44-CM26,BENEFICIO RECARGA TARJETA DE ALIMENTACIÓN MES FEBRERO POR UN VALOR TOTAL DE $585.000 PARA LA PM ZOSEPCAR ,12,27693,2026-03-06
1157285-2-CM26,Giftcard,4,27693,2026-03-06
1242121-124-SE26,ORDEN DE COMPRA DESDE 1242121-26-LR23,12,27693,2026-03-06
1288819-10-CM26,Vestuario DRA Orden de Compra: 1288819-10-CM26,6,27693,2026-03-06
1288819-9-CM26,Orden de Compra: 1288819-9-CM26,6,27693,2026-03-06
1602-17-SE23,Servicio Administración del beneficio de sala cuna,12,27693,2026-03-06
1626-31-CM26,Beneficio de alimentación febrero,12,27693,2026-03-06
1655-44-SE26,FOLIO Nº18 + 1331709-1-LR25 + MTR,12,27693,2026-03-06
1681-156-CM26,BENEFICIO ALIMENTACIÓN PROFESIONALES Y MÉDICOS MAR/2026,12,27693,2026-03-06
1681-159-CM26,"BENEFICIO ALIMENTACIÓN TÉCNICOS, ADMINIST. Y AUXILIARES MAR/2026",12,27693,2026-03-06
2215-1948-TD25,Orden de Compra generada por Trato Directo ID 2215-129-FTD25,12,27693,2026-03-06
2215-205-SE26,BENEFICIO DE ALIMENTACION (RECARGA),12,27693,2026-03-06
3409-30-CM26,ADQUISICION DE RECARGA DE TARJETA DE ALIMENTACION,12,27693,2026-03-06
3474-134-CM26,RECARGA DE TARJETA DE ALIMENTACION ASPIRANTES A OFICIALES DAC 4TO. ESCUADRON ,4,27693,2026-03-06
3483-70-CM26,FI_TARJETA DE SUPERMERCADO ,12,27693,2026-03-06
3849-3-CM26,RECARGA ALIMENTACION FISCAL MES ENERO Y FEBRERO,4,27693,2026-03-06
4055-68-AG26,ADQUISICIÓN DE GIFT CARD DE VESTUARIOS 4055-47-COT26,6,27693,2026-03-06
4146-3-CM26,ADQUISICIÓN DEL BENEFICIO DE RECARGO DE ALIMENTACIÓN PARA EL PERSONAL MES DE MARZO,12,27693,2026-03-06
5078-3-SE26,SALA CUNA ENE 2026,6,27693,2026-03-06
5078-4-SE26,COMISION S.CUNA  FEB 2026,6,27693,2026-03-06
5701-12-CM26,ADQUISICION ALIMENTACION FEBRERO 2026 ,6,27693,2026-03-06
5751-39-CM26,Orden de Compra: 5751-39-CM26,12,27693,2026-03-06
626788-6-CM26,Adquisición de recarga de tarjetas de alimentación. FONDOS PRESUPUESTARIOS,4,27693,2026-03-06
776-1179-SE25,VGT - SERVICIO DE ADMINISTRACIÓN DE SALA CUNA Y JARDÍN INFANTIL PARA LOSAS HIJOSAS DE LOSAS FUNCIONARIOSAS DE LA PRESIDENCIA DE LA REPÚBLICA DESDE 776-35-LP25,12,27693,2026-03-06
885-154-CM26,Tarjetas de alimentación 2026,4,27693,2026-03-06
952946-21-CM26,ADQUISICIÓN DE TARJETA DE SUPERMERCADO,12,27693,2026-03-06
1704-4966-SE25,TARJETAS DE ALIMETACION PARA FUNCIONARIO CM 774647,12,27693,2026-03-07
1704-4966-SE25,TARJETAS DE ALIMETACION PARA FUNCIONARIO CM 774647,12,27693,2026-03-07
881-36-CM26,"OC 881-36-CM26, ROPA TRABAJO GORE ANTOFAGASTA 2026",4,27693,2026-03-09
1057496-173-CM26,Adquisición vales de alimentación funcionarios Enero,12,27693,2026-03-09
1079967-80-CM26,Orden de Compra: 1079967-80-CM26 / ADQUISICION DE ALIMENTACION FISCAL DEL CAODI ZONA NORTE,4,27693,2026-03-09
1288-103-SE26,RECARGA TARJETA ALIMENTACION MARZO (VCC),12,27693,2026-03-09
3787-6-CM26,CARGA BENEFICIO ALIMENTACIÓN FEBRERO,12,27693,2026-03-09
881-36-CM26,"OC 881-36-CM26, ROPA TRABAJO GORE ANTOFAGASTA 2026",4,27693,2026-03-09
1057496-173-CM26,Adquisición vales de alimentación funcionarios Enero,12,27693,2026-03-09
1079967-80-CM26,Orden de Compra: 1079967-80-CM26 / ADQUISICION DE ALIMENTACION FISCAL DEL CAODI ZONA NORTE,4,27693,2026-03-09
1288-103-SE26,RECARGA TARJETA ALIMENTACION MARZO (VCC),12,27693,2026-03-09
1465-108-CM26,CM ALIMENTACIÓN FUNCIONARIA MES DE MARZO,12,27693,2026-03-09
2021-8-CM26,DAG N°10000/01 la Gran Compra: 80535 RECARGA DE TARJETAS ALIMENTACION ,12,27693,2026-03-09
3787-6-CM26,CARGA BENEFICIO ALIMENTACIÓN FEBRERO,12,27693,2026-03-09
752-51-CM26,Vestuario y Calzados para funcionarios Administrativos y Conductores,9,27693,2026-03-09
752-52-CM26,Giftcard de Vestuario y Calzado para funcionarios Administrativos,4,27693,2026-03-09
881-36-CM26,"OC 881-36-CM26, ROPA TRABAJO GORE ANTOFAGASTA 2026",4,27693,2026-03-09
1057420-116-CM26,CM- RECARGA DE TARJETAS DE ALIMENTACION MES DE ENERO 2026 ITEM 22.01.001.002 HFCH50052 (ism),12,27693,2026-03-09
1057496-173-CM26,Adquisición vales de alimentación funcionarios Enero,12,27693,2026-03-09
1057500-771-SE24,SERVICIO DE BENEFICIO INSTITUCIONAL DE ALIMENTACIÓN DESDE 1057500-80-LR24,12,27693,2026-03-09
1057531-99-CM26,Carga Tarjetas Alimentación HRN febrero 2026 con Dcto ENERO 2026,4,27693,2026-03-09
1057532-207-CM26,F2-017-AVP//Adquisicion de Entrega de Beneficios Y Tarjetas de Beneficios Institucionales de Capacitación del Año 2026 para Funcionarios Ley 18834 .-,12,27693,2026-03-09
1057532-288-SE26,CC-RUA/Beneficio Alimentación Febrero 2026,12,27693,2026-03-09
1079967-80-CM26,Orden de Compra: 1079967-80-CM26 / ADQUISICION DE ALIMENTACION FISCAL DEL CAODI ZONA NORTE,4,27693,2026-03-09
1178410-13-CM26,03 TARJETA DE ALIMENTACIÓN -  1178410-13-CM26,12,27693,2026-03-09
1288-103-SE26,RECARGA TARJETA ALIMENTACION MARZO (VCC),12,27693,2026-03-09
1465-108-CM26,CM ALIMENTACIÓN FUNCIONARIA MES DE MARZO,12,27693,2026-03-09
1965-92-SE26,D.R -SERV. SALA CUNA MES FEBRERO,12,27693,2026-03-09
2021-8-CM26,DAG N°10000/01 la Gran Compra: 80535 RECARGA DE TARJETAS ALIMENTACION ,12,27693,2026-03-09
2202-330-CM26,Orden de Compra: 2202-330-CM26,12,27693,2026-03-09
3474-114-CM26,RECARGA DE TARJETA DE ALIMENTACION ASPOF DAC ESCUADRÓN EXTRAORDINARIO ,12,27693,2026-03-09
3679-87-CM26,POR LA COMPRA DE GIFTCARD DE CALZADO PARA FUNCIONARIOS DEL CESFAM DE SAN ESTEBAN,4,27693,2026-03-09
3787-6-CM26,CARGA BENEFICIO ALIMENTACIÓN FEBRERO,12,27693,2026-03-09
752-51-CM26,Vestuario y Calzados para funcionarios Administrativos y Conductores,9,27693,2026-03-09
752-52-CM26,Giftcard de Vestuario y Calzado para funcionarios Administrativos,4,27693,2026-03-09
837-111-SE26,SC 734 tarjetas Electronicas  ID 79925,12,27693,2026-03-09
881-36-CM26,"OC 881-36-CM26, ROPA TRABAJO GORE ANTOFAGASTA 2026",4,27693,2026-03-09
1057390-107-SE26,RECARGA ALIMENTACIÓN FUNCIONARIOS DSSAN-SAMU MARZO,12,27693,2026-03-09
1057420-116-CM26,CM- RECARGA DE TARJETAS DE ALIMENTACION MES DE ENERO 2026 ITEM 22.01.001.002 HFCH50052 (ism),12,27693,2026-03-09
1057496-173-CM26,Adquisición vales de alimentación funcionarios Enero,12,27693,2026-03-09
1057500-771-SE24,SERVICIO DE BENEFICIO INSTITUCIONAL DE ALIMENTACIÓN DESDE 1057500-80-LR24,12,27693,2026-03-09
1057531-99-CM26,Carga Tarjetas Alimentación HRN febrero 2026 con Dcto ENERO 2026,4,27693,2026-03-09
1057532-207-CM26,F2-017-AVP//Adquisicion de Entrega de Beneficios Y Tarjetas de Beneficios Institucionales de Capacitación del Año 2026 para Funcionarios Ley 18834 .-,12,27693,2026-03-09
1057532-288-SE26,CC-RUA/Beneficio Alimentación Febrero 2026,12,27693,2026-03-09
1079967-80-CM26,Orden de Compra: 1079967-80-CM26 / ADQUISICION DE ALIMENTACION FISCAL DEL CAODI ZONA NORTE,4,27693,2026-03-09
1178410-13-CM26,03 TARJETA DE ALIMENTACIÓN -  1178410-13-CM26,12,27693,2026-03-09
1288-103-SE26,RECARGA TARJETA ALIMENTACION MARZO (VCC),12,27693,2026-03-09
1465-108-CM26,CM ALIMENTACIÓN FUNCIONARIA MES DE MARZO,12,27693,2026-03-09
1965-92-SE26,D.R -SERV. SALA CUNA MES FEBRERO,12,27693,2026-03-09
2021-8-CM26,DAG N°10000/01 la Gran Compra: 80535 RECARGA DE TARJETAS ALIMENTACION ,12,27693,2026-03-09
2202-330-CM26,Orden de Compra: 2202-330-CM26,12,27693,2026-03-09
3474-114-CM26,RECARGA DE TARJETA DE ALIMENTACION ASPOF DAC ESCUADRÓN EXTRAORDINARIO ,12,27693,2026-03-09
3679-87-CM26,POR LA COMPRA DE GIFTCARD DE CALZADO PARA FUNCIONARIOS DEL CESFAM DE SAN ESTEBAN,4,27693,2026-03-09
3787-6-CM26,CARGA BENEFICIO ALIMENTACIÓN FEBRERO,12,27693,2026-03-09
752-51-CM26,Vestuario y Calzados para funcionarios Administrativos y Conductores,9,27693,2026-03-09
752-52-CM26,Giftcard de Vestuario y Calzado para funcionarios Administrativos,4,27693,2026-03-09
837-111-SE26,SC 734 tarjetas Electronicas  ID 79925,12,27693,2026-03-09
881-36-CM26,"OC 881-36-CM26, ROPA TRABAJO GORE ANTOFAGASTA 2026",4,27693,2026-03-09
1057390-107-SE26,RECARGA ALIMENTACIÓN FUNCIONARIOS DSSAN-SAMU MARZO,12,27693,2026-03-09
1057420-116-CM26,CM- RECARGA DE TARJETAS DE ALIMENTACION MES DE ENERO 2026 ITEM 22.01.001.002 HFCH50052 (ism),12,27693,2026-03-09
1057496-173-CM26,Adquisición vales de alimentación funcionarios Enero,12,27693,2026-03-09
1057500-771-SE24,SERVICIO DE BENEFICIO INSTITUCIONAL DE ALIMENTACIÓN DESDE 1057500-80-LR24,12,27693,2026-03-09
1057531-99-CM26,Carga Tarjetas Alimentación HRN febrero 2026 con Dcto ENERO 2026,4,27693,2026-03-09
1057532-207-CM26,F2-017-AVP//Adquisicion de Entrega de Beneficios Y Tarjetas de Beneficios Institucionales de Capacitación del Año 2026 para Funcionarios Ley 18834 .-,12,27693,2026-03-09
1057532-288-SE26,CC-RUA/Beneficio Alimentación Febrero 2026,12,27693,2026-03-09
1079967-77-CM26,Orden de Compra: 1079967-77-CM26 / Recarga alimentación Fiscal zona tarapacá.,6,27693,2026-03-09
1079967-80-CM26,Orden de Compra: 1079967-80-CM26 / ADQUISICION DE ALIMENTACION FISCAL DEL CAODI ZONA NORTE,4,27693,2026-03-09
1178410-13-CM26,03 TARJETA DE ALIMENTACIÓN -  1178410-13-CM26,12,27693,2026-03-09
1288-103-SE26,RECARGA TARJETA ALIMENTACION MARZO (VCC),12,27693,2026-03-09
1465-108-CM26,CM ALIMENTACIÓN FUNCIONARIA MES DE MARZO,12,27693,2026-03-09
1663-172-CM26,Orden de Compra: 1663-172-CM26,4,27693,2026-03-09
1691-448-CM26,CAGM- SOL. EXTRAORDINARIA N°1118/2026 DE SUBDIRECCION DE GESTION DE LAS PERSONAS,6,27693,2026-03-09
1965-92-SE26,D.R -SERV. SALA CUNA MES FEBRERO,12,27693,2026-03-09
2021-8-CM26,DAG N°10000/01 la Gran Compra: 80535 RECARGA DE TARJETAS ALIMENTACION ,12,27693,2026-03-09
2115-185-SE26,SERV. SALA CUNA - 02/2026,4,27693,2026-03-09
2115-186-SE26,ADMIN. SALA CUNA - 02/2026,4,27693,2026-03-09
2202-330-CM26,Orden de Compra: 2202-330-CM26,12,27693,2026-03-09
3474-114-CM26,RECARGA DE TARJETA DE ALIMENTACION ASPOF DAC ESCUADRÓN EXTRAORDINARIO ,12,27693,2026-03-09
3679-87-CM26,POR LA COMPRA DE GIFTCARD DE CALZADO PARA FUNCIONARIOS DEL CESFAM DE SAN ESTEBAN,4,27693,2026-03-09
3787-6-CM26,CARGA BENEFICIO ALIMENTACIÓN FEBRERO,12,27693,2026-03-09
5052-255-SE26,CM/2201001002/TARJETAS DE ALIMENTACIÓN GRAN COMPRA/FEBRERO,4,27693,2026-03-09
752-51-CM26,Vestuario y Calzados para funcionarios Administrativos y Conductores,9,27693,2026-03-09
752-52-CM26,Giftcard de Vestuario y Calzado para funcionarios Administrativos,4,27693,2026-03-09
837-111-SE26,SC 734 tarjetas Electronicas  ID 79925,12,27693,2026-03-09
881-36-CM26,"OC 881-36-CM26, ROPA TRABAJO GORE ANTOFAGASTA 2026",6,27693,2026-03-09
1057390-107-SE26,RECARGA ALIMENTACIÓN FUNCIONARIOS DSSAN-SAMU MARZO,12,27693,2026-03-09
1057420-116-CM26,CM- RECARGA DE TARJETAS DE ALIMENTACION MES DE ENERO 2026 ITEM 22.01.001.002 HFCH50052 (ism),12,27693,2026-03-09
1057461-344-CM26,CARGA TARJETA FUNCIONARIOS TRANSITORIOS MES DE FEBRERO 2026,4,27693,2026-03-09
1057496-173-CM26,Adquisición vales de alimentación funcionarios Enero,12,27693,2026-03-09
1057500-771-SE24,SERVICIO DE BENEFICIO INSTITUCIONAL DE ALIMENTACIÓN DESDE 1057500-80-LR24,12,27693,2026-03-09
1057508-1342-SE26,RECARGA MASIVA MES DE MARZO 2026,12,27693,2026-03-09
1057531-99-CM26,Carga Tarjetas Alimentación HRN febrero 2026 con Dcto ENERO 2026,4,27693,2026-03-09
1057532-207-CM26,F2-017-AVP//Adquisicion de Entrega de Beneficios Y Tarjetas de Beneficios Institucionales de Capacitación del Año 2026 para Funcionarios Ley 18834 .-,12,27693,2026-03-09
1057532-288-SE26,CC-RUA/Beneficio Alimentación Febrero 2026,12,27693,2026-03-09
1079967-77-CM26,Orden de Compra: 1079967-77-CM26 / Recarga alimentación Fiscal zona tarapacá.,6,27693,2026-03-09
1079967-80-CM26,Orden de Compra: 1079967-80-CM26 / ADQUISICION DE ALIMENTACION FISCAL DEL CAODI ZONA NORTE,6,27693,2026-03-09
1178410-13-CM26,03 TARJETA DE ALIMENTACIÓN -  1178410-13-CM26,12,27693,2026-03-09
1214069-8-CM26,Compra de Giftcards para los Socios del Servicio de Bienestar del Departamento de Salud,6,27693,2026-03-09
1288-103-SE26,RECARGA TARJETA ALIMENTACION MARZO (VCC),12,27693,2026-03-09
1436733-1-CM26,ADQUISICIÓN DE GIFT CARD,12,27693,2026-03-09
1465-108-CM26,CM ALIMENTACIÓN FUNCIONARIA MES DE MARZO,12,27693,2026-03-09
1663-172-CM26,Orden de Compra: 1663-172-CM26,4,27693,2026-03-09
1691-448-CM26,CAGM- SOL. EXTRAORDINARIA N°1118/2026 DE SUBDIRECCION DE GESTION DE LAS PERSONAS,6,27693,2026-03-09
1953-85-SE26,"501 SERVICIO ADM. SALAS CUNAS REGIÓN VALPO, FEBRERO 2026",12,27693,2026-03-09
1965-92-SE26,D.R -SERV. SALA CUNA MES FEBRERO,12,27693,2026-03-09
2021-8-CM26,DAG N°10000/01 la Gran Compra: 80535 RECARGA DE TARJETAS ALIMENTACION ,12,27693,2026-03-09
2103-150-CM26,"ALIMENTACION FUNCIONARIOS, MES DE FEBRERO 2026",6,27693,2026-03-09
2115-185-SE26,SERV. SALA CUNA - 02/2026,4,27693,2026-03-09
2115-186-SE26,ADMIN. SALA CUNA - 02/2026,4,27693,2026-03-09
2202-330-CM26,Orden de Compra: 2202-330-CM26,12,27693,2026-03-09
3326-71-CM26,ADQUISICIÒN DE CARGAS DE TARJETAS DE ALIMENTACIÒN MES DE ENERO 2026 O.DE COMPRA  3326-71-CM26,12,27693,2026-03-09
3439-26-CM26,RECARGAS TARJETAS ALIMENTACION DEPTO. L.4. (MARZO),4,27693,2026-03-09
3446-36-CM26,"22 01 001 ""PARA PERSONAS"" CC1100070012. ",4,27693,2026-03-09
3474-114-CM26,RECARGA DE TARJETA DE ALIMENTACION ASPOF DAC ESCUADRÓN EXTRAORDINARIO ,12,27693,2026-03-09
3483-64-CM26,OA ADQUISICIÓN DE TARJETAS DE ALIMENTACIÓN PERSONAL DESPLEGADO MZS ARAUCANIA,4,27693,2026-03-09
3679-87-CM26,POR LA COMPRA DE GIFTCARD DE CALZADO PARA FUNCIONARIOS DEL CESFAM DE SAN ESTEBAN,4,27693,2026-03-09
3787-6-CM26,CARGA BENEFICIO ALIMENTACIÓN FEBRERO,12,27693,2026-03-09
5052-255-SE26,CM/2201001002/TARJETAS DE ALIMENTACIÓN GRAN COMPRA/FEBRERO,4,27693,2026-03-09
5194-41-CM26,Recarga Tarjeta de Alimentación funcionarios B. S. DE C. DE VIDA REGIONAL ÑUBLE,4,27693,2026-03-09
5240-20-CM26,RECARGA DE 420 RACIONES ($3.000 C/U) DE ALIMENTACIÓN FISCAL CORRESPONDIENTE AL MES DE ENERO 2026,12,27693,2026-03-09
539119-745-CM26,RECARGAS DE ALIMENTACIÓN PARA LA DIRECCIÓN DE BIENESTAR DE CARABINEROS CORRESPONDIENTE AL MES DE FEBRERO DE 2026,4,27693,2026-03-09
626788-6-CM26,Adquisición de recarga de tarjetas de alimentación. FONDOS PRESUPUESTARIOS,12,27693,2026-03-09
707422-22-SE26,CARGA 3 EDENRED FEBRERO  2026,12,27693,2026-03-09
707422-26-SE26,CARGA EDENRED MARZO 2026,12,27693,2026-03-09
752-51-CM26,Vestuario y Calzados para funcionarios Administrativos y Conductores,9,27693,2026-03-09
752-52-CM26,Giftcard de Vestuario y Calzado para funcionarios Administrativos,4,27693,2026-03-09
837-111-SE26,SC 734 tarjetas Electronicas  ID 79925,12,27693,2026-03-09
881-36-CM26,"OC 881-36-CM26, ROPA TRABAJO GORE ANTOFAGASTA 2026",6,27693,2026-03-09
1057390-107-SE26,RECARGA ALIMENTACIÓN FUNCIONARIOS DSSAN-SAMU MARZO,12,27693,2026-03-09
1057420-116-CM26,CM- RECARGA DE TARJETAS DE ALIMENTACION MES DE ENERO 2026 ITEM 22.01.001.002 HFCH50052 (ism),12,27693,2026-03-09
1057461-344-CM26,CARGA TARJETA FUNCIONARIOS TRANSITORIOS MES DE FEBRERO 2026,4,27693,2026-03-09
1057496-173-CM26,Adquisición vales de alimentación funcionarios Enero,12,27693,2026-03-09
1057500-771-SE24,SERVICIO DE BENEFICIO INSTITUCIONAL DE ALIMENTACIÓN DESDE 1057500-80-LR24,12,27693,2026-03-09
1057508-1342-SE26,RECARGA MASIVA MES DE MARZO 2026,12,27693,2026-03-09
1057531-99-CM26,Carga Tarjetas Alimentación HRN febrero 2026 con Dcto ENERO 2026,4,27693,2026-03-09
1057532-207-CM26,F2-017-AVP//Adquisicion de Entrega de Beneficios Y Tarjetas de Beneficios Institucionales de Capacitación del Año 2026 para Funcionarios Ley 18834 .-,12,27693,2026-03-09
1057532-288-SE26,CC-RUA/Beneficio Alimentación Febrero 2026,12,27693,2026-03-09
1075337-7274-CM26,rvv Compra Recarga tarjetas Alimentación funcionarios diurnos Marzo 2026,4,27693,2026-03-09
1079967-77-CM26,Orden de Compra: 1079967-77-CM26 / Recarga alimentación Fiscal zona tarapacá.,6,27693,2026-03-09
1079967-80-CM26,Orden de Compra: 1079967-80-CM26 / ADQUISICION DE ALIMENTACION FISCAL DEL CAODI ZONA NORTE,6,27693,2026-03-09
1080089-156-SE26,Adm. Sala Cuna FEB 2026 COM - 1080089-62-LQ24,6,27693,2026-03-09
1080089-157-SE26,Adm. Sala FEB 2026 - 1080089-62-LQ24,6,27693,2026-03-09
1178410-13-CM26,03 TARJETA DE ALIMENTACIÓN -  1178410-13-CM26,12,27693,2026-03-09
1214069-8-CM26,Compra de Giftcards para los Socios del Servicio de Bienestar del Departamento de Salud,6,27693,2026-03-09
1288-103-SE26,RECARGA TARJETA ALIMENTACION MARZO (VCC),12,27693,2026-03-09
1436733-1-CM26,ADQUISICIÓN DE GIFT CARD,12,27693,2026-03-09
1465-108-CM26,CM ALIMENTACIÓN FUNCIONARIA MES DE MARZO,12,27693,2026-03-09
1663-172-CM26,Orden de Compra: 1663-172-CM26,4,27693,2026-03-09
1691-448-CM26,CAGM- SOL. EXTRAORDINARIA N°1118/2026 DE SUBDIRECCION DE GESTION DE LAS PERSONAS,6,27693,2026-03-09
1953-85-SE26,"501 SERVICIO ADM. SALAS CUNAS REGIÓN VALPO, FEBRERO 2026",12,27693,2026-03-09
1965-92-SE26,D.R -SERV. SALA CUNA MES FEBRERO,12,27693,2026-03-09
2021-8-CM26,DAG N°10000/01 la Gran Compra: 80535 RECARGA DE TARJETAS ALIMENTACION ,12,27693,2026-03-09
2103-150-CM26,"ALIMENTACION FUNCIONARIOS, MES DE FEBRERO 2026",6,27693,2026-03-09
2115-185-SE26,SERV. SALA CUNA - 02/2026,6,27693,2026-03-09
2115-186-SE26,ADMIN. SALA CUNA - 02/2026,6,27693,2026-03-09
2202-330-CM26,Orden de Compra: 2202-330-CM26,12,27693,2026-03-09
3326-71-CM26,ADQUISICIÒN DE CARGAS DE TARJETAS DE ALIMENTACIÒN MES DE ENERO 2026 O.DE COMPRA  3326-71-CM26,12,27693,2026-03-09
3439-26-CM26,RECARGAS TARJETAS ALIMENTACION DEPTO. L.4. (MARZO),4,27693,2026-03-09
3439-7-CM26,RECARGAS TARJETAS ALIMENTACION DEPTO. L.4. (FEBRERO),12,27693,2026-03-09
3446-36-CM26,"22 01 001 ""PARA PERSONAS"" CC1100070012. ",4,27693,2026-03-09
3474-114-CM26,RECARGA DE TARJETA DE ALIMENTACION ASPOF DAC ESCUADRÓN EXTRAORDINARIO ,12,27693,2026-03-09
3483-64-CM26,OA ADQUISICIÓN DE TARJETAS DE ALIMENTACIÓN PERSONAL DESPLEGADO MZS ARAUCANIA,4,27693,2026-03-09
3679-87-CM26,POR LA COMPRA DE GIFTCARD DE CALZADO PARA FUNCIONARIOS DEL CESFAM DE SAN ESTEBAN,4,27693,2026-03-09
3787-6-CM26,CARGA BENEFICIO ALIMENTACIÓN FEBRERO,12,27693,2026-03-09
5052-255-SE26,CM/2201001002/TARJETAS DE ALIMENTACIÓN GRAN COMPRA/FEBRERO,6,27693,2026-03-09
5178-4513-SE25,SERVICIO SALA CUNA (SP 1016509),12,27693,2026-03-09
5194-41-CM26,Recarga Tarjeta de Alimentación funcionarios B. S. DE C. DE VIDA REGIONAL ÑUBLE,4,27693,2026-03-09
5240-20-CM26,RECARGA DE 420 RACIONES ($3.000 C/U) DE ALIMENTACIÓN FISCAL CORRESPONDIENTE AL MES DE ENERO 2026,12,27693,2026-03-09
539119-745-CM26,RECARGAS DE ALIMENTACIÓN PARA LA DIRECCIÓN DE BIENESTAR DE CARABINEROS CORRESPONDIENTE AL MES DE FEBRERO DE 2026,4,27693,2026-03-09
626788-6-CM26,Adquisición de recarga de tarjetas de alimentación. FONDOS PRESUPUESTARIOS,12,27693,2026-03-09
707422-22-SE26,CARGA 3 EDENRED FEBRERO  2026,12,27693,2026-03-09
707422-26-SE26,CARGA EDENRED MARZO 2026,12,27693,2026-03-09
752-51-CM26,Vestuario y Calzados para funcionarios Administrativos y Conductores,9,27693,2026-03-09
752-52-CM26,Giftcard de Vestuario y Calzado para funcionarios Administrativos,6,27693,2026-03-09
837-111-SE26,SC 734 tarjetas Electronicas  ID 79925,12,27693,2026-03-09
881-36-CM26,"OC 881-36-CM26, ROPA TRABAJO GORE ANTOFAGASTA 2026",6,27693,2026-03-09
885-174-SE26,Tarjetas de alimentación 2026,6,27693,2026-03-09
1057496-173-CM26,Adquisición vales de alimentación funcionarios Enero,12,27693,2026-03-09
1465-108-CM26,CM ALIMENTACIÓN FUNCIONARIA MES DE MARZO,12,27693,2026-03-09
2115-186-SE26,ADMIN. SALA CUNA - 02/2026,6,27693,2026-03-09
3326-71-CM26,ADQUISICIÒN DE CARGAS DE TARJETAS DE ALIMENTACIÒN MES DE ENERO 2026 O.DE COMPRA  3326-71-CM26,12,27693,2026-03-09
1057508-1342-SE26,RECARGA MASIVA MES DE MARZO 2026,12,27693,2026-03-09
1663-172-CM26,Orden de Compra: 1663-172-CM26,4,27693,2026-03-09
1079967-77-CM26,Orden de Compra: 1079967-77-CM26 / Recarga alimentación Fiscal zona tarapacá.,6,27693,2026-03-09
1214069-8-CM26,Compra de Giftcards para los Socios del Servicio de Bienestar del Departamento de Salud,6,27693,2026-03-09
5240-20-CM26,RECARGA DE 420 RACIONES ($3.000 C/U) DE ALIMENTACIÓN FISCAL CORRESPONDIENTE AL MES DE ENERO 2026,12,27693,2026-03-09
881-36-CM26,"OC 881-36-CM26, ROPA TRABAJO GORE ANTOFAGASTA 2026",6,27693,2026-03-09
1057390-107-SE26,RECARGA ALIMENTACIÓN FUNCIONARIOS DSSAN-SAMU MARZO,12,27693,2026-03-09
5194-41-CM26,Recarga Tarjeta de Alimentación funcionarios B. S. DE C. DE VIDA REGIONAL ÑUBLE,4,27693,2026-03-09
1057532-207-CM26,F2-017-AVP//Adquisicion de Entrega de Beneficios Y Tarjetas de Beneficios Institucionales de Capacitación del Año 2026 para Funcionarios Ley 18834 .-,12,27693,2026-03-09
1075337-7274-CM26,rvv Compra Recarga tarjetas Alimentación funcionarios diurnos Marzo 2026,4,27693,2026-03-09
1953-85-SE26,"501 SERVICIO ADM. SALAS CUNAS REGIÓN VALPO, FEBRERO 2026",12,27693,2026-03-09
3439-26-CM26,RECARGAS TARJETAS ALIMENTACION DEPTO. L.4. (MARZO),4,27693,2026-03-09
752-51-CM26,Vestuario y Calzados para funcionarios Administrativos y Conductores,9,27693,2026-03-09
1080089-156-SE26,Adm. Sala Cuna FEB 2026 COM - 1080089-62-LQ24,6,27693,2026-03-09
1288-103-SE26,RECARGA TARJETA ALIMENTACION MARZO (VCC),12,27693,2026-03-09
1965-92-SE26,D.R -SERV. SALA CUNA MES FEBRERO,12,27693,2026-03-09
837-111-SE26,SC 734 tarjetas Electronicas  ID 79925,12,27693,2026-03-09
1691-448-CM26,CAGM- SOL. EXTRAORDINARIA N°1118/2026 DE SUBDIRECCION DE GESTION DE LAS PERSONAS,6,27693,2026-03-09
2021-8-CM26,DAG N°10000/01 la Gran Compra: 80535 RECARGA DE TARJETAS ALIMENTACION ,12,27693,2026-03-09
3679-87-CM26,POR LA COMPRA DE GIFTCARD DE CALZADO PARA FUNCIONARIOS DEL CESFAM DE SAN ESTEBAN,4,27693,2026-03-09
707422-26-SE26,CARGA EDENRED MARZO 2026,12,27693,2026-03-09
1057531-99-CM26,Carga Tarjetas Alimentación HRN febrero 2026 con Dcto ENERO 2026,4,27693,2026-03-09
2103-150-CM26,"ALIMENTACION FUNCIONARIOS, MES DE FEBRERO 2026",6,27693,2026-03-09
3787-6-CM26,CARGA BENEFICIO ALIMENTACIÓN FEBRERO,12,27693,2026-03-09
707422-22-SE26,CARGA 3 EDENRED FEBRERO  2026,12,27693,2026-03-09
1057461-344-CM26,CARGA TARJETA FUNCIONARIOS TRANSITORIOS MES DE FEBRERO 2026,4,27693,2026-03-09
2202-330-CM26,Orden de Compra: 2202-330-CM26,12,27693,2026-03-09
5052-255-SE26,CM/2201001002/TARJETAS DE ALIMENTACIÓN GRAN COMPRA/FEBRERO,6,27693,2026-03-09
1436733-1-CM26,ADQUISICIÓN DE GIFT CARD,12,27693,2026-03-09
626788-6-CM26,Adquisición de recarga de tarjetas de alimentación. FONDOS PRESUPUESTARIOS,12,27693,2026-03-09
1178410-13-CM26,03 TARJETA DE ALIMENTACIÓN -  1178410-13-CM26,12,27693,2026-03-09
3483-64-CM26,OA ADQUISICIÓN DE TARJETAS DE ALIMENTACIÓN PERSONAL DESPLEGADO MZS ARAUCANIA,4,27693,2026-03-09
1079967-80-CM26,Orden de Compra: 1079967-80-CM26 / ADQUISICION DE ALIMENTACION FISCAL DEL CAODI ZONA NORTE,6,27693,2026-03-09
2115-185-SE26,SERV. SALA CUNA - 02/2026,6,27693,2026-03-09
5178-4513-SE25,SERVICIO SALA CUNA (SP 1016509),12,27693,2026-03-09
1057420-116-CM26,CM- RECARGA DE TARJETAS DE ALIMENTACION MES DE ENERO 2026 ITEM 22.01.001.002 HFCH50052 (ism),12,27693,2026-03-09
1057500-771-SE24,SERVICIO DE BENEFICIO INSTITUCIONAL DE ALIMENTACIÓN DESDE 1057500-80-LR24,12,27693,2026-03-09
1057532-288-SE26,CC-RUA/Beneficio Alimentación Febrero 2026,12,27693,2026-03-09
1080089-157-SE26,Adm. Sala FEB 2026 - 1080089-62-LQ24,6,27693,2026-03-09
3439-7-CM26,RECARGAS TARJETAS ALIMENTACION DEPTO. L.4. (FEBRERO),12,27693,2026-03-09
3446-36-CM26,"22 01 001 ""PARA PERSONAS"" CC1100070012. ",4,27693,2026-03-09
3474-114-CM26,RECARGA DE TARJETA DE ALIMENTACION ASPOF DAC ESCUADRÓN EXTRAORDINARIO ,12,27693,2026-03-09
752-52-CM26,Giftcard de Vestuario y Calzado para funcionarios Administrativos,6,27693,2026-03-09
885-174-SE26,Tarjetas de alimentación 2026,6,27693,2026-03-09
539119-745-CM26,RECARGAS DE ALIMENTACIÓN PARA LA DIRECCIÓN DE BIENESTAR DE CARABINEROS CORRESPONDIENTE AL MES DE FEBRERO DE 2026,4,27693,2026-03-09
1080089-156-SE26,Adm. Sala Cuna FEB 2026 COM - 1080089-62-LQ24,6,27693,2026-03-09
1288-103-SE26,RECARGA TARJETA ALIMENTACION MARZO (VCC),12,27693,2026-03-09
1965-92-SE26,D.R -SERV. SALA CUNA MES FEBRERO,12,27693,2026-03-09
837-111-SE26,SC 734 tarjetas Electronicas  ID 79925,12,27693,2026-03-09
1057531-99-CM26,Carga Tarjetas Alimentación HRN febrero 2026 con Dcto ENERO 2026,4,27693,2026-03-09
2103-150-CM26,"ALIMENTACION FUNCIONARIOS, MES DE FEBRERO 2026",6,27693,2026-03-09
1057532-207-CM26,F2-017-AVP//Adquisicion de Entrega de Beneficios Y Tarjetas de Beneficios Institucionales de Capacitación del Año 2026 para Funcionarios Ley 18834 .-,12,27693,2026-03-09
1075337-7274-CM26,rvv Compra Recarga tarjetas Alimentación funcionarios diurnos Marzo 2026,4,27693,2026-03-09
1953-85-SE26,"501 SERVICIO ADM. SALAS CUNAS REGIÓN VALPO, FEBRERO 2026",12,27693,2026-03-09
3439-26-CM26,RECARGAS TARJETAS ALIMENTACION DEPTO. L.4. (MARZO),4,27693,2026-03-09
752-51-CM26,Vestuario y Calzados para funcionarios Administrativos y Conductores,9,27693,2026-03-09
1178410-13-CM26,03 TARJETA DE ALIMENTACIÓN -  1178410-13-CM26,12,27693,2026-03-09
3483-64-CM26,OA ADQUISICIÓN DE TARJETAS DE ALIMENTACIÓN PERSONAL DESPLEGADO MZS ARAUCANIA,4,27693,2026-03-09
1057461-344-CM26,CARGA TARJETA FUNCIONARIOS TRANSITORIOS MES DE FEBRERO 2026,4,27693,2026-03-09
2202-330-CM26,Orden de Compra: 2202-330-CM26,12,27693,2026-03-09
5052-255-SE26,CM/2201001002/TARJETAS DE ALIMENTACIÓN GRAN COMPRA/FEBRERO,6,27693,2026-03-09
1436733-1-CM26,ADQUISICIÓN DE GIFT CARD,12,27693,2026-03-09
626788-6-CM26,Adquisición de recarga de tarjetas de alimentación. FONDOS PRESUPUESTARIOS,12,27693,2026-03-09
1079967-80-CM26,Orden de Compra: 1079967-80-CM26 / ADQUISICION DE ALIMENTACION FISCAL DEL CAODI ZONA NORTE,6,27693,2026-03-09
2115-185-SE26,SERV. SALA CUNA - 02/2026,6,27693,2026-03-09
5178-4513-SE25,SERVICIO SALA CUNA (SP 1016509),12,27693,2026-03-09
1057390-107-SE26,RECARGA ALIMENTACIÓN FUNCIONARIOS DSSAN-SAMU MARZO,12,27693,2026-03-09
5194-41-CM26,Recarga Tarjeta de Alimentación funcionarios B. S. DE C. DE VIDA REGIONAL ÑUBLE,4,27693,2026-03-09
2115-186-SE26,ADMIN. SALA CUNA - 02/2026,6,27693,2026-03-09
3326-71-CM26,ADQUISICIÒN DE CARGAS DE TARJETAS DE ALIMENTACIÒN MES DE ENERO 2026 O.DE COMPRA  3326-71-CM26,12,27693,2026-03-09
1057496-173-CM26,Adquisición vales de alimentación funcionarios Enero,12,27693,2026-03-09
1465-108-CM26,CM ALIMENTACIÓN FUNCIONARIA MES DE MARZO,12,27693,2026-03-09
3787-6-CM26,CARGA BENEFICIO ALIMENTACIÓN FEBRERO,12,27693,2026-03-09
707422-22-SE26,CARGA 3 EDENRED FEBRERO  2026,12,27693,2026-03-09
1057508-1342-SE26,RECARGA MASIVA MES DE MARZO 2026,12,27693,2026-03-09
1663-172-CM26,Orden de Compra: 1663-172-CM26,4,27693,2026-03-09
1057420-116-CM26,CM- RECARGA DE TARJETAS DE ALIMENTACION MES DE ENERO 2026 ITEM 22.01.001.002 HFCH50052 (ism),12,27693,2026-03-09
1057500-771-SE24,SERVICIO DE BENEFICIO INSTITUCIONAL DE ALIMENTACIÓN DESDE 1057500-80-LR24,12,27693,2026-03-09
1057532-288-SE26,CC-RUA/Beneficio Alimentación Febrero 2026,12,27693,2026-03-09
1080089-157-SE26,Adm. Sala FEB 2026 - 1080089-62-LQ24,6,27693,2026-03-09
3439-7-CM26,RECARGAS TARJETAS ALIMENTACION DEPTO. L.4. (FEBRERO),12,27693,2026-03-09
3446-36-CM26,"22 01 001 ""PARA PERSONAS"" CC1100070012. ",4,27693,2026-03-09
3474-114-CM26,RECARGA DE TARJETA DE ALIMENTACION ASPOF DAC ESCUADRÓN EXTRAORDINARIO ,12,27693,2026-03-09
752-52-CM26,Giftcard de Vestuario y Calzado para funcionarios Administrativos,6,27693,2026-03-09
885-174-SE26,Tarjetas de alimentación 2026,6,27693,2026-03-09
539119-745-CM26,RECARGAS DE ALIMENTACIÓN PARA LA DIRECCIÓN DE BIENESTAR DE CARABINEROS CORRESPONDIENTE AL MES DE FEBRERO DE 2026,4,27693,2026-03-09
1079967-77-CM26,Orden de Compra: 1079967-77-CM26 / Recarga alimentación Fiscal zona tarapacá.,6,27693,2026-03-09
1214069-8-CM26,Compra de Giftcards para los Socios del Servicio de Bienestar del Departamento de Salud,6,27693,2026-03-09
5240-20-CM26,RECARGA DE 420 RACIONES ($3.000 C/U) DE ALIMENTACIÓN FISCAL CORRESPONDIENTE AL MES DE ENERO 2026,12,27693,2026-03-09
881-36-CM26,"OC 881-36-CM26, ROPA TRABAJO GORE ANTOFAGASTA 2026",6,27693,2026-03-09
1691-448-CM26,CAGM- SOL. EXTRAORDINARIA N°1118/2026 DE SUBDIRECCION DE GESTION DE LAS PERSONAS,6,27693,2026-03-09
2021-8-CM26,DAG N°10000/01 la Gran Compra: 80535 RECARGA DE TARJETAS ALIMENTACION ,12,27693,2026-03-09
3679-87-CM26,POR LA COMPRA DE GIFTCARD DE CALZADO PARA FUNCIONARIOS DEL CESFAM DE SAN ESTEBAN,4,27693,2026-03-09
707422-26-SE26,CARGA EDENRED MARZO 2026,12,27693,2026-03-09
1057531-99-CM26,Carga Tarjetas Alimentación HRN febrero 2026 con Dcto ENERO 2026,4,27693,2026-03-09
2103-150-CM26,"ALIMENTACION FUNCIONARIOS, MES DE FEBRERO 2026",6,27693,2026-03-09
539119-745-CM26,RECARGAS DE ALIMENTACIÓN PARA LA DIRECCIÓN DE BIENESTAR DE CARABINEROS CORRESPONDIENTE AL MES DE FEBRERO DE 2026,4,27693,2026-03-09
1057508-1342-SE26,RECARGA MASIVA MES DE MARZO 2026,12,27693,2026-03-09
1663-172-CM26,Orden de Compra: 1663-172-CM26,4,27693,2026-03-09
1079967-77-CM26,Orden de Compra: 1079967-77-CM26 / Recarga alimentación Fiscal zona tarapacá.,6,27693,2026-03-09
1214069-8-CM26,Compra de Giftcards para los Socios del Servicio de Bienestar del Departamento de Salud,6,27693,2026-03-09
5240-20-CM26,RECARGA DE 420 RACIONES ($3.000 C/U) DE ALIMENTACIÓN FISCAL CORRESPONDIENTE AL MES DE ENERO 2026,12,27693,2026-03-09
881-36-CM26,"OC 881-36-CM26, ROPA TRABAJO GORE ANTOFAGASTA 2026",6,27693,2026-03-09
1057390-107-SE26,RECARGA ALIMENTACIÓN FUNCIONARIOS DSSAN-SAMU MARZO,12,27693,2026-03-09
5194-41-CM26,Recarga Tarjeta de Alimentación funcionarios B. S. DE C. DE VIDA REGIONAL ÑUBLE,4,27693,2026-03-09
1691-448-CM26,CAGM- SOL. EXTRAORDINARIA N°1118/2026 DE SUBDIRECCION DE GESTION DE LAS PERSONAS,6,27693,2026-03-09
2021-8-CM26,DAG N°10000/01 la Gran Compra: 80535 RECARGA DE TARJETAS ALIMENTACION ,12,27693,2026-03-09
3679-87-CM26,POR LA COMPRA DE GIFTCARD DE CALZADO PARA FUNCIONARIOS DEL CESFAM DE SAN ESTEBAN,4,27693,2026-03-09
707422-26-SE26,CARGA EDENRED MARZO 2026,12,27693,2026-03-09
1436733-1-CM26,ADQUISICIÓN DE GIFT CARD,12,27693,2026-03-09
626788-6-CM26,Adquisición de recarga de tarjetas de alimentación. FONDOS PRESUPUESTARIOS,12,27693,2026-03-09
1057461-344-CM26,CARGA TARJETA FUNCIONARIOS TRANSITORIOS MES DE FEBRERO 2026,4,27693,2026-03-09
2202-330-CM26,Orden de Compra: 2202-330-CM26,12,27693,2026-03-09
5052-255-SE26,CM/2201001002/TARJETAS DE ALIMENTACIÓN GRAN COMPRA/FEBRERO,6,27693,2026-03-09
1079967-80-CM26,Orden de Compra: 1079967-80-CM26 / ADQUISICION DE ALIMENTACION FISCAL DEL CAODI ZONA NORTE,6,27693,2026-03-09
2115-185-SE26,SERV. SALA CUNA - 02/2026,6,27693,2026-03-09
5178-4513-SE25,SERVICIO SALA CUNA (SP 1016509),12,27693,2026-03-09
1057496-173-CM26,Adquisición vales de alimentación funcionarios Enero,12,27693,2026-03-09
1465-108-CM26,CM ALIMENTACIÓN FUNCIONARIA MES DE MARZO,12,27693,2026-03-09
1080089-156-SE26,Adm. Sala Cuna FEB 2026 COM - 1080089-62-LQ24,6,27693,2026-03-09
1288-103-SE26,RECARGA TARJETA ALIMENTACION MARZO (VCC),12,27693,2026-03-09
1965-92-SE26,D.R -SERV. SALA CUNA MES FEBRERO,12,27693,2026-03-09
837-111-SE26,SC 734 tarjetas Electronicas  ID 79925,12,27693,2026-03-09
1057420-116-CM26,CM- RECARGA DE TARJETAS DE ALIMENTACION MES DE ENERO 2026 ITEM 22.01.001.002 HFCH50052 (ism),12,27693,2026-03-09
1057500-771-SE24,SERVICIO DE BENEFICIO INSTITUCIONAL DE ALIMENTACIÓN DESDE 1057500-80-LR24,12,27693,2026-03-09
1057532-288-SE26,CC-RUA/Beneficio Alimentación Febrero 2026,12,27693,2026-03-09
1080089-157-SE26,Adm. Sala FEB 2026 - 1080089-62-LQ24,6,27693,2026-03-09
3439-7-CM26,RECARGAS TARJETAS ALIMENTACION DEPTO. L.4. (FEBRERO),12,27693,2026-03-09
3446-36-CM26,"22 01 001 ""PARA PERSONAS"" CC1100070012. ",4,27693,2026-03-09
3474-114-CM26,RECARGA DE TARJETA DE ALIMENTACION ASPOF DAC ESCUADRÓN EXTRAORDINARIO ,12,27693,2026-03-09
752-52-CM26,Giftcard de Vestuario y Calzado para funcionarios Administrativos,6,27693,2026-03-09
885-174-SE26,Tarjetas de alimentación 2026,6,27693,2026-03-09
2115-186-SE26,ADMIN. SALA CUNA - 02/2026,6,27693,2026-03-09
3326-71-CM26,ADQUISICIÒN DE CARGAS DE TARJETAS DE ALIMENTACIÒN MES DE ENERO 2026 O.DE COMPRA  3326-71-CM26,12,27693,2026-03-09
1178410-13-CM26,03 TARJETA DE ALIMENTACIÓN -  1178410-13-CM26,12,27693,2026-03-09
3483-64-CM26,OA ADQUISICIÓN DE TARJETAS DE ALIMENTACIÓN PERSONAL DESPLEGADO MZS ARAUCANIA,4,27693,2026-03-09
3787-6-CM26,CARGA BENEFICIO ALIMENTACIÓN FEBRERO,12,27693,2026-03-09
707422-22-SE26,CARGA 3 EDENRED FEBRERO  2026,12,27693,2026-03-09
1057532-207-CM26,F2-017-AVP//Adquisicion de Entrega de Beneficios Y Tarjetas de Beneficios Institucionales de Capacitación del Año 2026 para Funcionarios Ley 18834 .-,12,27693,2026-03-09
1075337-7274-CM26,rvv Compra Recarga tarjetas Alimentación funcionarios diurnos Marzo 2026,4,27693,2026-03-09
1953-85-SE26,"501 SERVICIO ADM. SALAS CUNAS REGIÓN VALPO, FEBRERO 2026",12,27693,2026-03-09
3439-26-CM26,RECARGAS TARJETAS ALIMENTACION DEPTO. L.4. (MARZO),4,27693,2026-03-09
752-51-CM26,Vestuario y Calzados para funcionarios Administrativos y Conductores,9,27693,2026-03-09
5360-78-CM26,Orden de Compra: 5360-78-CM26,4,27693,2026-03-10
956-1222-CM25,"Gran Compra 78269, Calidad de Vida, Res. 3910",12,27693,2026-03-10
1057414-207-SE26,CS-  ADM. DE BENEFICIO DE ALIMENTACIÓN PARA EL SS.BB. (CARGA DEL MES MARZO 2026) - BDSS199764- ÍTEM 22.01.001.002 - REQ.1 - (joy),4,27693,2026-03-10
1079505-78-CM26,RECARGA DE ALIMENTACIÓN FISCAL MES DE MARZO,4,27693,2026-03-10
1353712-10-CM26,"Beneficio Institucional categoría Calzado y vestuario, Dirección Regional de Ñuble 2026",4,27693,2026-03-10
1556-65-CM26,Orden de Compra: 1556-65-CM26,12,27693,2026-03-10
2046-93-CM26,Orden de Compra: 2046-93-CM26,4,27693,2026-03-10
2115-81-SE26,ADMIN. SALA CUNA - 12.2025,12,27693,2026-03-10
5360-78-CM26,Orden de Compra: 5360-78-CM26,4,27693,2026-03-10
621923-6-CM26,Orden de Compra: 621923-6-CM26,4,27693,2026-03-10
635-197-CM26,ADMINISTRACION BENEFICIO DE ALIMENTACION,12,27693,2026-03-10
898-844-CM26,recarga tarjeta de alimentacion,4,27693,2026-03-10
956-1222-CM25,"Gran Compra 78269, Calidad de Vida, Res. 3910",12,27693,2026-03-10
1057414-207-SE26,CS-  ADM. DE BENEFICIO DE ALIMENTACIÓN PARA EL SS.BB. (CARGA DEL MES MARZO 2026) - BDSS199764- ÍTEM 22.01.001.002 - REQ.1 - (joy),4,27693,2026-03-10
1057513-142-CM26,Alimentación ,4,27693,2026-03-10
1079505-78-CM26,RECARGA DE ALIMENTACIÓN FISCAL MES DE MARZO,4,27693,2026-03-10
1353712-10-CM26,"Beneficio Institucional categoría Calzado y vestuario, Dirección Regional de Ñuble 2026",4,27693,2026-03-10
1556-65-CM26,Orden de Compra: 1556-65-CM26,12,27693,2026-03-10
2046-93-CM26,Orden de Compra: 2046-93-CM26,4,27693,2026-03-10
2115-185-SE26,SERV. SALA CUNA - 02/2026,12,27693,2026-03-10
2115-186-SE26,ADMIN. SALA CUNA - 02/2026,12,27693,2026-03-10
2115-81-SE26,ADMIN. SALA CUNA - 12.2025,12,27693,2026-03-10
3474-137-CM26,ALIMENTACION DAC TERCER ESCUADRON EXTRAORDINARIO,4,27693,2026-03-10
3950-351-CM26,"Recarga Tarjeta de Alimentación Edenred mes de febrero, Funcionarios de rondas, administrativos y Postas",4,27693,2026-03-10
5360-78-CM26,Orden de Compra: 5360-78-CM26,4,27693,2026-03-10
621923-6-CM26,Orden de Compra: 621923-6-CM26,4,27693,2026-03-10
635-197-CM26,ADMINISTRACION BENEFICIO DE ALIMENTACION,12,27693,2026-03-10
875646-805-SE26,GRAN COMPRA ID 80204,4,27693,2026-03-10
898-844-CM26,recarga tarjeta de alimentacion,4,27693,2026-03-10
956-1222-CM25,"Gran Compra 78269, Calidad de Vida, Res. 3910",12,27693,2026-03-10
1057414-207-SE26,CS-  ADM. DE BENEFICIO DE ALIMENTACIÓN PARA EL SS.BB. (CARGA DEL MES MARZO 2026) - BDSS199764- ÍTEM 22.01.001.002 - REQ.1 - (joy),4,27693,2026-03-10
1057418-302-CM25,GC-CONVENIO BENEFICIO DE ALIMENTACION-HOSPITAL MULCHEN-22.01.001.002-HFCM 31302-(PTV),12,27693,2026-03-10
1057461-344-CM26,CARGA TARJETA FUNCIONARIOS TRANSITORIOS MES DE FEBRERO 2026,6,27693,2026-03-10
1057513-142-CM26,Alimentación ,4,27693,2026-03-10
1057531-99-CM26,Carga Tarjetas Alimentación HRN febrero 2026 con Dcto ENERO 2026,6,27693,2026-03-10
1079505-78-CM26,RECARGA DE ALIMENTACIÓN FISCAL MES DE MARZO,4,27693,2026-03-10
1353712-10-CM26,"Beneficio Institucional categoría Calzado y vestuario, Dirección Regional de Ñuble 2026",4,27693,2026-03-10
1556-65-CM26,Orden de Compra: 1556-65-CM26,12,27693,2026-03-10
1978-150-CM26,CM BENEFICIO DE ALIMENTACION MES DE MARZO 2026,12,27693,2026-03-10
2013-263-CM26,Orden de Compra: 2013-263-CM26,4,27693,2026-03-10
2046-93-CM26,Orden de Compra: 2046-93-CM26,4,27693,2026-03-10
2115-185-SE26,SERV. SALA CUNA - 02/2026,12,27693,2026-03-10
2115-186-SE26,ADMIN. SALA CUNA - 02/2026,12,27693,2026-03-10
2115-81-SE26,ADMIN. SALA CUNA - 12.2025,12,27693,2026-03-10
2170-182-CM26,ALIMENTACIÓN MARZO 2026 (235 D.Efectiva): (235*22),12,27693,2026-03-10
2170-183-CM26,TURNOS NOCHE (TURNANTES) MARZO 2026: (1000*),12,27693,2026-03-10
2170-184-CM26,TURNOS NOCHE (J. ORDINARIA) FEBRERO 2025: (100*),12,27693,2026-03-10
2170-185-CM26,TURNOS DIA (TURNANTES) MARZO 2026:,12,27693,2026-03-10
3446-36-CM26,"22 01 001 ""PARA PERSONAS"" CC1100070012. ",6,27693,2026-03-10
3474-137-CM26,ALIMENTACION DAC TERCER ESCUADRON EXTRAORDINARIO,4,27693,2026-03-10
3483-64-CM26,OA ADQUISICIÓN DE TARJETAS DE ALIMENTACIÓN PERSONAL DESPLEGADO MZS ARAUCANIA,6,27693,2026-03-10
3679-87-CM26,POR LA COMPRA DE GIFTCARD DE CALZADO PARA FUNCIONARIOS DEL CESFAM DE SAN ESTEBAN,6,27693,2026-03-10
3950-351-CM26,"Recarga Tarjeta de Alimentación Edenred mes de febrero, Funcionarios de rondas, administrativos y Postas",4,27693,2026-03-10
3970-1-CM26,Orden de Compra: 3970-1-CM26,4,27693,2026-03-10
3970-2-CM26,Orden de Compra: 3970-2-CM26,4,27693,2026-03-10
5194-41-CM26,Recarga Tarjeta de Alimentación funcionarios B. S. DE C. DE VIDA REGIONAL ÑUBLE,6,27693,2026-03-10
5360-78-CM26,Orden de Compra: 5360-78-CM26,4,27693,2026-03-10
539119-745-CM26,RECARGAS DE ALIMENTACIÓN PARA LA DIRECCIÓN DE BIENESTAR DE CARABINEROS CORRESPONDIENTE AL MES DE FEBRERO DE 2026,6,27693,2026-03-10
621923-6-CM26,Orden de Compra: 621923-6-CM26,4,27693,2026-03-10
635-197-CM26,ADMINISTRACION BENEFICIO DE ALIMENTACION,12,27693,2026-03-10
875646-805-SE26,GRAN COMPRA ID 80204,4,27693,2026-03-10
881-36-CM26,"OC 881-36-CM26, ROPA TRABAJO GORE ANTOFAGASTA 2026",12,27693,2026-03-10
898-844-CM26,recarga tarjeta de alimentacion,6,27693,2026-03-10
956-1222-CM25,"Gran Compra 78269, Calidad de Vida, Res. 3910",12,27693,2026-03-10
1057387-124-CM26,Carga tarjetas alimentación funcionarios Febrero 2026,4,27693,2026-03-10
1057414-207-SE26,CS-  ADM. DE BENEFICIO DE ALIMENTACIÓN PARA EL SS.BB. (CARGA DEL MES MARZO 2026) - BDSS199764- ÍTEM 22.01.001.002 - REQ.1 - (joy),6,27693,2026-03-10
1057418-302-CM25,GC-CONVENIO BENEFICIO DE ALIMENTACION-HOSPITAL MULCHEN-22.01.001.002-HFCM 31302-(PTV),12,27693,2026-03-10
1057422-169-CM26,CM-Recarga Tarjeta Alimentacion Febrero-2201001002-HFCY63.799-HVSM,4,27693,2026-03-10
1057461-344-CM26,CARGA TARJETA FUNCIONARIOS TRANSITORIOS MES DE FEBRERO 2026,6,27693,2026-03-10
1057513-142-CM26,Alimentación ,6,27693,2026-03-10
1057531-99-CM26,Carga Tarjetas Alimentación HRN febrero 2026 con Dcto ENERO 2026,6,27693,2026-03-10
1079505-78-CM26,RECARGA DE ALIMENTACIÓN FISCAL MES DE MARZO,4,27693,2026-03-10
1353712-10-CM26,"Beneficio Institucional categoría Calzado y vestuario, Dirección Regional de Ñuble 2026",6,27693,2026-03-10
1556-65-CM26,Orden de Compra: 1556-65-CM26,12,27693,2026-03-10
1978-150-CM26,CM BENEFICIO DE ALIMENTACION MES DE MARZO 2026,12,27693,2026-03-10
2013-263-CM26,Orden de Compra: 2013-263-CM26,4,27693,2026-03-10
2046-93-CM26,Orden de Compra: 2046-93-CM26,4,27693,2026-03-10
2115-185-SE26,SERV. SALA CUNA - 02/2026,12,27693,2026-03-10
2115-186-SE26,ADMIN. SALA CUNA - 02/2026,12,27693,2026-03-10
2115-81-SE26,ADMIN. SALA CUNA - 12.2025,12,27693,2026-03-10
2170-182-CM26,ALIMENTACIÓN MARZO 2026 (235 D.Efectiva): (235*22),12,27693,2026-03-10
2170-183-CM26,TURNOS NOCHE (TURNANTES) MARZO 2026: (1000*),12,27693,2026-03-10
2170-184-CM26,TURNOS NOCHE (J. ORDINARIA) FEBRERO 2025: (100*),12,27693,2026-03-10
2170-185-CM26,TURNOS DIA (TURNANTES) MARZO 2026:,12,27693,2026-03-10
3446-36-CM26,"22 01 001 ""PARA PERSONAS"" CC1100070012. ",6,27693,2026-03-10
3474-137-CM26,ALIMENTACION DAC TERCER ESCUADRON EXTRAORDINARIO,4,27693,2026-03-10
3483-64-CM26,OA ADQUISICIÓN DE TARJETAS DE ALIMENTACIÓN PERSONAL DESPLEGADO MZS ARAUCANIA,6,27693,2026-03-10
3679-87-CM26,POR LA COMPRA DE GIFTCARD DE CALZADO PARA FUNCIONARIOS DEL CESFAM DE SAN ESTEBAN,6,27693,2026-03-10
3950-351-CM26,"Recarga Tarjeta de Alimentación Edenred mes de febrero, Funcionarios de rondas, administrativos y Postas",6,27693,2026-03-10
3970-1-CM26,Orden de Compra: 3970-1-CM26,4,27693,2026-03-10
3970-2-CM26,Orden de Compra: 3970-2-CM26,4,27693,2026-03-10
4075-36-CM26,Orden de Compra: 4075-36-CM26,6,27693,2026-03-10
4452-192-CC26,CARGA TARJETAS DE ALIMENTACION REEMPLAZO/ ID 80002,4,27693,2026-03-10
5194-41-CM26,Recarga Tarjeta de Alimentación funcionarios B. S. DE C. DE VIDA REGIONAL ÑUBLE,6,27693,2026-03-10
5360-78-CM26,Orden de Compra: 5360-78-CM26,4,27693,2026-03-10
539119-745-CM26,RECARGAS DE ALIMENTACIÓN PARA LA DIRECCIÓN DE BIENESTAR DE CARABINEROS CORRESPONDIENTE AL MES DE FEBRERO DE 2026,6,27693,2026-03-10
621923-6-CM26,Orden de Compra: 621923-6-CM26,6,27693,2026-03-10
635-197-CM26,ADMINISTRACION BENEFICIO DE ALIMENTACION,12,27693,2026-03-10
875646-805-SE26,GRAN COMPRA ID 80204,6,27693,2026-03-10
881-36-CM26,"OC 881-36-CM26, ROPA TRABAJO GORE ANTOFAGASTA 2026",12,27693,2026-03-10
898-844-CM26,recarga tarjeta de alimentacion,6,27693,2026-03-10
956-1222-CM25,"Gran Compra 78269, Calidad de Vida, Res. 3910",12,27693,2026-03-10
1057387-124-CM26,Carga tarjetas alimentación funcionarios Febrero 2026,4,27693,2026-03-10
1057414-207-SE26,CS-  ADM. DE BENEFICIO DE ALIMENTACIÓN PARA EL SS.BB. (CARGA DEL MES MARZO 2026) - BDSS199764- ÍTEM 22.01.001.002 - REQ.1 - (joy),6,27693,2026-03-10
1057418-302-CM25,GC-CONVENIO BENEFICIO DE ALIMENTACION-HOSPITAL MULCHEN-22.01.001.002-HFCM 31302-(PTV),12,27693,2026-03-10
1057422-169-CM26,CM-Recarga Tarjeta Alimentacion Febrero-2201001002-HFCY63.799-HVSM,4,27693,2026-03-10
1057461-344-CM26,CARGA TARJETA FUNCIONARIOS TRANSITORIOS MES DE FEBRERO 2026,6,27693,2026-03-10
1057513-142-CM26,Alimentación ,6,27693,2026-03-10
1057531-99-CM26,Carga Tarjetas Alimentación HRN febrero 2026 con Dcto ENERO 2026,6,27693,2026-03-10
1079505-78-CM26,RECARGA DE ALIMENTACIÓN FISCAL MES DE MARZO,4,27693,2026-03-10
1353712-10-CM26,"Beneficio Institucional categoría Calzado y vestuario, Dirección Regional de Ñuble 2026",6,27693,2026-03-10
1556-65-CM26,Orden de Compra: 1556-65-CM26,12,27693,2026-03-10
1978-150-CM26,CM BENEFICIO DE ALIMENTACION MES DE MARZO 2026,12,27693,2026-03-10
2013-263-CM26,Orden de Compra: 2013-263-CM26,4,27693,2026-03-10
2046-93-CM26,Orden de Compra: 2046-93-CM26,6,27693,2026-03-10
2115-185-SE26,SERV. SALA CUNA - 02/2026,12,27693,2026-03-10
2115-186-SE26,ADMIN. SALA CUNA - 02/2026,12,27693,2026-03-10
2115-81-SE26,ADMIN. SALA CUNA - 12.2025,12,27693,2026-03-10
2140-190-CM26,"Recarga de tarjetas de alimentación para funcionarios mes de Marzo 2026, Hospital Futaleufu",4,27693,2026-03-10
2170-182-CM26,ALIMENTACIÓN MARZO 2026 (235 D.Efectiva): (235*22),12,27693,2026-03-10
2170-183-CM26,TURNOS NOCHE (TURNANTES) MARZO 2026: (1000*),12,27693,2026-03-10
2170-184-CM26,TURNOS NOCHE (J. ORDINARIA) FEBRERO 2025: (100*),12,27693,2026-03-10
2170-185-CM26,TURNOS DIA (TURNANTES) MARZO 2026:,12,27693,2026-03-10
3446-36-CM26,"22 01 001 ""PARA PERSONAS"" CC1100070012. ",6,27693,2026-03-10
3474-137-CM26,ALIMENTACION DAC TERCER ESCUADRON EXTRAORDINARIO,4,27693,2026-03-10
3483-64-CM26,OA ADQUISICIÓN DE TARJETAS DE ALIMENTACIÓN PERSONAL DESPLEGADO MZS ARAUCANIA,6,27693,2026-03-10
3679-87-CM26,POR LA COMPRA DE GIFTCARD DE CALZADO PARA FUNCIONARIOS DEL CESFAM DE SAN ESTEBAN,6,27693,2026-03-10
3950-351-CM26,"Recarga Tarjeta de Alimentación Edenred mes de febrero, Funcionarios de rondas, administrativos y Postas",6,27693,2026-03-10
3970-1-CM26,Orden de Compra: 3970-1-CM26,4,27693,2026-03-10
3970-2-CM26,Orden de Compra: 3970-2-CM26,4,27693,2026-03-10
4075-36-CM26,Orden de Compra: 4075-36-CM26,6,27693,2026-03-10
4452-192-CC26,CARGA TARJETAS DE ALIMENTACION REEMPLAZO/ ID 80002,4,27693,2026-03-10
5194-41-CM26,Recarga Tarjeta de Alimentación funcionarios B. S. DE C. DE VIDA REGIONAL ÑUBLE,6,27693,2026-03-10
5360-78-CM26,Orden de Compra: 5360-78-CM26,4,27693,2026-03-10
539119-745-CM26,RECARGAS DE ALIMENTACIÓN PARA LA DIRECCIÓN DE BIENESTAR DE CARABINEROS CORRESPONDIENTE AL MES DE FEBRERO DE 2026,6,27693,2026-03-10
621923-6-CM26,Orden de Compra: 621923-6-CM26,6,27693,2026-03-10
635-197-CM26,ADMINISTRACION BENEFICIO DE ALIMENTACION,12,27693,2026-03-10
875646-805-SE26,GRAN COMPRA ID 80204,6,27693,2026-03-10
881-36-CM26,"OC 881-36-CM26, ROPA TRABAJO GORE ANTOFAGASTA 2026",12,27693,2026-03-10
898-844-CM26,recarga tarjeta de alimentacion,6,27693,2026-03-10
956-1222-CM25,"Gran Compra 78269, Calidad de Vida, Res. 3910",12,27693,2026-03-10
1057387-124-CM26,Carga tarjetas alimentación funcionarios Febrero 2026,4,27693,2026-03-10
1057414-207-SE26,CS-  ADM. DE BENEFICIO DE ALIMENTACIÓN PARA EL SS.BB. (CARGA DEL MES MARZO 2026) - BDSS199764- ÍTEM 22.01.001.002 - REQ.1 - (joy),6,27693,2026-03-10
1057418-302-CM25,GC-CONVENIO BENEFICIO DE ALIMENTACION-HOSPITAL MULCHEN-22.01.001.002-HFCM 31302-(PTV),12,27693,2026-03-10
1057422-169-CM26,CM-Recarga Tarjeta Alimentacion Febrero-2201001002-HFCY63.799-HVSM,4,27693,2026-03-10
1057461-344-CM26,CARGA TARJETA FUNCIONARIOS TRANSITORIOS MES DE FEBRERO 2026,6,27693,2026-03-10
1057513-142-CM26,Alimentación ,6,27693,2026-03-10
1057531-99-CM26,Carga Tarjetas Alimentación HRN febrero 2026 con Dcto ENERO 2026,6,27693,2026-03-10
1079505-78-CM26,RECARGA DE ALIMENTACIÓN FISCAL MES DE MARZO,4,27693,2026-03-10
1353712-10-CM26,"Beneficio Institucional categoría Calzado y vestuario, Dirección Regional de Ñuble 2026",6,27693,2026-03-10
1556-65-CM26,Orden de Compra: 1556-65-CM26,12,27693,2026-03-10
165-15-CM26,Beneficio vestuario Secretarias y Administrativos.,12,27693,2026-03-10
1978-150-CM26,CM BENEFICIO DE ALIMENTACION MES DE MARZO 2026,12,27693,2026-03-10
2013-263-CM26,Orden de Compra: 2013-263-CM26,4,27693,2026-03-10
2046-93-CM26,Orden de Compra: 2046-93-CM26,6,27693,2026-03-10
2115-139-SE26,SERV. SALA CUNA - 01/2026,12,27693,2026-03-10
2115-140-SE26,ADMIN. SALA CUNA - 01/2026,12,27693,2026-03-10
2115-185-SE26,SERV. SALA CUNA - 02/2026,12,27693,2026-03-10
2115-186-SE26,ADMIN. SALA CUNA - 02/2026,12,27693,2026-03-10
2115-81-SE26,ADMIN. SALA CUNA - 12.2025,12,27693,2026-03-10
2140-190-CM26,"Recarga de tarjetas de alimentación para funcionarios mes de Marzo 2026, Hospital Futaleufu",4,27693,2026-03-10
2170-182-CM26,ALIMENTACIÓN MARZO 2026 (235 D.Efectiva): (235*22),12,27693,2026-03-10
2170-183-CM26,TURNOS NOCHE (TURNANTES) MARZO 2026: (1000*),12,27693,2026-03-10
2170-184-CM26,TURNOS NOCHE (J. ORDINARIA) FEBRERO 2025: (100*),12,27693,2026-03-10
2170-185-CM26,TURNOS DIA (TURNANTES) MARZO 2026:,12,27693,2026-03-10
3181-119-AG26,"ADQUISICIÓN DE GITF CARD PARA COMPRA DE DIVERSOS ALIMENTOS PARA SUMINISTRAR AL PROGRAMA ""RESIDENCIA TRANSITORIA"" DESDE COMPRA ÁGIL ID 3181-80-COT26.",4,27693,2026-03-10
3446-36-CM26,"22 01 001 ""PARA PERSONAS"" CC1100070012. ",6,27693,2026-03-10
3474-137-CM26,ALIMENTACION DAC TERCER ESCUADRON EXTRAORDINARIO,4,27693,2026-03-10
3483-64-CM26,OA ADQUISICIÓN DE TARJETAS DE ALIMENTACIÓN PERSONAL DESPLEGADO MZS ARAUCANIA,6,27693,2026-03-10
3679-87-CM26,POR LA COMPRA DE GIFTCARD DE CALZADO PARA FUNCIONARIOS DEL CESFAM DE SAN ESTEBAN,6,27693,2026-03-10
3950-351-CM26,"Recarga Tarjeta de Alimentación Edenred mes de febrero, Funcionarios de rondas, administrativos y Postas",6,27693,2026-03-10
3970-1-CM26,Orden de Compra: 3970-1-CM26,4,27693,2026-03-10
3970-2-CM26,Orden de Compra: 3970-2-CM26,4,27693,2026-03-10
4075-36-CM26,Orden de Compra: 4075-36-CM26,6,27693,2026-03-10
4452-192-CC26,CARGA TARJETAS DE ALIMENTACION REEMPLAZO/ ID 80002,4,27693,2026-03-10
5194-41-CM26,Recarga Tarjeta de Alimentación funcionarios B. S. DE C. DE VIDA REGIONAL ÑUBLE,6,27693,2026-03-10
5360-78-CM26,Orden de Compra: 5360-78-CM26,4,27693,2026-03-10
539119-745-CM26,RECARGAS DE ALIMENTACIÓN PARA LA DIRECCIÓN DE BIENESTAR DE CARABINEROS CORRESPONDIENTE AL MES DE FEBRERO DE 2026,6,27693,2026-03-10
621923-6-CM26,Orden de Compra: 621923-6-CM26,6,27693,2026-03-10
635-197-CM26,ADMINISTRACION BENEFICIO DE ALIMENTACION,12,27693,2026-03-10
875646-805-SE26,GRAN COMPRA ID 80204,6,27693,2026-03-10
881-36-CM26,"OC 881-36-CM26, ROPA TRABAJO GORE ANTOFAGASTA 2026",12,27693,2026-03-10
898-844-CM26,recarga tarjeta de alimentacion,6,27693,2026-03-10
952946-31-CM26,ADQUISICIÓN DE TARJETA DE ALIMENTACIÓN,4,27693,2026-03-10
956-1222-CM25,"Gran Compra 78269, Calidad de Vida, Res. 3910",12,27693,2026-03-10
1057387-124-CM26,Carga tarjetas alimentación funcionarios Febrero 2026,4,27693,2026-03-10
1057414-207-SE26,CS-  ADM. DE BENEFICIO DE ALIMENTACIÓN PARA EL SS.BB. (CARGA DEL MES MARZO 2026) - BDSS199764- ÍTEM 22.01.001.002 - REQ.1 - (joy),6,27693,2026-03-10
1057418-302-CM25,GC-CONVENIO BENEFICIO DE ALIMENTACION-HOSPITAL MULCHEN-22.01.001.002-HFCM 31302-(PTV),12,27693,2026-03-10
1057422-169-CM26,CM-Recarga Tarjeta Alimentacion Febrero-2201001002-HFCY63.799-HVSM,4,27693,2026-03-10
1057461-344-CM26,CARGA TARJETA FUNCIONARIOS TRANSITORIOS MES DE FEBRERO 2026,6,27693,2026-03-10
1057513-142-CM26,Alimentación ,6,27693,2026-03-10
1057531-99-CM26,Carga Tarjetas Alimentación HRN febrero 2026 con Dcto ENERO 2026,6,27693,2026-03-10
1079505-78-CM26,RECARGA DE ALIMENTACIÓN FISCAL MES DE MARZO,4,27693,2026-03-10
1353712-10-CM26,"Beneficio Institucional categoría Calzado y vestuario, Dirección Regional de Ñuble 2026",6,27693,2026-03-10
1556-65-CM26,Orden de Compra: 1556-65-CM26,12,27693,2026-03-10
1622-288-CM26,BENEFICIO DE ALIMENTACIÓN FEBRERO 2026,12,27693,2026-03-10
165-15-CM26,Beneficio vestuario Secretarias y Administrativos.,12,27693,2026-03-10
1978-150-CM26,CM BENEFICIO DE ALIMENTACION MES DE MARZO 2026,12,27693,2026-03-10
2013-263-CM26,Orden de Compra: 2013-263-CM26,4,27693,2026-03-10
2046-93-CM26,Orden de Compra: 2046-93-CM26,6,27693,2026-03-10
2115-139-SE26,SERV. SALA CUNA - 01/2026,12,27693,2026-03-10
2115-140-SE26,ADMIN. SALA CUNA - 01/2026,12,27693,2026-03-10
2115-185-SE26,SERV. SALA CUNA - 02/2026,12,27693,2026-03-10
2115-186-SE26,ADMIN. SALA CUNA - 02/2026,12,27693,2026-03-10
2115-81-SE26,ADMIN. SALA CUNA - 12.2025,12,27693,2026-03-10
2140-190-CM26,"Recarga de tarjetas de alimentación para funcionarios mes de Marzo 2026, Hospital Futaleufu",4,27693,2026-03-10
2170-182-CM26,ALIMENTACIÓN MARZO 2026 (235 D.Efectiva): (235*22),12,27693,2026-03-10
2170-183-CM26,TURNOS NOCHE (TURNANTES) MARZO 2026: (1000*),12,27693,2026-03-10
2170-184-CM26,TURNOS NOCHE (J. ORDINARIA) FEBRERO 2025: (100*),12,27693,2026-03-10
2170-185-CM26,TURNOS DIA (TURNANTES) MARZO 2026:,12,27693,2026-03-10
3181-119-AG26,"ADQUISICIÓN DE GITF CARD PARA COMPRA DE DIVERSOS ALIMENTOS PARA SUMINISTRAR AL PROGRAMA ""RESIDENCIA TRANSITORIA"" DESDE COMPRA ÁGIL ID 3181-80-COT26.",4,27693,2026-03-10
3439-26-CM26,RECARGAS TARJETAS ALIMENTACION DEPTO. L.4. (MARZO),6,27693,2026-03-10
3446-36-CM26,"22 01 001 ""PARA PERSONAS"" CC1100070012. ",6,27693,2026-03-10
3474-137-CM26,ALIMENTACION DAC TERCER ESCUADRON EXTRAORDINARIO,4,27693,2026-03-10
3483-64-CM26,OA ADQUISICIÓN DE TARJETAS DE ALIMENTACIÓN PERSONAL DESPLEGADO MZS ARAUCANIA,6,27693,2026-03-10
3679-87-CM26,POR LA COMPRA DE GIFTCARD DE CALZADO PARA FUNCIONARIOS DEL CESFAM DE SAN ESTEBAN,6,27693,2026-03-10
3950-351-CM26,"Recarga Tarjeta de Alimentación Edenred mes de febrero, Funcionarios de rondas, administrativos y Postas",6,27693,2026-03-10
3970-1-CM26,Orden de Compra: 3970-1-CM26,4,27693,2026-03-10
3970-2-CM26,Orden de Compra: 3970-2-CM26,4,27693,2026-03-10
4075-36-CM26,Orden de Compra: 4075-36-CM26,6,27693,2026-03-10
4452-192-CC26,CARGA TARJETAS DE ALIMENTACION REEMPLAZO/ ID 80002,4,27693,2026-03-10
5194-41-CM26,Recarga Tarjeta de Alimentación funcionarios B. S. DE C. DE VIDA REGIONAL ÑUBLE,6,27693,2026-03-10
5360-78-CM26,Orden de Compra: 5360-78-CM26,4,27693,2026-03-10
539119-745-CM26,RECARGAS DE ALIMENTACIÓN PARA LA DIRECCIÓN DE BIENESTAR DE CARABINEROS CORRESPONDIENTE AL MES DE FEBRERO DE 2026,6,27693,2026-03-10
621923-6-CM26,Orden de Compra: 621923-6-CM26,6,27693,2026-03-10
635-197-CM26,ADMINISTRACION BENEFICIO DE ALIMENTACION,12,27693,2026-03-10
875646-805-SE26,GRAN COMPRA ID 80204,6,27693,2026-03-10
881-36-CM26,"OC 881-36-CM26, ROPA TRABAJO GORE ANTOFAGASTA 2026",12,27693,2026-03-10
898-844-CM26,recarga tarjeta de alimentacion,6,27693,2026-03-10
952946-31-CM26,ADQUISICIÓN DE TARJETA DE ALIMENTACIÓN,4,27693,2026-03-10
956-1222-CM25,"Gran Compra 78269, Calidad de Vida, Res. 3910",12,27693,2026-03-10
1057387-124-CM26,Carga tarjetas alimentación funcionarios Febrero 2026,6,27693,2026-03-10
1057414-207-SE26,CS-  ADM. DE BENEFICIO DE ALIMENTACIÓN PARA EL SS.BB. (CARGA DEL MES MARZO 2026) - BDSS199764- ÍTEM 22.01.001.002 - REQ.1 - (joy),6,27693,2026-03-10
1057418-302-CM25,GC-CONVENIO BENEFICIO DE ALIMENTACION-HOSPITAL MULCHEN-22.01.001.002-HFCM 31302-(PTV),12,27693,2026-03-10
1057422-169-CM26,CM-Recarga Tarjeta Alimentacion Febrero-2201001002-HFCY63.799-HVSM,4,27693,2026-03-10
1057461-344-CM26,CARGA TARJETA FUNCIONARIOS TRANSITORIOS MES DE FEBRERO 2026,6,27693,2026-03-10
1057513-142-CM26,Alimentación ,6,27693,2026-03-10
1057531-99-CM26,Carga Tarjetas Alimentación HRN febrero 2026 con Dcto ENERO 2026,6,27693,2026-03-10
1075337-7274-CM26,rvv Compra Recarga tarjetas Alimentación funcionarios diurnos Marzo 2026,6,27693,2026-03-10
1079505-78-CM26,RECARGA DE ALIMENTACIÓN FISCAL MES DE MARZO,6,27693,2026-03-10
1079967-77-CM26,Orden de Compra: 1079967-77-CM26 / Recarga alimentación Fiscal zona tarapacá.,12,27693,2026-03-10
1353712-10-CM26,"Beneficio Institucional categoría Calzado y vestuario, Dirección Regional de Ñuble 2026",6,27693,2026-03-10
1556-65-CM26,Orden de Compra: 1556-65-CM26,12,27693,2026-03-10
1621-82-CM26,Tarjetas de Alimentación,4,27693,2026-03-10
1622-288-CM26,BENEFICIO DE ALIMENTACIÓN FEBRERO 2026,12,27693,2026-03-10
1624-35-CM26,Alimentación funcionarios febrero 2026: 1624-35-CM26,12,27693,2026-03-10
165-15-CM26,Beneficio vestuario Secretarias y Administrativos.,12,27693,2026-03-10
1661-159-CM26,Orden de Compra: 1661-159-CM26,4,27693,2026-03-10
1663-172-CM26,Orden de Compra: 1663-172-CM26,6,27693,2026-03-10
1969-132-SE26,SERVICIO SALA CUNA MES DE FEBRERO 2026,12,27693,2026-03-10
1969-133-SE26,SERVICIO ADMINISTRACIÓN SALA CUNA MES DE FEBRERO 2026,12,27693,2026-03-10
1978-150-CM26,CM BENEFICIO DE ALIMENTACION MES DE MARZO 2026,12,27693,2026-03-10
2013-263-CM26,Orden de Compra: 2013-263-CM26,4,27693,2026-03-10
2046-93-CM26,Orden de Compra: 2046-93-CM26,6,27693,2026-03-10
2115-139-SE26,SERV. SALA CUNA - 01/2026,12,27693,2026-03-10
2115-140-SE26,ADMIN. SALA CUNA - 01/2026,12,27693,2026-03-10
2115-185-SE26,SERV. SALA CUNA - 02/2026,12,27693,2026-03-10
2115-186-SE26,ADMIN. SALA CUNA - 02/2026,12,27693,2026-03-10
2115-81-SE26,ADMIN. SALA CUNA - 12.2025,12,27693,2026-03-10
2140-190-CM26,"Recarga de tarjetas de alimentación para funcionarios mes de Marzo 2026, Hospital Futaleufu",4,27693,2026-03-10
2170-182-CM26,ALIMENTACIÓN MARZO 2026 (235 D.Efectiva): (235*22),12,27693,2026-03-10
2170-183-CM26,TURNOS NOCHE (TURNANTES) MARZO 2026: (1000*),12,27693,2026-03-10
2170-184-CM26,TURNOS NOCHE (J. ORDINARIA) FEBRERO 2025: (100*),12,27693,2026-03-10
2170-185-CM26,TURNOS DIA (TURNANTES) MARZO 2026:,12,27693,2026-03-10
2423-458-SE26,SALAS CUNAS Y JARDINES INFANTILES,4,27693,2026-03-10
2423-459-SE26,COMISIÓN SALAS CUNAS Y JARDINES INFANTILES	,4,27693,2026-03-10
3181-119-AG26,"ADQUISICIÓN DE GITF CARD PARA COMPRA DE DIVERSOS ALIMENTOS PARA SUMINISTRAR AL PROGRAMA ""RESIDENCIA TRANSITORIA"" DESDE COMPRA ÁGIL ID 3181-80-COT26.",4,27693,2026-03-10
3439-26-CM26,RECARGAS TARJETAS ALIMENTACION DEPTO. L.4. (MARZO),6,27693,2026-03-10
3446-36-CM26,"22 01 001 ""PARA PERSONAS"" CC1100070012. ",6,27693,2026-03-10
3474-137-CM26,ALIMENTACION DAC TERCER ESCUADRON EXTRAORDINARIO,6,27693,2026-03-10
3483-64-CM26,OA ADQUISICIÓN DE TARJETAS DE ALIMENTACIÓN PERSONAL DESPLEGADO MZS ARAUCANIA,6,27693,2026-03-10
3679-87-CM26,POR LA COMPRA DE GIFTCARD DE CALZADO PARA FUNCIONARIOS DEL CESFAM DE SAN ESTEBAN,6,27693,2026-03-10
3950-351-CM26,"Recarga Tarjeta de Alimentación Edenred mes de febrero, Funcionarios de rondas, administrativos y Postas",6,27693,2026-03-10
3970-1-CM26,Orden de Compra: 3970-1-CM26,4,27693,2026-03-10
3970-2-CM26,Orden de Compra: 3970-2-CM26,4,27693,2026-03-10
4075-36-CM26,Orden de Compra: 4075-36-CM26,6,27693,2026-03-10
4100-23-CM26,"ADQUISICIÓN RECARGA DE ALIMENTACIÓN FISCAL MES DE MARZO, PARA LA SECRETARIA GENERAL Y UNIDADES DEPENDIENTES ",4,27693,2026-03-10
4452-192-CC26,CARGA TARJETAS DE ALIMENTACION REEMPLAZO/ ID 80002,4,27693,2026-03-10
5194-41-CM26,Recarga Tarjeta de Alimentación funcionarios B. S. DE C. DE VIDA REGIONAL ÑUBLE,6,27693,2026-03-10
5360-78-CM26,Orden de Compra: 5360-78-CM26,6,27693,2026-03-10
539119-745-CM26,RECARGAS DE ALIMENTACIÓN PARA LA DIRECCIÓN DE BIENESTAR DE CARABINEROS CORRESPONDIENTE AL MES DE FEBRERO DE 2026,6,27693,2026-03-10
621923-6-CM26,Orden de Compra: 621923-6-CM26,6,27693,2026-03-10
635-197-CM26,ADMINISTRACION BENEFICIO DE ALIMENTACION,12,27693,2026-03-10
707415-30-CM26,Orden de Compra: 707415-30-CM26,4,27693,2026-03-10
875646-805-SE26,GRAN COMPRA ID 80204,6,27693,2026-03-10
881-36-CM26,"OC 881-36-CM26, ROPA TRABAJO GORE ANTOFAGASTA 2026",12,27693,2026-03-10
885-173-SE26,Tarjetas de vestuario y calzado funcionarios CGR,6,27693,2026-03-10
898-844-CM26,recarga tarjeta de alimentacion,6,27693,2026-03-10
952946-31-CM26,ADQUISICIÓN DE TARJETA DE ALIMENTACIÓN,4,27693,2026-03-10
956-1222-CM25,"Gran Compra 78269, Calidad de Vida, Res. 3910",12,27693,2026-03-10
1057387-124-CM26,Carga tarjetas alimentación funcionarios Febrero 2026,6,27693,2026-03-10
1057414-207-SE26,CS-  ADM. DE BENEFICIO DE ALIMENTACIÓN PARA EL SS.BB. (CARGA DEL MES MARZO 2026) - BDSS199764- ÍTEM 22.01.001.002 - REQ.1 - (joy),6,27693,2026-03-10
1057418-302-CM25,GC-CONVENIO BENEFICIO DE ALIMENTACION-HOSPITAL MULCHEN-22.01.001.002-HFCM 31302-(PTV),12,27693,2026-03-10
1057422-169-CM26,CM-Recarga Tarjeta Alimentacion Febrero-2201001002-HFCY63.799-HVSM,4,27693,2026-03-10
1057461-344-CM26,CARGA TARJETA FUNCIONARIOS TRANSITORIOS MES DE FEBRERO 2026,6,27693,2026-03-10
1057513-142-CM26,Alimentación ,6,27693,2026-03-10
1057531-99-CM26,Carga Tarjetas Alimentación HRN febrero 2026 con Dcto ENERO 2026,6,27693,2026-03-10
1075337-7274-CM26,rvv Compra Recarga tarjetas Alimentación funcionarios diurnos Marzo 2026,6,27693,2026-03-10
1079505-78-CM26,RECARGA DE ALIMENTACIÓN FISCAL MES DE MARZO,6,27693,2026-03-10
1079967-77-CM26,Orden de Compra: 1079967-77-CM26 / Recarga alimentación Fiscal zona tarapacá.,12,27693,2026-03-10
1353712-10-CM26,"Beneficio Institucional categoría Calzado y vestuario, Dirección Regional de Ñuble 2026",6,27693,2026-03-10
1556-65-CM26,Orden de Compra: 1556-65-CM26,12,27693,2026-03-10
1621-82-CM26,Tarjetas de Alimentación,4,27693,2026-03-10
1622-288-CM26,BENEFICIO DE ALIMENTACIÓN FEBRERO 2026,12,27693,2026-03-10
1624-35-CM26,Alimentación funcionarios febrero 2026: 1624-35-CM26,12,27693,2026-03-10
165-15-CM26,Beneficio vestuario Secretarias y Administrativos.,12,27693,2026-03-10
1661-159-CM26,Orden de Compra: 1661-159-CM26,4,27693,2026-03-10
1663-172-CM26,Orden de Compra: 1663-172-CM26,6,27693,2026-03-10
1969-132-SE26,SERVICIO SALA CUNA MES DE FEBRERO 2026,12,27693,2026-03-10
1969-133-SE26,SERVICIO ADMINISTRACIÓN SALA CUNA MES DE FEBRERO 2026,12,27693,2026-03-10
1978-150-CM26,CM BENEFICIO DE ALIMENTACION MES DE MARZO 2026,12,27693,2026-03-10
2013-263-CM26,Orden de Compra: 2013-263-CM26,4,27693,2026-03-10
2046-93-CM26,Orden de Compra: 2046-93-CM26,6,27693,2026-03-10
2115-139-SE26,SERV. SALA CUNA - 01/2026,12,27693,2026-03-10
2115-140-SE26,ADMIN. SALA CUNA - 01/2026,12,27693,2026-03-10
2115-185-SE26,SERV. SALA CUNA - 02/2026,12,27693,2026-03-10
2115-186-SE26,ADMIN. SALA CUNA - 02/2026,12,27693,2026-03-10
2115-81-SE26,ADMIN. SALA CUNA - 12.2025,12,27693,2026-03-10
2140-190-CM26,"Recarga de tarjetas de alimentación para funcionarios mes de Marzo 2026, Hospital Futaleufu",4,27693,2026-03-10
2170-182-CM26,ALIMENTACIÓN MARZO 2026 (235 D.Efectiva): (235*22),12,27693,2026-03-10
2170-183-CM26,TURNOS NOCHE (TURNANTES) MARZO 2026: (1000*),12,27693,2026-03-10
2170-184-CM26,TURNOS NOCHE (J. ORDINARIA) FEBRERO 2025: (100*),12,27693,2026-03-10
2170-185-CM26,TURNOS DIA (TURNANTES) MARZO 2026:,12,27693,2026-03-10
2423-458-SE26,SALAS CUNAS Y JARDINES INFANTILES,4,27693,2026-03-10
2423-459-SE26,COMISIÓN SALAS CUNAS Y JARDINES INFANTILES	,4,27693,2026-03-10
3181-119-AG26,"ADQUISICIÓN DE GITF CARD PARA COMPRA DE DIVERSOS ALIMENTOS PARA SUMINISTRAR AL PROGRAMA ""RESIDENCIA TRANSITORIA"" DESDE COMPRA ÁGIL ID 3181-80-COT26.",4,27693,2026-03-10
3439-26-CM26,RECARGAS TARJETAS ALIMENTACION DEPTO. L.4. (MARZO),6,27693,2026-03-10
3446-36-CM26,"22 01 001 ""PARA PERSONAS"" CC1100070012. ",6,27693,2026-03-10
3474-137-CM26,ALIMENTACION DAC TERCER ESCUADRON EXTRAORDINARIO,6,27693,2026-03-10
3483-64-CM26,OA ADQUISICIÓN DE TARJETAS DE ALIMENTACIÓN PERSONAL DESPLEGADO MZS ARAUCANIA,6,27693,2026-03-10
3679-87-CM26,POR LA COMPRA DE GIFTCARD DE CALZADO PARA FUNCIONARIOS DEL CESFAM DE SAN ESTEBAN,6,27693,2026-03-10
3950-351-CM26,"Recarga Tarjeta de Alimentación Edenred mes de febrero, Funcionarios de rondas, administrativos y Postas",6,27693,2026-03-10
3970-1-CM26,Orden de Compra: 3970-1-CM26,4,27693,2026-03-10
3970-2-CM26,Orden de Compra: 3970-2-CM26,4,27693,2026-03-10
4075-36-CM26,Orden de Compra: 4075-36-CM26,6,27693,2026-03-10
4100-23-CM26,"ADQUISICIÓN RECARGA DE ALIMENTACIÓN FISCAL MES DE MARZO, PARA LA SECRETARIA GENERAL Y UNIDADES DEPENDIENTES ",4,27693,2026-03-10
4452-192-CC26,CARGA TARJETAS DE ALIMENTACION REEMPLAZO/ ID 80002,4,27693,2026-03-10
5194-41-CM26,Recarga Tarjeta de Alimentación funcionarios B. S. DE C. DE VIDA REGIONAL ÑUBLE,6,27693,2026-03-10
5360-78-CM26,Orden de Compra: 5360-78-CM26,6,27693,2026-03-10
539119-745-CM26,RECARGAS DE ALIMENTACIÓN PARA LA DIRECCIÓN DE BIENESTAR DE CARABINEROS CORRESPONDIENTE AL MES DE FEBRERO DE 2026,6,27693,2026-03-10
621923-6-CM26,Orden de Compra: 621923-6-CM26,6,27693,2026-03-10
635-197-CM26,ADMINISTRACION BENEFICIO DE ALIMENTACION,12,27693,2026-03-10
707415-30-CM26,Orden de Compra: 707415-30-CM26,4,27693,2026-03-10
875646-805-SE26,GRAN COMPRA ID 80204,6,27693,2026-03-10
881-36-CM26,"OC 881-36-CM26, ROPA TRABAJO GORE ANTOFAGASTA 2026",12,27693,2026-03-10
885-173-SE26,Tarjetas de vestuario y calzado funcionarios CGR,6,27693,2026-03-10
898-844-CM26,recarga tarjeta de alimentacion,6,27693,2026-03-10
952946-31-CM26,ADQUISICIÓN DE TARJETA DE ALIMENTACIÓN,4,27693,2026-03-10
956-1222-CM25,"Gran Compra 78269, Calidad de Vida, Res. 3910",12,27693,2026-03-10
1057414-207-SE26,CS-  ADM. DE BENEFICIO DE ALIMENTACIÓN PARA EL SS.BB. (CARGA DEL MES MARZO 2026) - BDSS199764- ÍTEM 22.01.001.002 - REQ.1 - (joy),6,27693,2026-03-10
1057461-344-CM26,CARGA TARJETA FUNCIONARIOS TRANSITORIOS MES DE FEBRERO 2026,6,27693,2026-03-10
3970-2-CM26,Orden de Compra: 3970-2-CM26,4,27693,2026-03-10
4075-36-CM26,Orden de Compra: 4075-36-CM26,6,27693,2026-03-10
635-197-CM26,ADMINISTRACION BENEFICIO DE ALIMENTACION,12,27693,2026-03-10
2170-182-CM26,ALIMENTACIÓN MARZO 2026 (235 D.Efectiva): (235*22),12,27693,2026-03-10
2170-184-CM26,TURNOS NOCHE (J. ORDINARIA) FEBRERO 2025: (100*),12,27693,2026-03-10
1663-172-CM26,Orden de Compra: 1663-172-CM26,6,27693,2026-03-10
1969-133-SE26,SERVICIO ADMINISTRACIÓN SALA CUNA MES DE FEBRERO 2026,12,27693,2026-03-10
1978-150-CM26,CM BENEFICIO DE ALIMENTACION MES DE MARZO 2026,12,27693,2026-03-10
3483-64-CM26,OA ADQUISICIÓN DE TARJETAS DE ALIMENTACIÓN PERSONAL DESPLEGADO MZS ARAUCANIA,6,27693,2026-03-10
956-1222-CM25,"Gran Compra 78269, Calidad de Vida, Res. 3910",12,27693,2026-03-10
4100-23-CM26,"ADQUISICIÓN RECARGA DE ALIMENTACIÓN FISCAL MES DE MARZO, PARA LA SECRETARIA GENERAL Y UNIDADES DEPENDIENTES ",4,27693,2026-03-10
5360-78-CM26,Orden de Compra: 5360-78-CM26,6,27693,2026-03-10
539119-745-CM26,RECARGAS DE ALIMENTACIÓN PARA LA DIRECCIÓN DE BIENESTAR DE CARABINEROS CORRESPONDIENTE AL MES DE FEBRERO DE 2026,6,27693,2026-03-10
1556-65-CM26,Orden de Compra: 1556-65-CM26,12,27693,2026-03-10
1969-132-SE26,SERVICIO SALA CUNA MES DE FEBRERO 2026,12,27693,2026-03-10
2140-190-CM26,"Recarga de tarjetas de alimentación para funcionarios mes de Marzo 2026, Hospital Futaleufu",4,27693,2026-03-10
3439-26-CM26,RECARGAS TARJETAS ALIMENTACION DEPTO. L.4. (MARZO),6,27693,2026-03-10
707415-30-CM26,Orden de Compra: 707415-30-CM26,4,27693,2026-03-10
898-844-CM26,recarga tarjeta de alimentacion,6,27693,2026-03-10
952946-31-CM26,ADQUISICIÓN DE TARJETA DE ALIMENTACIÓN,4,27693,2026-03-10
1057531-99-CM26,Carga Tarjetas Alimentación HRN febrero 2026 con Dcto ENERO 2026,6,27693,2026-03-10
621923-6-CM26,Orden de Compra: 621923-6-CM26,6,27693,2026-03-10
885-173-SE26,Tarjetas de vestuario y calzado funcionarios CGR,6,27693,2026-03-10
1621-82-CM26,Tarjetas de Alimentación,4,27693,2026-03-10
2115-139-SE26,SERV. SALA CUNA - 01/2026,12,27693,2026-03-10
2170-185-CM26,TURNOS DIA (TURNANTES) MARZO 2026:,12,27693,2026-03-10
2423-458-SE26,SALAS CUNAS Y JARDINES INFANTILES,4,27693,2026-03-10
3181-119-AG26,"ADQUISICIÓN DE GITF CARD PARA COMPRA DE DIVERSOS ALIMENTOS PARA SUMINISTRAR AL PROGRAMA ""RESIDENCIA TRANSITORIA"" DESDE COMPRA ÁGIL ID 3181-80-COT26.",4,27693,2026-03-10
3446-36-CM26,"22 01 001 ""PARA PERSONAS"" CC1100070012. ",6,27693,2026-03-10
875646-805-SE26,GRAN COMPRA ID 80204,6,27693,2026-03-10
1079967-77-CM26,Orden de Compra: 1079967-77-CM26 / Recarga alimentación Fiscal zona tarapacá.,12,27693,2026-03-10
1624-35-CM26,Alimentación funcionarios febrero 2026: 1624-35-CM26,12,27693,2026-03-10
1661-159-CM26,Orden de Compra: 1661-159-CM26,4,27693,2026-03-10
2115-140-SE26,ADMIN. SALA CUNA - 01/2026,12,27693,2026-03-10
4452-192-CC26,CARGA TARJETAS DE ALIMENTACION REEMPLAZO/ ID 80002,4,27693,2026-03-10
881-36-CM26,"OC 881-36-CM26, ROPA TRABAJO GORE ANTOFAGASTA 2026",12,27693,2026-03-10
165-15-CM26,Beneficio vestuario Secretarias y Administrativos.,12,27693,2026-03-10
2013-263-CM26,Orden de Compra: 2013-263-CM26,4,27693,2026-03-10
1057387-124-CM26,Carga tarjetas alimentación funcionarios Febrero 2026,6,27693,2026-03-10
1057422-169-CM26,CM-Recarga Tarjeta Alimentacion Febrero-2201001002-HFCY63.799-HVSM,4,27693,2026-03-10
1079505-78-CM26,RECARGA DE ALIMENTACIÓN FISCAL MES DE MARZO,6,27693,2026-03-10
1622-288-CM26,BENEFICIO DE ALIMENTACIÓN FEBRERO 2026,12,27693,2026-03-10
2115-185-SE26,SERV. SALA CUNA - 02/2026,12,27693,2026-03-10
2115-186-SE26,ADMIN. SALA CUNA - 02/2026,12,27693,2026-03-10
2115-81-SE26,ADMIN. SALA CUNA - 12.2025,12,27693,2026-03-10
3474-137-CM26,ALIMENTACION DAC TERCER ESCUADRON EXTRAORDINARIO,6,27693,2026-03-10
1057418-302-CM25,GC-CONVENIO BENEFICIO DE ALIMENTACION-HOSPITAL MULCHEN-22.01.001.002-HFCM 31302-(PTV),12,27693,2026-03-10
2170-183-CM26,TURNOS NOCHE (TURNANTES) MARZO 2026: (1000*),12,27693,2026-03-10
2423-459-SE26,COMISIÓN SALAS CUNAS Y JARDINES INFANTILES	,4,27693,2026-03-10
3679-87-CM26,POR LA COMPRA DE GIFTCARD DE CALZADO PARA FUNCIONARIOS DEL CESFAM DE SAN ESTEBAN,6,27693,2026-03-10
1057513-142-CM26,Alimentación ,6,27693,2026-03-10
1075337-7274-CM26,rvv Compra Recarga tarjetas Alimentación funcionarios diurnos Marzo 2026,6,27693,2026-03-10
2046-93-CM26,Orden de Compra: 2046-93-CM26,6,27693,2026-03-10
3950-351-CM26,"Recarga Tarjeta de Alimentación Edenred mes de febrero, Funcionarios de rondas, administrativos y Postas",6,27693,2026-03-10
5194-41-CM26,Recarga Tarjeta de Alimentación funcionarios B. S. DE C. DE VIDA REGIONAL ÑUBLE,6,27693,2026-03-10
1353712-10-CM26,"Beneficio Institucional categoría Calzado y vestuario, Dirección Regional de Ñuble 2026",6,27693,2026-03-10
3970-1-CM26,Orden de Compra: 3970-1-CM26,4,27693,2026-03-10
2103-150-CM26,"ALIMENTACION FUNCIONARIOS, MES DE FEBRERO 2026",12,27693,2026-03-11
1380-3397-SE26,RESOL.EXENTA 3859-26 RECARGA TARJETAS ALIMENTACION,4,27693,2026-03-11
2103-150-CM26,"ALIMENTACION FUNCIONARIOS, MES DE FEBRERO 2026",12,27693,2026-03-11
3787-9-CM26,CARGA BENEFICIO DE ALIMENTACIÓN MARZO,4,27693,2026-03-11
812261-367-CM26,Orden de Compra: 812261-367-CM26,12,27693,2026-03-11
1199-61-CM26,Orden de Compra: 1199-61-CM26,4,27693,2026-03-11
1380-3397-SE26,RESOL.EXENTA 3859-26 RECARGA TARJETAS ALIMENTACION,4,27693,2026-03-11
1621-82-CM26,Tarjetas de Alimentación,6,27693,2026-03-11
2013-263-CM26,Orden de Compra: 2013-263-CM26,6,27693,2026-03-11
2103-150-CM26,"ALIMENTACION FUNCIONARIOS, MES DE FEBRERO 2026",12,27693,2026-03-11
2423-458-SE26,SALAS CUNAS Y JARDINES INFANTILES,6,27693,2026-03-11
2423-459-SE26,COMISIÓN SALAS CUNAS Y JARDINES INFANTILES	,6,27693,2026-03-11
3787-9-CM26,CARGA BENEFICIO DE ALIMENTACIÓN MARZO,4,27693,2026-03-11
812261-367-CM26,Orden de Compra: 812261-367-CM26,12,27693,2026-03-11
1199-61-CM26,Orden de Compra: 1199-61-CM26,4,27693,2026-03-11
1380-3397-SE26,RESOL.EXENTA 3859-26 RECARGA TARJETAS ALIMENTACION,4,27693,2026-03-11
1621-82-CM26,Tarjetas de Alimentación,6,27693,2026-03-11
2013-263-CM26,Orden de Compra: 2013-263-CM26,6,27693,2026-03-11
2103-150-CM26,"ALIMENTACION FUNCIONARIOS, MES DE FEBRERO 2026",12,27693,2026-03-11
2423-458-SE26,SALAS CUNAS Y JARDINES INFANTILES,6,27693,2026-03-11
2423-459-SE26,COMISIÓN SALAS CUNAS Y JARDINES INFANTILES	,6,27693,2026-03-11
2760-32-CM26,POLERAS Y PARKAS PARA PERSONAL DEL PMU EMPLEO,4,27693,2026-03-11
3787-9-CM26,CARGA BENEFICIO DE ALIMENTACIÓN MARZO,4,27693,2026-03-11
4343-79-CM26,Carga de tarjetas Edenred a funcionarios Marzo 2026,4,27693,2026-03-11
758-77-SE26,Administración de Sala Cuna y Jardín Infantil,4,27693,2026-03-11
812261-367-CM26,Orden de Compra: 812261-367-CM26,12,27693,2026-03-11
885-174-SE26,Tarjetas de alimentación 2026,12,27693,2026-03-11
1057531-99-CM26,Carga Tarjetas Alimentación HRN febrero 2026 con Dcto ENERO 2026,12,27693,2026-03-11
1199-61-CM26,Orden de Compra: 1199-61-CM26,4,27693,2026-03-11
1380-3397-SE26,RESOL.EXENTA 3859-26 RECARGA TARJETAS ALIMENTACION,4,27693,2026-03-11
1621-82-CM26,Tarjetas de Alimentación,6,27693,2026-03-11
2013-263-CM26,Orden de Compra: 2013-263-CM26,6,27693,2026-03-11
2103-150-CM26,"ALIMENTACION FUNCIONARIOS, MES DE FEBRERO 2026",12,27693,2026-03-11
2423-458-SE26,SALAS CUNAS Y JARDINES INFANTILES,6,27693,2026-03-11
2423-459-SE26,COMISIÓN SALAS CUNAS Y JARDINES INFANTILES	,6,27693,2026-03-11
2760-32-CM26,POLERAS Y PARKAS PARA PERSONAL DEL PMU EMPLEO,4,27693,2026-03-11
3482-18-CM26,Orden de Compra: 3482-18-CM26 ADQUISICIÓN DE UNA TARJETA DE ALIMENTACIÓN PARA LAS DIFERENTES COMISIONES DE SERVICIO DE ESTA UNIDAD REGIMENTARIA. ,12,27693,2026-03-11
3787-9-CM26,CARGA BENEFICIO DE ALIMENTACIÓN MARZO,4,27693,2026-03-11
4343-79-CM26,Carga de tarjetas Edenred a funcionarios Marzo 2026,4,27693,2026-03-11
620304-7-CM26,Orden de Compra: 620304-7-CM26,4,27693,2026-03-11
758-77-SE26,Administración de Sala Cuna y Jardín Infantil,4,27693,2026-03-11
812261-367-CM26,Orden de Compra: 812261-367-CM26,12,27693,2026-03-11
885-174-SE26,Tarjetas de alimentación 2026,12,27693,2026-03-11
1057384-209-CM26,Orden de Compra: 1057384-209-CM26,12,27693,2026-03-11
1057414-38-SE26,CS -COMISIÓN POR CONVENIO DE SERVICIO DE ADMINISTRACIÓN DE SALAS CUNAS PARA FUNCIONARIAS DE LA DIRECCIÓN DEL SERVICIO DE SALUD BIO BÍO AÑO 2026 - BDSS193076 - 22.08.008 - (aag),12,27693,2026-03-11
1057414-39-SE26,CS - CONVENIO DE SERVICIO DE ADMINISTRACIÓN DE SALAS CUNAS PARA FUNCIONARIAS DE LA DIRECCIÓN DEL SERVICIO DE SALUD BIO BÍO AÑO 2026- BDSS193076 - 22.08.008 - (aag),12,27693,2026-03-11
1057422-169-CM26,CM-Recarga Tarjeta Alimentacion Febrero-2201001002-HFCY63.799-HVSM,6,27693,2026-03-11
1057531-99-CM26,Carga Tarjetas Alimentación HRN febrero 2026 con Dcto ENERO 2026,12,27693,2026-03-11
1079505-78-CM26,RECARGA DE ALIMENTACIÓN FISCAL MES DE MARZO,12,27693,2026-03-11
1079580-30-CM26,"ADQ. DE RACIONES FISCALES PARA LA ZONA DE CARABINEROS ÑUBLE, MES DE FEBRERO AÑO 2026. ",12,27693,2026-03-11
1079596-30-CM26,ADQUISICION DE RECARGAS DE TARJERTAS ALIMENTACION MES DE MARZO DESTINADAS AL PERSONAL DE LA ZONA DE CARABINEROS DE ARICA Orden de Compra: 1079596-30-CM26,12,27693,2026-03-11
1199-61-CM26,Orden de Compra: 1199-61-CM26,6,27693,2026-03-11
1380-3397-SE26,RESOL.EXENTA 3859-26 RECARGA TARJETAS ALIMENTACION,6,27693,2026-03-11
1621-82-CM26,Tarjetas de Alimentación,6,27693,2026-03-11
1627-229-SE26,ALIMENTACION / FUNCIONARIOS 2026,12,27693,2026-03-11
1627-240-SE26,ALIMENTACION / FUNCIONARIOS 2026,12,27693,2026-03-11
1661-159-CM26,Orden de Compra: 1661-159-CM26,6,27693,2026-03-11
1951-192-SE26,Recarga de tarjetas alimentación Hospital Carahue,6,27693,2026-03-11
2013-263-CM26,Orden de Compra: 2013-263-CM26,6,27693,2026-03-11
2048-726-SE26,ORDEN DE COMPRA DESDE 2048-6-LQ25 FEBRERO CONTRATA,6,27693,2026-03-11
2103-150-CM26,"ALIMENTACION FUNCIONARIOS, MES DE FEBRERO 2026",12,27693,2026-03-11
2140-190-CM26,"Recarga de tarjetas de alimentación para funcionarios mes de Marzo 2026, Hospital Futaleufu",6,27693,2026-03-11
2423-458-SE26,SALAS CUNAS Y JARDINES INFANTILES,6,27693,2026-03-11
2423-459-SE26,COMISIÓN SALAS CUNAS Y JARDINES INFANTILES	,6,27693,2026-03-11
3181-119-AG26,"ADQUISICIÓN DE GITF CARD PARA COMPRA DE DIVERSOS ALIMENTOS PARA SUMINISTRAR AL PROGRAMA ""RESIDENCIA TRANSITORIA"" DESDE COMPRA ÁGIL ID 3181-80-COT26.",6,27693,2026-03-11
3374-22-CM26,CONTRATACIÓN DEL SERVICIO DE RECARGA DE TARJETAS DE ALIMENTACIÓN,6,27693,2026-03-11
3482-18-CM26,Orden de Compra: 3482-18-CM26 ADQUISICIÓN DE UNA TARJETA DE ALIMENTACIÓN PARA LAS DIFERENTES COMISIONES DE SERVICIO DE ESTA UNIDAD REGIMENTARIA. ,12,27693,2026-03-11
3522-9-CM26,Compra de vales de alimentación para ser utilizados según la planificación de la secest del Instituto,4,27693,2026-03-11
3787-9-CM26,CARGA BENEFICIO DE ALIMENTACIÓN MARZO,6,27693,2026-03-11
3970-1-CM26,Orden de Compra: 3970-1-CM26,6,27693,2026-03-11
3970-2-CM26,Orden de Compra: 3970-2-CM26,6,27693,2026-03-11
4100-23-CM26,"ADQUISICIÓN RECARGA DE ALIMENTACIÓN FISCAL MES DE MARZO, PARA LA SECRETARIA GENERAL Y UNIDADES DEPENDIENTES ",6,27693,2026-03-11
4343-79-CM26,Carga de tarjetas Edenred a funcionarios Marzo 2026,6,27693,2026-03-11
4452-192-CC26,CARGA TARJETAS DE ALIMENTACION REEMPLAZO/ ID 80002,6,27693,2026-03-11
618-742-SE25,(ksc) Gran Compra Recarga de tarjetas GC 77876	,12,27693,2026-03-11
619133-1413-CM26,(MAFSCH) RECARGA TARJETAS DE ALIMENTACION MARZO 2026 Orden de Compra: 619133-1413-CM26,4,27693,2026-03-11
620304-7-CM26,Orden de Compra: 620304-7-CM26,6,27693,2026-03-11
621923-6-CM26,Orden de Compra: 621923-6-CM26,12,27693,2026-03-11
707415-30-CM26,Orden de Compra: 707415-30-CM26,6,27693,2026-03-11
758-77-SE26,Administración de Sala Cuna y Jardín Infantil,6,27693,2026-03-11
812261-367-CM26,Orden de Compra: 812261-367-CM26,12,27693,2026-03-11
885-174-SE26,Tarjetas de alimentación 2026,12,27693,2026-03-11
952946-31-CM26,ADQUISICIÓN DE TARJETA DE ALIMENTACIÓN,6,27693,2026-03-11
2013-263-CM26,Orden de Compra: 2013-263-CM26,6,27693,2026-03-11
1079580-30-CM26,"ADQ. DE RACIONES FISCALES PARA LA ZONA DE CARABINEROS ÑUBLE, MES DE FEBRERO AÑO 2026. ",12,27693,2026-03-11
2103-150-CM26,"ALIMENTACION FUNCIONARIOS, MES DE FEBRERO 2026",12,27693,2026-03-11
3482-18-CM26,Orden de Compra: 3482-18-CM26 ADQUISICIÓN DE UNA TARJETA DE ALIMENTACIÓN PARA LAS DIFERENTES COMISIONES DE SERVICIO DE ESTA UNIDAD REGIMENTARIA. ,12,27693,2026-03-11
3970-2-CM26,Orden de Compra: 3970-2-CM26,6,27693,2026-03-11
812261-367-CM26,Orden de Compra: 812261-367-CM26,12,27693,2026-03-11
1951-192-SE26,Recarga de tarjetas alimentación Hospital Carahue,6,27693,2026-03-11
3970-1-CM26,Orden de Compra: 3970-1-CM26,6,27693,2026-03-11
620304-7-CM26,Orden de Compra: 620304-7-CM26,6,27693,2026-03-11
758-77-SE26,Administración de Sala Cuna y Jardín Infantil,6,27693,2026-03-11
1057384-209-CM26,Orden de Compra: 1057384-209-CM26,12,27693,2026-03-11
1057414-39-SE26,CS - CONVENIO DE SERVICIO DE ADMINISTRACIÓN DE SALAS CUNAS PARA FUNCIONARIAS DE LA DIRECCIÓN DEL SERVICIO DE SALUD BIO BÍO AÑO 2026- BDSS193076 - 22.08.008 - (aag),12,27693,2026-03-11
1057422-169-CM26,CM-Recarga Tarjeta Alimentacion Febrero-2201001002-HFCY63.799-HVSM,6,27693,2026-03-11
1380-3397-SE26,RESOL.EXENTA 3859-26 RECARGA TARJETAS ALIMENTACION,6,27693,2026-03-11
2140-190-CM26,"Recarga de tarjetas de alimentación para funcionarios mes de Marzo 2026, Hospital Futaleufu",6,27693,2026-03-11
2423-458-SE26,SALAS CUNAS Y JARDINES INFANTILES,6,27693,2026-03-11
3181-119-AG26,"ADQUISICIÓN DE GITF CARD PARA COMPRA DE DIVERSOS ALIMENTOS PARA SUMINISTRAR AL PROGRAMA ""RESIDENCIA TRANSITORIA"" DESDE COMPRA ÁGIL ID 3181-80-COT26.",6,27693,2026-03-11
618-742-SE25,(ksc) Gran Compra Recarga de tarjetas GC 77876	,12,27693,2026-03-11
4452-192-CC26,CARGA TARJETAS DE ALIMENTACION REEMPLAZO/ ID 80002,6,27693,2026-03-11
1057414-38-SE26,CS -COMISIÓN POR CONVENIO DE SERVICIO DE ADMINISTRACIÓN DE SALAS CUNAS PARA FUNCIONARIAS DE LA DIRECCIÓN DEL SERVICIO DE SALUD BIO BÍO AÑO 2026 - BDSS193076 - 22.08.008 - (aag),12,27693,2026-03-11
1627-229-SE26,ALIMENTACION / FUNCIONARIOS 2026,12,27693,2026-03-11
1079596-30-CM26,ADQUISICION DE RECARGAS DE TARJERTAS ALIMENTACION MES DE MARZO DESTINADAS AL PERSONAL DE LA ZONA DE CARABINEROS DE ARICA Orden de Compra: 1079596-30-CM26,12,27693,2026-03-11
2048-726-SE26,ORDEN DE COMPRA DESDE 2048-6-LQ25 FEBRERO CONTRATA,6,27693,2026-03-11
4343-79-CM26,Carga de tarjetas Edenred a funcionarios Marzo 2026,6,27693,2026-03-11
707415-30-CM26,Orden de Compra: 707415-30-CM26,6,27693,2026-03-11
1661-159-CM26,Orden de Compra: 1661-159-CM26,6,27693,2026-03-11
3787-9-CM26,CARGA BENEFICIO DE ALIMENTACIÓN MARZO,6,27693,2026-03-11
619133-1413-CM26,(MAFSCH) RECARGA TARJETAS DE ALIMENTACION MARZO 2026 Orden de Compra: 619133-1413-CM26,4,27693,2026-03-11
1057531-99-CM26,Carga Tarjetas Alimentación HRN febrero 2026 con Dcto ENERO 2026,12,27693,2026-03-11
1621-82-CM26,Tarjetas de Alimentación,6,27693,2026-03-11
621923-6-CM26,Orden de Compra: 621923-6-CM26,12,27693,2026-03-11
952946-31-CM26,ADQUISICIÓN DE TARJETA DE ALIMENTACIÓN,6,27693,2026-03-11
1199-61-CM26,Orden de Compra: 1199-61-CM26,6,27693,2026-03-11
2423-459-SE26,COMISIÓN SALAS CUNAS Y JARDINES INFANTILES	,6,27693,2026-03-11
1079505-78-CM26,RECARGA DE ALIMENTACIÓN FISCAL MES DE MARZO,12,27693,2026-03-11
1627-240-SE26,ALIMENTACION / FUNCIONARIOS 2026,12,27693,2026-03-11
3374-22-CM26,CONTRATACIÓN DEL SERVICIO DE RECARGA DE TARJETAS DE ALIMENTACIÓN,6,27693,2026-03-11
4100-23-CM26,"ADQUISICIÓN RECARGA DE ALIMENTACIÓN FISCAL MES DE MARZO, PARA LA SECRETARIA GENERAL Y UNIDADES DEPENDIENTES ",6,27693,2026-03-11
3522-9-CM26,Compra de vales de alimentación para ser utilizados según la planificación de la secest del Instituto,4,27693,2026-03-11
885-174-SE26,Tarjetas de alimentación 2026,12,27693,2026-03-11
1057531-99-CM26,Carga Tarjetas Alimentación HRN febrero 2026 con Dcto ENERO 2026,12,27693,2026-03-11
1621-82-CM26,Tarjetas de Alimentación,6,27693,2026-03-11
621923-6-CM26,Orden de Compra: 621923-6-CM26,12,27693,2026-03-11
952946-31-CM26,ADQUISICIÓN DE TARJETA DE ALIMENTACIÓN,6,27693,2026-03-11
3970-1-CM26,Orden de Compra: 3970-1-CM26,6,27693,2026-03-11
620304-7-CM26,Orden de Compra: 620304-7-CM26,6,27693,2026-03-11
758-77-SE26,Administración de Sala Cuna y Jardín Infantil,6,27693,2026-03-11
4452-192-CC26,CARGA TARJETAS DE ALIMENTACION REEMPLAZO/ ID 80002,6,27693,2026-03-11
1951-192-SE26,Recarga de tarjetas alimentación Hospital Carahue,6,27693,2026-03-11
1079596-30-CM26,ADQUISICION DE RECARGAS DE TARJERTAS ALIMENTACION MES DE MARZO DESTINADAS AL PERSONAL DE LA ZONA DE CARABINEROS DE ARICA Orden de Compra: 1079596-30-CM26,12,27693,2026-03-11
2048-726-SE26,ORDEN DE COMPRA DESDE 2048-6-LQ25 FEBRERO CONTRATA,6,27693,2026-03-11
4343-79-CM26,Carga de tarjetas Edenred a funcionarios Marzo 2026,6,27693,2026-03-11
707415-30-CM26,Orden de Compra: 707415-30-CM26,6,27693,2026-03-11
1079505-78-CM26,RECARGA DE ALIMENTACIÓN FISCAL MES DE MARZO,12,27693,2026-03-11
1627-240-SE26,ALIMENTACION / FUNCIONARIOS 2026,12,27693,2026-03-11
2423-458-SE26,SALAS CUNAS Y JARDINES INFANTILES,6,27693,2026-03-11
3181-119-AG26,"ADQUISICIÓN DE GITF CARD PARA COMPRA DE DIVERSOS ALIMENTOS PARA SUMINISTRAR AL PROGRAMA ""RESIDENCIA TRANSITORIA"" DESDE COMPRA ÁGIL ID 3181-80-COT26.",6,27693,2026-03-11
618-742-SE25,(ksc) Gran Compra Recarga de tarjetas GC 77876	,12,27693,2026-03-11
3374-22-CM26,CONTRATACIÓN DEL SERVICIO DE RECARGA DE TARJETAS DE ALIMENTACIÓN,6,27693,2026-03-11
4100-23-CM26,"ADQUISICIÓN RECARGA DE ALIMENTACIÓN FISCAL MES DE MARZO, PARA LA SECRETARIA GENERAL Y UNIDADES DEPENDIENTES ",6,27693,2026-03-11
3522-9-CM26,Compra de vales de alimentación para ser utilizados según la planificación de la secest del Instituto,4,27693,2026-03-11
885-174-SE26,Tarjetas de alimentación 2026,12,27693,2026-03-11
1199-61-CM26,Orden de Compra: 1199-61-CM26,6,27693,2026-03-11
2423-459-SE26,COMISIÓN SALAS CUNAS Y JARDINES INFANTILES	,6,27693,2026-03-11
1057384-209-CM26,Orden de Compra: 1057384-209-CM26,12,27693,2026-03-11
1057414-39-SE26,CS - CONVENIO DE SERVICIO DE ADMINISTRACIÓN DE SALAS CUNAS PARA FUNCIONARIAS DE LA DIRECCIÓN DEL SERVICIO DE SALUD BIO BÍO AÑO 2026- BDSS193076 - 22.08.008 - (aag),12,27693,2026-03-11
1057422-169-CM26,CM-Recarga Tarjeta Alimentacion Febrero-2201001002-HFCY63.799-HVSM,6,27693,2026-03-11
1380-3397-SE26,RESOL.EXENTA 3859-26 RECARGA TARJETAS ALIMENTACION,6,27693,2026-03-11
2140-190-CM26,"Recarga de tarjetas de alimentación para funcionarios mes de Marzo 2026, Hospital Futaleufu",6,27693,2026-03-11
1661-159-CM26,Orden de Compra: 1661-159-CM26,6,27693,2026-03-11
3787-9-CM26,CARGA BENEFICIO DE ALIMENTACIÓN MARZO,6,27693,2026-03-11
619133-1413-CM26,(MAFSCH) RECARGA TARJETAS DE ALIMENTACION MARZO 2026 Orden de Compra: 619133-1413-CM26,4,27693,2026-03-11
1079580-30-CM26,"ADQ. DE RACIONES FISCALES PARA LA ZONA DE CARABINEROS ÑUBLE, MES DE FEBRERO AÑO 2026. ",12,27693,2026-03-11
2103-150-CM26,"ALIMENTACION FUNCIONARIOS, MES DE FEBRERO 2026",12,27693,2026-03-11
3482-18-CM26,Orden de Compra: 3482-18-CM26 ADQUISICIÓN DE UNA TARJETA DE ALIMENTACIÓN PARA LAS DIFERENTES COMISIONES DE SERVICIO DE ESTA UNIDAD REGIMENTARIA. ,12,27693,2026-03-11
3970-2-CM26,Orden de Compra: 3970-2-CM26,6,27693,2026-03-11
812261-367-CM26,Orden de Compra: 812261-367-CM26,12,27693,2026-03-11
1057414-38-SE26,CS -COMISIÓN POR CONVENIO DE SERVICIO DE ADMINISTRACIÓN DE SALAS CUNAS PARA FUNCIONARIAS DE LA DIRECCIÓN DEL SERVICIO DE SALUD BIO BÍO AÑO 2026 - BDSS193076 - 22.08.008 - (aag),12,27693,2026-03-11
1627-229-SE26,ALIMENTACION / FUNCIONARIOS 2026,12,27693,2026-03-11
2013-263-CM26,Orden de Compra: 2013-263-CM26,6,27693,2026-03-11
1350296-321-SE26,"CON/SUMINISTRO DE TARJETAS ELECTRÓNICAS DE ALIMENTACIÓN PARA LOS FUNCIONARIOS DEL HOSPITAL DE ALTO HOSPICIO; MES MARZO 2026; ID N°1350296-26-LR24, FR 2024-867-10",12,27693,2026-03-12
1463-104-CM26,CARGA TARJETAS DE ALIMENTACION MARZO 2026,12,27693,2026-03-12
1079969-43-CM26,BENEFICIO RECARGA TARJETA DE ALIMENTACIÓN MES FEBRERO POR UN VALOR TOTAL DE $ 1.026.000 PARA LA 67º COMISARIA SEGURIDAD PRIVADA,12,27693,2026-03-12
1142-61-CM26,Vestuario Alta Montaña - Complejo Fronterizo Pehuenche,12,27693,2026-03-12
1143-24-CM26,VESTUARIO DPR BIOBIO,4,27693,2026-03-12
1350296-321-SE26,"CON/SUMINISTRO DE TARJETAS ELECTRÓNICAS DE ALIMENTACIÓN PARA LOS FUNCIONARIOS DEL HOSPITAL DE ALTO HOSPICIO; MES MARZO 2026; ID N°1350296-26-LR24, FR 2024-867-10",12,27693,2026-03-12
1463-104-CM26,CARGA TARJETAS DE ALIMENTACION MARZO 2026,12,27693,2026-03-12
507428-214-CM26,Orden de Compra: 507428-214-CM26,12,27693,2026-03-12
1079969-43-CM26,BENEFICIO RECARGA TARJETA DE ALIMENTACIÓN MES FEBRERO POR UN VALOR TOTAL DE $ 1.026.000 PARA LA 67º COMISARIA SEGURIDAD PRIVADA,12,27693,2026-03-12
1079969-46-CM26,BENEFICIO RECARGA TARJETA DE ALIMENTACIÓN MES FEBRERO POR UN VALOR TOTAL DE $396.000 PARA PREFECTURA SEGURIDAD PRIVADA OS.10,4,27693,2026-03-12
1079969-47-CM26,BENEFICIO RECARGA TARJETA DE ALIMENTACIÓN MES FEBRERO POR UN VALOR TOTAL DE $570.000 PARA  LA PREFECTURA CONTROL DE ARMAS Y EXPLOSIVOS OS.11,4,27693,2026-03-12
1079969-48-CM26,BENEFICIO RECARGA TARJETA DE ALIMENTACIÓN MES FEBRERO POR UN VALOR TOTAL DE $1.322.999 PARA LA 68º COMISARIA CONTROL DE ARMAS Y EXPLOSIVOS,4,27693,2026-03-12
1142-61-CM26,Vestuario Alta Montaña - Complejo Fronterizo Pehuenche,12,27693,2026-03-12
1143-24-CM26,VESTUARIO DPR BIOBIO,4,27693,2026-03-12
1350296-321-SE26,"CON/SUMINISTRO DE TARJETAS ELECTRÓNICAS DE ALIMENTACIÓN PARA LOS FUNCIONARIOS DEL HOSPITAL DE ALTO HOSPICIO; MES MARZO 2026; ID N°1350296-26-LR24, FR 2024-867-10",12,27693,2026-03-12
1463-104-CM26,CARGA TARJETAS DE ALIMENTACION MARZO 2026,12,27693,2026-03-12
507428-214-CM26,Orden de Compra: 507428-214-CM26,12,27693,2026-03-12
1079969-41-CM26,BENEFICIO RECARGA TARJETA DE ALIMENTACIÓN MES FEBRERO POR UN VALOR TOTAL DE $ 312.000 PARA EL DEPARTAMENTO DE EVENTOS MASIVOS Y FUTBOL PROFESIONAL OS.13,12,27693,2026-03-12
1079969-43-CM26,BENEFICIO RECARGA TARJETA DE ALIMENTACIÓN MES FEBRERO POR UN VALOR TOTAL DE $ 1.026.000 PARA LA 67º COMISARIA SEGURIDAD PRIVADA,12,27693,2026-03-12
1079969-46-CM26,BENEFICIO RECARGA TARJETA DE ALIMENTACIÓN MES FEBRERO POR UN VALOR TOTAL DE $396.000 PARA PREFECTURA SEGURIDAD PRIVADA OS.10,4,27693,2026-03-12
1079969-47-CM26,BENEFICIO RECARGA TARJETA DE ALIMENTACIÓN MES FEBRERO POR UN VALOR TOTAL DE $570.000 PARA  LA PREFECTURA CONTROL DE ARMAS Y EXPLOSIVOS OS.11,4,27693,2026-03-12
1079969-48-CM26,BENEFICIO RECARGA TARJETA DE ALIMENTACIÓN MES FEBRERO POR UN VALOR TOTAL DE $1.322.999 PARA LA 68º COMISARIA CONTROL DE ARMAS Y EXPLOSIVOS,4,27693,2026-03-12
1080089-174-SE26,Alimentación suplentes DSSM Mar. 26 (1080089-22-LR,4,27693,2026-03-12
1142-61-CM26,Vestuario Alta Montaña - Complejo Fronterizo Pehuenche,12,27693,2026-03-12
1143-24-CM26,VESTUARIO DPR BIOBIO,4,27693,2026-03-12
1350296-321-SE26,"CON/SUMINISTRO DE TARJETAS ELECTRÓNICAS DE ALIMENTACIÓN PARA LOS FUNCIONARIOS DEL HOSPITAL DE ALTO HOSPICIO; MES MARZO 2026; ID N°1350296-26-LR24, FR 2024-867-10",12,27693,2026-03-12
1463-104-CM26,CARGA TARJETAS DE ALIMENTACION MARZO 2026,12,27693,2026-03-12
1951-192-SE26,Recarga de tarjetas alimentación Hospital Carahue,12,27693,2026-03-12
2102-105-CM26,Orden de Compra: 2102-105-CM26,12,27693,2026-03-12
4968-388-CM26,(HUB) TARJETAS DE ALIMENTACION HPMM,4,27693,2026-03-12
4968-389-CM26,(HUB) TARJETAS ALIMENTACION HQPE,4,27693,2026-03-12
507428-214-CM26,Orden de Compra: 507428-214-CM26,12,27693,2026-03-12
1079969-41-CM26,BENEFICIO RECARGA TARJETA DE ALIMENTACIÓN MES FEBRERO POR UN VALOR TOTAL DE $ 312.000 PARA EL DEPARTAMENTO DE EVENTOS MASIVOS Y FUTBOL PROFESIONAL OS.13,12,27693,2026-03-12
1079969-43-CM26,BENEFICIO RECARGA TARJETA DE ALIMENTACIÓN MES FEBRERO POR UN VALOR TOTAL DE $ 1.026.000 PARA LA 67º COMISARIA SEGURIDAD PRIVADA,12,27693,2026-03-12
1079969-46-CM26,BENEFICIO RECARGA TARJETA DE ALIMENTACIÓN MES FEBRERO POR UN VALOR TOTAL DE $396.000 PARA PREFECTURA SEGURIDAD PRIVADA OS.10,4,27693,2026-03-12
1079969-47-CM26,BENEFICIO RECARGA TARJETA DE ALIMENTACIÓN MES FEBRERO POR UN VALOR TOTAL DE $570.000 PARA  LA PREFECTURA CONTROL DE ARMAS Y EXPLOSIVOS OS.11,4,27693,2026-03-12
1079969-48-CM26,BENEFICIO RECARGA TARJETA DE ALIMENTACIÓN MES FEBRERO POR UN VALOR TOTAL DE $1.322.999 PARA LA 68º COMISARIA CONTROL DE ARMAS Y EXPLOSIVOS,4,27693,2026-03-12
1080089-174-SE26,Alimentación suplentes DSSM Mar. 26 (1080089-22-LR,4,27693,2026-03-12
1142-61-CM26,Vestuario Alta Montaña - Complejo Fronterizo Pehuenche,12,27693,2026-03-12
1143-24-CM26,VESTUARIO DPR BIOBIO,4,27693,2026-03-12
1175-237-SE26,"CDP. N* 849.24, TARJETAS ALIMENTACION FUNCIONARIOS",4,27693,2026-03-12
1350296-321-SE26,"CON/SUMINISTRO DE TARJETAS ELECTRÓNICAS DE ALIMENTACIÓN PARA LOS FUNCIONARIOS DEL HOSPITAL DE ALTO HOSPICIO; MES MARZO 2026; ID N°1350296-26-LR24, FR 2024-867-10",12,27693,2026-03-12
1463-104-CM26,CARGA TARJETAS DE ALIMENTACION MARZO 2026,12,27693,2026-03-12
1509-100-CM26,ALIMENTACION FUNCIONARIOS MES DE MARZO,4,27693,2026-03-12
1951-192-SE26,Recarga de tarjetas alimentación Hospital Carahue,12,27693,2026-03-12
2102-105-CM26,Orden de Compra: 2102-105-CM26,12,27693,2026-03-12
3326-108-CM26,ADQUISICIÓN DE CARGAS DE TARJETA DE ALIMENTACIÓN PARA EL DEPARTAMENTO DE FINANZAS DILOCAR,4,27693,2026-03-12
3431-32-CM26,"Adquisición de recarga de tarjeta de alimentación para el normal funcionamiento de la comisión casino militar centralizado, Orden de Compra: 3431-32-CM26 (Fond. Inter).",4,27693,2026-03-12
4968-388-CM26,(HUB) TARJETAS DE ALIMENTACION HPMM,4,27693,2026-03-12
4968-389-CM26,(HUB) TARJETAS ALIMENTACION HQPE,4,27693,2026-03-12
507428-214-CM26,Orden de Compra: 507428-214-CM26,12,27693,2026-03-12
1057389-1374-CM26,Recarga tarjeta alimentación febrero,12,27693,2026-03-12
1057415-2819-CM26,CM-BENEFICIO DE ALIMENTACION FEBRERO-REQ.1.22.01.001.002-HFCN 45391 - (ecm),12,27693,2026-03-12
1075337-7202-CM26,rvv Compra Recarga tarjetas Alimentación funcionarios médicos ,12,27693,2026-03-12
1075337-7209-CM26,rvv Compra Recarga tarjetas Alimentación funcionarios contratos cortos Enero 2026,12,27693,2026-03-12
1079969-41-CM26,BENEFICIO RECARGA TARJETA DE ALIMENTACIÓN MES FEBRERO POR UN VALOR TOTAL DE $ 312.000 PARA EL DEPARTAMENTO DE EVENTOS MASIVOS Y FUTBOL PROFESIONAL OS.13,12,27693,2026-03-12
1079969-43-CM26,BENEFICIO RECARGA TARJETA DE ALIMENTACIÓN MES FEBRERO POR UN VALOR TOTAL DE $ 1.026.000 PARA LA 67º COMISARIA SEGURIDAD PRIVADA,12,27693,2026-03-12
1079969-46-CM26,BENEFICIO RECARGA TARJETA DE ALIMENTACIÓN MES FEBRERO POR UN VALOR TOTAL DE $396.000 PARA PREFECTURA SEGURIDAD PRIVADA OS.10,4,27693,2026-03-12
1079969-47-CM26,BENEFICIO RECARGA TARJETA DE ALIMENTACIÓN MES FEBRERO POR UN VALOR TOTAL DE $570.000 PARA  LA PREFECTURA CONTROL DE ARMAS Y EXPLOSIVOS OS.11,4,27693,2026-03-12
1079969-48-CM26,BENEFICIO RECARGA TARJETA DE ALIMENTACIÓN MES FEBRERO POR UN VALOR TOTAL DE $1.322.999 PARA LA 68º COMISARIA CONTROL DE ARMAS Y EXPLOSIVOS,4,27693,2026-03-12
1080089-174-SE26,Alimentación suplentes DSSM Mar. 26 (1080089-22-LR,4,27693,2026-03-12
1142-61-CM26,Vestuario Alta Montaña - Complejo Fronterizo Pehuenche,12,27693,2026-03-12
1143-24-CM26,VESTUARIO DPR BIOBIO,4,27693,2026-03-12
1175-237-SE26,"CDP. N* 849.24, TARJETAS ALIMENTACION FUNCIONARIOS",4,27693,2026-03-12
1350296-321-SE26,"CON/SUMINISTRO DE TARJETAS ELECTRÓNICAS DE ALIMENTACIÓN PARA LOS FUNCIONARIOS DEL HOSPITAL DE ALTO HOSPICIO; MES MARZO 2026; ID N°1350296-26-LR24, FR 2024-867-10",12,27693,2026-03-12
1463-104-CM26,CARGA TARJETAS DE ALIMENTACION MARZO 2026,12,27693,2026-03-12
1509-100-CM26,ALIMENTACION FUNCIONARIOS MES DE MARZO,4,27693,2026-03-12
1951-192-SE26,Recarga de tarjetas alimentación Hospital Carahue,12,27693,2026-03-12
2102-105-CM26,Orden de Compra: 2102-105-CM26,12,27693,2026-03-12
2512-5-CM26,RECARGA TARJETA  ALIMENTACION R.N. EL YALI,4,27693,2026-03-12
2512-6-CM26,ALIMENTACION GUARDAPARQUES S.N. LAGUNA EL PERAL,4,27693,2026-03-12
3326-108-CM26,ADQUISICIÓN DE CARGAS DE TARJETA DE ALIMENTACIÓN PARA EL DEPARTAMENTO DE FINANZAS DILOCAR,4,27693,2026-03-12
3431-32-CM26,"Adquisición de recarga de tarjeta de alimentación para el normal funcionamiento de la comisión casino militar centralizado, Orden de Compra: 3431-32-CM26 (Fond. Inter).",4,27693,2026-03-12
4343-79-CM26,Carga de tarjetas Edenred a funcionarios Marzo 2026,12,27693,2026-03-12
4968-388-CM26,(HUB) TARJETAS DE ALIMENTACION HPMM,4,27693,2026-03-12
4968-389-CM26,(HUB) TARJETAS ALIMENTACION HQPE,4,27693,2026-03-12
507428-214-CM26,Orden de Compra: 507428-214-CM26,12,27693,2026-03-12
1057389-1374-CM26,Recarga tarjeta alimentación febrero,12,27693,2026-03-12
1057415-2819-CM26,CM-BENEFICIO DE ALIMENTACION FEBRERO-REQ.1.22.01.001.002-HFCN 45391 - (ecm),12,27693,2026-03-12
1057480-579-CM26,Orden de Compra: 1057480-579-CM26,12,27693,2026-03-12
1075337-7202-CM26,rvv Compra Recarga tarjetas Alimentación funcionarios médicos ,12,27693,2026-03-12
1075337-7209-CM26,rvv Compra Recarga tarjetas Alimentación funcionarios contratos cortos Enero 2026,12,27693,2026-03-12
1079969-41-CM26,BENEFICIO RECARGA TARJETA DE ALIMENTACIÓN MES FEBRERO POR UN VALOR TOTAL DE $ 312.000 PARA EL DEPARTAMENTO DE EVENTOS MASIVOS Y FUTBOL PROFESIONAL OS.13,12,27693,2026-03-12
1079969-43-CM26,BENEFICIO RECARGA TARJETA DE ALIMENTACIÓN MES FEBRERO POR UN VALOR TOTAL DE $ 1.026.000 PARA LA 67º COMISARIA SEGURIDAD PRIVADA,12,27693,2026-03-12
1079969-46-CM26,BENEFICIO RECARGA TARJETA DE ALIMENTACIÓN MES FEBRERO POR UN VALOR TOTAL DE $396.000 PARA PREFECTURA SEGURIDAD PRIVADA OS.10,4,27693,2026-03-12
1079969-47-CM26,BENEFICIO RECARGA TARJETA DE ALIMENTACIÓN MES FEBRERO POR UN VALOR TOTAL DE $570.000 PARA  LA PREFECTURA CONTROL DE ARMAS Y EXPLOSIVOS OS.11,6,27693,2026-03-12
1079969-48-CM26,BENEFICIO RECARGA TARJETA DE ALIMENTACIÓN MES FEBRERO POR UN VALOR TOTAL DE $1.322.999 PARA LA 68º COMISARIA CONTROL DE ARMAS Y EXPLOSIVOS,6,27693,2026-03-12
1080089-174-SE26,Alimentación suplentes DSSM Mar. 26 (1080089-22-LR,4,27693,2026-03-12
1142-61-CM26,Vestuario Alta Montaña - Complejo Fronterizo Pehuenche,12,27693,2026-03-12
1143-24-CM26,VESTUARIO DPR BIOBIO,4,27693,2026-03-12
1175-237-SE26,"CDP. N* 849.24, TARJETAS ALIMENTACION FUNCIONARIOS",4,27693,2026-03-12
1350296-321-SE26,"CON/SUMINISTRO DE TARJETAS ELECTRÓNICAS DE ALIMENTACIÓN PARA LOS FUNCIONARIOS DEL HOSPITAL DE ALTO HOSPICIO; MES MARZO 2026; ID N°1350296-26-LR24, FR 2024-867-10",12,27693,2026-03-12
1463-104-CM26,CARGA TARJETAS DE ALIMENTACION MARZO 2026,12,27693,2026-03-12
1509-100-CM26,ALIMENTACION FUNCIONARIOS MES DE MARZO,6,27693,2026-03-12
1951-192-SE26,Recarga de tarjetas alimentación Hospital Carahue,12,27693,2026-03-12
2067-135-SE26,RECARGA TARJETAS MES DE FEBRERO,4,27693,2026-03-12
2102-105-CM26,Orden de Compra: 2102-105-CM26,12,27693,2026-03-12
2512-5-CM26,RECARGA TARJETA  ALIMENTACION R.N. EL YALI,4,27693,2026-03-12
2512-6-CM26,ALIMENTACION GUARDAPARQUES S.N. LAGUNA EL PERAL,4,27693,2026-03-12
3326-108-CM26,ADQUISICIÓN DE CARGAS DE TARJETA DE ALIMENTACIÓN PARA EL DEPARTAMENTO DE FINANZAS DILOCAR,6,27693,2026-03-12
4343-79-CM26,Carga de tarjetas Edenred a funcionarios Marzo 2026,12,27693,2026-03-12
4968-388-CM26,(HUB) TARJETAS DE ALIMENTACION HPMM,6,27693,2026-03-12
4968-389-CM26,(HUB) TARJETAS ALIMENTACION HQPE,6,27693,2026-03-12
507428-214-CM26,Orden de Compra: 507428-214-CM26,12,27693,2026-03-12
5657-36-TD26,Orden de Compra generada por Trato Directo ID 5657-7-FTD26,4,27693,2026-03-12
619133-1413-CM26,(MAFSCH) RECARGA TARJETAS DE ALIMENTACION MARZO 2026 Orden de Compra: 619133-1413-CM26,6,27693,2026-03-12
1057389-1374-CM26,Recarga tarjeta alimentación febrero,12,27693,2026-03-12
1057415-2819-CM26,CM-BENEFICIO DE ALIMENTACION FEBRERO-REQ.1.22.01.001.002-HFCN 45391 - (ecm),12,27693,2026-03-12
1057480-579-CM26,Orden de Compra: 1057480-579-CM26,12,27693,2026-03-12
1075337-7202-CM26,rvv Compra Recarga tarjetas Alimentación funcionarios médicos ,12,27693,2026-03-12
1075337-7209-CM26,rvv Compra Recarga tarjetas Alimentación funcionarios contratos cortos Enero 2026,12,27693,2026-03-12
1079689-89-CM26,ADQUISICION DE ALIMENTACION FISCAL MES DE FEBRERO 2026,4,27693,2026-03-12
1079969-41-CM26,BENEFICIO RECARGA TARJETA DE ALIMENTACIÓN MES FEBRERO POR UN VALOR TOTAL DE $ 312.000 PARA EL DEPARTAMENTO DE EVENTOS MASIVOS Y FUTBOL PROFESIONAL OS.13,12,27693,2026-03-12
1079969-43-CM26,BENEFICIO RECARGA TARJETA DE ALIMENTACIÓN MES FEBRERO POR UN VALOR TOTAL DE $ 1.026.000 PARA LA 67º COMISARIA SEGURIDAD PRIVADA,12,27693,2026-03-12
1079969-46-CM26,BENEFICIO RECARGA TARJETA DE ALIMENTACIÓN MES FEBRERO POR UN VALOR TOTAL DE $396.000 PARA PREFECTURA SEGURIDAD PRIVADA OS.10,6,27693,2026-03-12
1079969-47-CM26,BENEFICIO RECARGA TARJETA DE ALIMENTACIÓN MES FEBRERO POR UN VALOR TOTAL DE $570.000 PARA  LA PREFECTURA CONTROL DE ARMAS Y EXPLOSIVOS OS.11,6,27693,2026-03-12
1079969-48-CM26,BENEFICIO RECARGA TARJETA DE ALIMENTACIÓN MES FEBRERO POR UN VALOR TOTAL DE $1.322.999 PARA LA 68º COMISARIA CONTROL DE ARMAS Y EXPLOSIVOS,6,27693,2026-03-12
1080089-174-SE26,Alimentación suplentes DSSM Mar. 26 (1080089-22-LR,6,27693,2026-03-12
1142-61-CM26,Vestuario Alta Montaña - Complejo Fronterizo Pehuenche,12,27693,2026-03-12
1143-24-CM26,VESTUARIO DPR BIOBIO,6,27693,2026-03-12
1175-237-SE26,"CDP. N* 849.24, TARJETAS ALIMENTACION FUNCIONARIOS",6,27693,2026-03-12
1350296-321-SE26,"CON/SUMINISTRO DE TARJETAS ELECTRÓNICAS DE ALIMENTACIÓN PARA LOS FUNCIONARIOS DEL HOSPITAL DE ALTO HOSPICIO; MES MARZO 2026; ID N°1350296-26-LR24, FR 2024-867-10",12,27693,2026-03-12
1463-104-CM26,CARGA TARJETAS DE ALIMENTACION MARZO 2026,12,27693,2026-03-12
1509-100-CM26,ALIMENTACION FUNCIONARIOS MES DE MARZO,6,27693,2026-03-12
1951-192-SE26,Recarga de tarjetas alimentación Hospital Carahue,12,27693,2026-03-12
2067-135-SE26,RECARGA TARJETAS MES DE FEBRERO,4,27693,2026-03-12
2102-105-CM26,Orden de Compra: 2102-105-CM26,12,27693,2026-03-12
2512-5-CM26,RECARGA TARJETA  ALIMENTACION R.N. EL YALI,6,27693,2026-03-12
2512-6-CM26,ALIMENTACION GUARDAPARQUES S.N. LAGUNA EL PERAL,4,27693,2026-03-12
3326-108-CM26,ADQUISICIÓN DE CARGAS DE TARJETA DE ALIMENTACIÓN PARA EL DEPARTAMENTO DE FINANZAS DILOCAR,6,27693,2026-03-12
3387-24-CM26,Adquisición de tarjeta de alimentación para selección del contingente 2026,4,27693,2026-03-12
3522-9-CM26,Compra de vales de alimentación para ser utilizados según la planificación de la secest del Instituto,6,27693,2026-03-12
3544-41-CM26,RECARGA DE ALIMENTACIÓN (CAS DE SOF),4,27693,2026-03-12
4343-79-CM26,Carga de tarjetas Edenred a funcionarios Marzo 2026,12,27693,2026-03-12
4968-388-CM26,(HUB) TARJETAS DE ALIMENTACION HPMM,6,27693,2026-03-12
4968-389-CM26,(HUB) TARJETAS ALIMENTACION HQPE,6,27693,2026-03-12
507428-214-CM26,Orden de Compra: 507428-214-CM26,12,27693,2026-03-12
5657-36-TD26,Orden de Compra generada por Trato Directo ID 5657-7-FTD26,4,27693,2026-03-12
619133-1413-CM26,(MAFSCH) RECARGA TARJETAS DE ALIMENTACION MARZO 2026 Orden de Compra: 619133-1413-CM26,6,27693,2026-03-12
1057389-1374-CM26,Recarga tarjeta alimentación febrero,12,27693,2026-03-12
1057415-2819-CM26,CM-BENEFICIO DE ALIMENTACION FEBRERO-REQ.1.22.01.001.002-HFCN 45391 - (ecm),12,27693,2026-03-12
1057480-579-CM26,Orden de Compra: 1057480-579-CM26,12,27693,2026-03-12
1075337-7202-CM26,rvv Compra Recarga tarjetas Alimentación funcionarios médicos ,12,27693,2026-03-12
1075337-7209-CM26,rvv Compra Recarga tarjetas Alimentación funcionarios contratos cortos Enero 2026,12,27693,2026-03-12
1079689-89-CM26,ADQUISICION DE ALIMENTACION FISCAL MES DE FEBRERO 2026,4,27693,2026-03-12
1079969-41-CM26,BENEFICIO RECARGA TARJETA DE ALIMENTACIÓN MES FEBRERO POR UN VALOR TOTAL DE $ 312.000 PARA EL DEPARTAMENTO DE EVENTOS MASIVOS Y FUTBOL PROFESIONAL OS.13,12,27693,2026-03-12
1079969-43-CM26,BENEFICIO RECARGA TARJETA DE ALIMENTACIÓN MES FEBRERO POR UN VALOR TOTAL DE $ 1.026.000 PARA LA 67º COMISARIA SEGURIDAD PRIVADA,12,27693,2026-03-12
1079969-46-CM26,BENEFICIO RECARGA TARJETA DE ALIMENTACIÓN MES FEBRERO POR UN VALOR TOTAL DE $396.000 PARA PREFECTURA SEGURIDAD PRIVADA OS.10,6,27693,2026-03-12
1079969-47-CM26,BENEFICIO RECARGA TARJETA DE ALIMENTACIÓN MES FEBRERO POR UN VALOR TOTAL DE $570.000 PARA  LA PREFECTURA CONTROL DE ARMAS Y EXPLOSIVOS OS.11,6,27693,2026-03-12
1079969-48-CM26,BENEFICIO RECARGA TARJETA DE ALIMENTACIÓN MES FEBRERO POR UN VALOR TOTAL DE $1.322.999 PARA LA 68º COMISARIA CONTROL DE ARMAS Y EXPLOSIVOS,6,27693,2026-03-12
1080089-174-SE26,Alimentación suplentes DSSM Mar. 26 (1080089-22-LR,6,27693,2026-03-12
1142-61-CM26,Vestuario Alta Montaña - Complejo Fronterizo Pehuenche,12,27693,2026-03-12
1143-24-CM26,VESTUARIO DPR BIOBIO,6,27693,2026-03-12
1175-237-SE26,"CDP. N* 849.24, TARJETAS ALIMENTACION FUNCIONARIOS",6,27693,2026-03-12
1350296-321-SE26,"CON/SUMINISTRO DE TARJETAS ELECTRÓNICAS DE ALIMENTACIÓN PARA LOS FUNCIONARIOS DEL HOSPITAL DE ALTO HOSPICIO; MES MARZO 2026; ID N°1350296-26-LR24, FR 2024-867-10",12,27693,2026-03-12
1463-104-CM26,CARGA TARJETAS DE ALIMENTACION MARZO 2026,12,27693,2026-03-12
1509-100-CM26,ALIMENTACION FUNCIONARIOS MES DE MARZO,6,27693,2026-03-12
1558-96-CM26,Orden de Compra: 1558-96-CM26,4,27693,2026-03-12
1951-192-SE26,Recarga de tarjetas alimentación Hospital Carahue,12,27693,2026-03-12
2067-135-SE26,RECARGA TARJETAS MES DE FEBRERO,4,27693,2026-03-12
2102-105-CM26,Orden de Compra: 2102-105-CM26,12,27693,2026-03-12
2512-5-CM26,RECARGA TARJETA  ALIMENTACION R.N. EL YALI,6,27693,2026-03-12
2512-6-CM26,ALIMENTACION GUARDAPARQUES S.N. LAGUNA EL PERAL,4,27693,2026-03-12
3326-108-CM26,ADQUISICIÓN DE CARGAS DE TARJETA DE ALIMENTACIÓN PARA EL DEPARTAMENTO DE FINANZAS DILOCAR,6,27693,2026-03-12
3387-24-CM26,Adquisición de tarjeta de alimentación para selección del contingente 2026,4,27693,2026-03-12
3522-9-CM26,Compra de vales de alimentación para ser utilizados según la planificación de la secest del Instituto,6,27693,2026-03-12
3544-41-CM26,RECARGA DE ALIMENTACIÓN (CAS DE SOF),4,27693,2026-03-12
4343-79-CM26,Carga de tarjetas Edenred a funcionarios Marzo 2026,12,27693,2026-03-12
4968-388-CM26,(HUB) TARJETAS DE ALIMENTACION HPMM,6,27693,2026-03-12
4968-389-CM26,(HUB) TARJETAS ALIMENTACION HQPE,6,27693,2026-03-12
507428-214-CM26,Orden de Compra: 507428-214-CM26,12,27693,2026-03-12
5657-36-TD26,Orden de Compra generada por Trato Directo ID 5657-7-FTD26,4,27693,2026-03-12
619133-1413-CM26,(MAFSCH) RECARGA TARJETAS DE ALIMENTACION MARZO 2026 Orden de Compra: 619133-1413-CM26,6,27693,2026-03-12
895072-211-SE25,Servicio de administración beneficio sala cuna 2026 2027,12,27693,2026-03-12
1463-104-CM26,CARGA TARJETAS DE ALIMENTACION MARZO 2026,12,27693,2026-03-12
1075337-7209-CM26,rvv Compra Recarga tarjetas Alimentación funcionarios contratos cortos Enero 2026,12,27693,2026-03-12
1079969-46-CM26,BENEFICIO RECARGA TARJETA DE ALIMENTACIÓN MES FEBRERO POR UN VALOR TOTAL DE $396.000 PARA PREFECTURA SEGURIDAD PRIVADA OS.10,6,27693,2026-03-12
1350296-321-SE26,"CON/SUMINISTRO DE TARJETAS ELECTRÓNICAS DE ALIMENTACIÓN PARA LOS FUNCIONARIOS DEL HOSPITAL DE ALTO HOSPICIO; MES MARZO 2026; ID N°1350296-26-LR24, FR 2024-867-10",12,27693,2026-03-12
4968-389-CM26,(HUB) TARJETAS ALIMENTACION HQPE,6,27693,2026-03-12
1079969-48-CM26,BENEFICIO RECARGA TARJETA DE ALIMENTACIÓN MES FEBRERO POR UN VALOR TOTAL DE $1.322.999 PARA LA 68º COMISARIA CONTROL DE ARMAS Y EXPLOSIVOS,6,27693,2026-03-12
1075337-7202-CM26,rvv Compra Recarga tarjetas Alimentación funcionarios médicos ,12,27693,2026-03-12
2067-135-SE26,RECARGA TARJETAS MES DE FEBRERO,4,27693,2026-03-12
3544-41-CM26,RECARGA DE ALIMENTACIÓN (CAS DE SOF),4,27693,2026-03-12
3387-24-CM26,Adquisición de tarjeta de alimentación para selección del contingente 2026,4,27693,2026-03-12
895072-211-SE25,Servicio de administración beneficio sala cuna 2026 2027,12,27693,2026-03-12
1142-61-CM26,Vestuario Alta Montaña - Complejo Fronterizo Pehuenche,12,27693,2026-03-12
1509-100-CM26,ALIMENTACION FUNCIONARIOS MES DE MARZO,6,27693,2026-03-12
3522-9-CM26,Compra de vales de alimentación para ser utilizados según la planificación de la secest del Instituto,6,27693,2026-03-12
4343-79-CM26,Carga de tarjetas Edenred a funcionarios Marzo 2026,12,27693,2026-03-12
1057389-1374-CM26,Recarga tarjeta alimentación febrero,12,27693,2026-03-12
1057480-579-CM26,Orden de Compra: 1057480-579-CM26,12,27693,2026-03-12
1175-237-SE26,"CDP. N* 849.24, TARJETAS ALIMENTACION FUNCIONARIOS",6,27693,2026-03-12
1079969-43-CM26,BENEFICIO RECARGA TARJETA DE ALIMENTACIÓN MES FEBRERO POR UN VALOR TOTAL DE $ 1.026.000 PARA LA 67º COMISARIA SEGURIDAD PRIVADA,12,27693,2026-03-12
1079969-47-CM26,BENEFICIO RECARGA TARJETA DE ALIMENTACIÓN MES FEBRERO POR UN VALOR TOTAL DE $570.000 PARA  LA PREFECTURA CONTROL DE ARMAS Y EXPLOSIVOS OS.11,6,27693,2026-03-12
2512-6-CM26,ALIMENTACION GUARDAPARQUES S.N. LAGUNA EL PERAL,4,27693,2026-03-12
3326-108-CM26,ADQUISICIÓN DE CARGAS DE TARJETA DE ALIMENTACIÓN PARA EL DEPARTAMENTO DE FINANZAS DILOCAR,6,27693,2026-03-12
1057415-2819-CM26,CM-BENEFICIO DE ALIMENTACION FEBRERO-REQ.1.22.01.001.002-HFCN 45391 - (ecm),12,27693,2026-03-12
1080089-174-SE26,Alimentación suplentes DSSM Mar. 26 (1080089-22-LR,6,27693,2026-03-12
1079689-89-CM26,ADQUISICION DE ALIMENTACION FISCAL MES DE FEBRERO 2026,4,27693,2026-03-12
2512-5-CM26,RECARGA TARJETA  ALIMENTACION R.N. EL YALI,6,27693,2026-03-12
4968-388-CM26,(HUB) TARJETAS DE ALIMENTACION HPMM,6,27693,2026-03-12
507428-214-CM26,Orden de Compra: 507428-214-CM26,12,27693,2026-03-12
5657-36-TD26,Orden de Compra generada por Trato Directo ID 5657-7-FTD26,4,27693,2026-03-12
1558-96-CM26,Orden de Compra: 1558-96-CM26,4,27693,2026-03-12
619133-1413-CM26,(MAFSCH) RECARGA TARJETAS DE ALIMENTACION MARZO 2026 Orden de Compra: 619133-1413-CM26,6,27693,2026-03-12
1079969-41-CM26,BENEFICIO RECARGA TARJETA DE ALIMENTACIÓN MES FEBRERO POR UN VALOR TOTAL DE $ 312.000 PARA EL DEPARTAMENTO DE EVENTOS MASIVOS Y FUTBOL PROFESIONAL OS.13,12,27693,2026-03-12
1951-192-SE26,Recarga de tarjetas alimentación Hospital Carahue,12,27693,2026-03-12
1143-24-CM26,VESTUARIO DPR BIOBIO,6,27693,2026-03-12
2102-105-CM26,Orden de Compra: 2102-105-CM26,12,27693,2026-03-12
